step,type,amount,nameOrig,oldbalanceOrg,newbalanceOrig,nameDest,oldbalanceDest,newbalanceDest,isFraud,isFlaggedFraud
7,PAYMENT,30480.84,C1000000,344056.94,313576.1,M2000000,718360.22,748841.06,0,0
20,CASH_OUT,26150.57,C1000001,10581.91,10581.91,C3000001,348546.65,374697.22,0,0
29,PAYMENT,69190.84,C1000002,168352.83,99161.99,M2000002,587383.6,656574.44,0,0
15,DEBIT,161559.7,C1000003,72237.85,72237.85,C3000003,310761.7,472321.4,0,0
11,CASH_IN,49345.01,C1000004,116486.11,67141.1,C3000004,999149.57,1048494.58,0,0
8,CASH_IN,12744.36,C1000005,452744.74,440000.38,C3000005,748839.19,761583.55,0,0
29,CASH_IN,26428.74,C1000006,18446.64,18446.64,C3000006,614381.64,640810.38,0,0
21,TRANSFER,171763.12,C1000007,109900.36,109900.36,C3000007,423259.14,595022.26,1,0
7,PAYMENT,126793.28,C1000008,154784.68,27991.4,M2000008,618152.29,744945.57,0,0
26,DEBIT,50714.91,C1000009,308442.04,257727.13,C3000009,341616.06,392330.97,0,0
19,TRANSFER,111103.64,C1000010,267050.85,155947.21,C3000010,28864.84,139968.48,0,0
23,CASH_OUT,105563.17,C1000011,109134.74,3571.57,C3000011,395088.52,500651.69,0,0
11,DEBIT,131121.65,C1000012,82120.53,82120.53,C3000012,930480.82,1061602.47,0,0
11,DEBIT,46714.19,C1000013,118399.02,71684.83,C3000013,626301.09,673015.28,0,0
24,DEBIT,172894.16,C1000014,251264.81,78370.65,C3000014,83955.7,256849.86,0,0
21,CASH_IN,61942.78,C1000015,135588.89,73646.11,C3000015,884993.61,946936.39,0,0
4,DEBIT,138856.92,C1000016,473801.25,334944.33,C3000016,268874.85,407731.77,0,0
8,PAYMENT,3323.32,C1000017,231932.61,228609.29,M2000017,243769.49,247092.81,0,0
24,DEBIT,74594.16,C1000018,29398.01,29398.01,C3000018,297090.97,371685.13,0,0
3,CASH_IN,70406.79,C1000019,364633.2,294226.41,C3000019,577202.24,647609.03,0,0
22,DEBIT,108742.54,C1000020,164422.64,55680.1,C3000020,544688.09,653430.63,0,0
21,CASH_OUT,14639.98,C1000021,326744.47,312104.49,C3000021,491413.75,506053.73,0,0
2,CASH_OUT,158047.26,C1000022,139797.19,139797.19,C3000022,717536.86,875584.12,1,0
24,CASH_IN,43634.38,C1000023,285371.87,241737.49,C3000023,316537.73,360172.11,0,0
12,PAYMENT,135439.86,C1000024,386076.25,250636.39,M2000024,782064.52,917504.38,0,0
30,PAYMENT,160662.1,C1000025,464004.37,303342.27,M2000025,175321.68,335983.78,0,0
6,TRANSFER,112419.2,C1000026,130563.57,18144.37,C3000026,782620.79,895039.99,0,0
2,CASH_IN,148202.55,C1000027,167428.48,19225.93,C3000027,663810.11,812012.66,0,0
28,DEBIT,132405.88,C1000028,232133.21,99727.33,C3000028,683208.31,815614.19,0,0
21,CASH_IN,71170.41,C1000029,463587.42,392417.01,C3000029,481553.4,552723.81,0,0
1,TRANSFER,161790.82,C1000030,450693.43,288902.61,C3000030,667001.53,828792.35,1,0
12,CASH_IN,59010.8,C1000031,44939.14,44939.14,C3000031,79797.05,138807.85,0,0
26,CASH_IN,114285.46,C1000032,65964.91,65964.91,C3000032,851551.12,965836.58,0,0
22,TRANSFER,149105.01,C1000033,247754.59,98649.58,C3000033,55547.23,204652.24,0,0
29,PAYMENT,75853.29,C1000034,53309.64,53309.64,M2000034,148741.51,224594.8,0,0
12,DEBIT,60623.24,C1000035,172790.44,112167.2,C3000035,576789.71,637412.95,0,0
25,TRANSFER,91923.27,C1000036,74192.69,74192.69,C3000036,739411.46,831334.73,0,0
17,CASH_OUT,163610.9,C1000037,318020.18,154409.28,C3000037,76251.56,239862.46,0,0
27,PAYMENT,185991.36,C1000038,474747.72,288756.36,M2000038,920764.81,1106756.17,0,0
27,CASH_OUT,109062.17,C1000039,498366.89,389304.72,C3000039,973607.65,1082669.82,0,0
10,PAYMENT,132327.09,C1000040,187620.57,55293.48,M2000040,605950.17,738277.26,0,0
28,DEBIT,180664.4,C1000041,299506.32,118841.92,C3000041,481243.46,661907.86,0,0
28,DEBIT,19799.52,C1000042,428133.83,408334.31,C3000042,741394.97,761194.49,0,0
16,CASH_IN,46492.51,C1000043,58731.04,12238.53,C3000043,328357.35,374849.86,0,0
15,CASH_OUT,141809.11,C1000044,344782.21,202973.1,C3000044,493264.43,635073.54,0,0
30,PAYMENT,164766.52,C1000045,204421.83,39655.31,M2000045,916151.03,1080917.55,0,0
30,DEBIT,171420.1,C1000046,103073.08,103073.08,C3000046,955655.43,1127075.53,0,0
15,TRANSFER,83079.92,C1000047,201376.81,118296.89,C3000047,927069.12,1010149.04,0,0
30,DEBIT,17959.05,C1000048,37980.14,20021.09,C3000048,262448.07,280407.12,0,0
19,TRANSFER,87612.52,C1000049,347703.57,260091.05,C3000049,232469.04,320081.56,0,0
12,PAYMENT,46223.84,C1000050,126371.33,80147.49,M2000050,297664.51,343888.35,0,0
23,DEBIT,58310.17,C1000051,155702.82,97392.65,C3000051,441311.11,499621.28,0,0
20,DEBIT,154476.28,C1000052,60540.65,60540.65,C3000052,314167.41,468643.69,0,0
25,PAYMENT,15197.86,C1000053,432329.56,417131.7,M2000053,374212.8,389410.66,0,0
3,DEBIT,165533.49,C1000054,246722.14,81188.65,C3000054,620636.95,786170.44,0,0
5,TRANSFER,85591.05,C1000055,286073.44,200482.39,C3000055,762525.68,848116.73,0,0
19,DEBIT,119253.18,C1000056,284716.34,165463.16,C3000056,735558.2,854811.38,0,0
7,CASH_OUT,18021.48,C1000057,205246.56,187225.08,C3000057,814423.57,832445.05,0,0
21,CASH_IN,67538.08,C1000058,96264.96,28726.88,C3000058,32184.4,99722.48,0,0
9,TRANSFER,18031.21,C1000059,372566.37,354535.16,C3000059,47733.79,65765.0,0,0
7,CASH_OUT,192312.59,C1000060,63528.13,63528.13,C3000060,789382.96,981695.55,1,1
18,PAYMENT,161471.6,C1000061,51936.9,51936.9,M2000061,533078.82,694550.42,0,0
4,TRANSFER,91980.59,C1000062,355072.52,263091.93,C3000062,578140.67,670121.26,0,0
25,CASH_IN,44798.15,C1000063,104418.51,59620.36,C3000063,52586.86,97385.01,0,0
28,CASH_IN,186697.68,C1000064,153386.38,153386.38,C3000064,255313.8,442011.48,0,0
14,PAYMENT,68984.86,C1000065,237613.73,168628.87,M2000065,638354.3,707339.16,0,0
18,PAYMENT,32280.79,C1000066,224675.66,192394.87,M2000066,859181.89,891462.68,0,0
26,TRANSFER,112676.56,C1000067,354289.56,241613.0,C3000067,916983.4,1029659.96,0,0
9,DEBIT,188760.45,C1000068,311715.9,122955.45,C3000068,500419.5,689179.95,0,0
26,PAYMENT,865.68,C1000069,322198.08,321332.4,M2000069,545474.23,546339.91,0,0
21,DEBIT,47701.16,C1000070,357027.17,309326.01,C3000070,833049.63,880750.79,0,0
2,CASH_OUT,187695.68,C1000071,146306.36,146306.36,C3000071,537624.6,725320.28,1,0
20,CASH_IN,34300.08,C1000072,161166.66,126866.58,C3000072,516858.53,551158.61,0,0
28,DEBIT,22737.37,C1000073,218998.87,196261.5,C3000073,905084.04,927821.41,0,0
15,CASH_IN,114080.42,C1000074,153731.09,39650.67,C3000074,789932.72,904013.14,0,0
28,DEBIT,172382.58,C1000075,492468.93,320086.35,C3000075,909072.53,1081455.11,0,0
7,CASH_OUT,95474.25,C1000076,407025.96,311551.71,C3000076,218247.05,313721.3,0,0
12,PAYMENT,198913.39,C1000077,82327.34,82327.34,M2000077,524375.49,723288.88,0,1
29,CASH_OUT,135866.42,C1000078,2797.08,2797.08,C3000078,842472.13,978338.55,0,0
8,PAYMENT,14907.57,C1000079,21391.63,6484.06,M2000079,111147.83,126055.4,0,0
15,PAYMENT,198567.14,C1000080,122031.73,122031.73,M2000080,794662.15,993229.29,0,1
3,CASH_IN,81638.06,C1000081,57145.64,57145.64,C3000081,182973.38,264611.44,0,0
14,CASH_OUT,57551.77,C1000082,266669.06,209117.29,C3000082,808118.75,865670.52,0,0
17,DEBIT,111620.05,C1000083,428997.61,317377.56,C3000083,612000.94,723620.99,0,0
4,CASH_OUT,60931.09,C1000084,368375.11,307444.02,C3000084,193235.99,254167.08,0,0
18,CASH_IN,17382.86,C1000085,107804.53,90421.67,C3000085,473354.18,490737.04,0,0
8,PAYMENT,385.53,C1000086,199649.63,199264.1,M2000086,681905.17,682290.7,0,0
4,CASH_IN,89971.71,C1000087,253947.1,163975.39,C3000087,633852.9,723824.61,0,0
2,TRANSFER,167389.0,C1000088,405102.92,237713.92,C3000088,427247.2,594636.2,1,0
30,TRANSFER,114505.81,C1000089,419560.8,305054.99,C3000089,899366.53,1013872.34,0,0
6,DEBIT,199841.54,C1000090,454859.16,255017.62,C3000090,519263.41,719104.95,0,1
22,CASH_IN,57440.64,C1000091,254622.63,197181.99,C3000091,505867.3,563307.94,0,0
10,DEBIT,56162.97,C1000092,347137.37,290974.4,C3000092,62250.59,118413.56,0,0
4,DEBIT,32033.92,C1000093,55900.19,23866.27,C3000093,922120.39,954154.31,0,0
22,TRANSFER,32896.31,C1000094,282644.48,249748.17,C3000094,177116.57,210012.88,0,0
29,DEBIT,57108.8,C1000095,124345.9,67237.1,C3000095,528344.69,585453.49,0,0
18,TRANSFER,158588.73,C1000096,215858.44,57269.71,C3000096,803567.6,962156.33,1,0
26,PAYMENT,181160.78,C1000097,317025.25,135864.47,M2000097,215453.28,396614.06,0,0
12,CASH_IN,195019.93,C1000098,128492.97,128492.97,C3000098,527373.29,722393.22,0,1
2,DEBIT,46534.7,C1000099,26092.53,26092.53,C3000099,240684.91,287219.61,0,0
10,TRANSFER,176271.38,C1000100,5116.93,5116.93,C3000100,759695.0,935966.38,0,0
30,CASH_OUT,65718.19,C1000101,11079.77,11079.77,C3000101,564341.17,630059.36,0,0
4,DEBIT,22656.82,C1000102,4174.87,4174.87,C3000102,855975.86,878632.68,0,0
14,PAYMENT,174017.98,C1000103,55177.53,55177.53,M2000103,894558.0,1068575.98,0,0
16,PAYMENT,127257.52,C1000104,119744.36,119744.36,M2000104,648733.48,775991.0,0,0
15,CASH_OUT,33029.71,C1000105,110610.76,77581.05,C3000105,725391.25,758420.96,0,0
8,TRANSFER,86023.27,C1000106,493398.3,407375.03,C3000106,549220.1,635243.37,0,0
14,DEBIT,57522.81,C1000107,153003.05,95480.24,C3000107,384428.73,441951.54,0,0
23,TRANSFER,147385.23,C1000108,63710.39,63710.39,C3000108,648117.92,795503.15,0,0
28,PAYMENT,90737.9,C1000109,272781.27,182043.37,M2000109,908288.62,999026.52,0,0
25,TRANSFER,197857.06,C1000110,428978.73,231121.67,C3000110,416680.38,614537.44,0,1
30,PAYMENT,11043.52,C1000111,339030.19,327986.67,M2000111,314410.03,325453.55,0,0
8,TRANSFER,71067.55,C1000112,148041.04,76973.49,C3000112,388436.94,459504.49,0,0
21,CASH_OUT,96431.84,C1000113,280808.08,184376.24,C3000113,435397.63,531829.47,0,0
16,CASH_IN,100676.4,C1000114,357427.99,256751.59,C3000114,73561.03,174237.43,0,0
13,CASH_OUT,63255.57,C1000115,364052.25,300796.68,C3000115,498441.84,561697.41,0,0
18,CASH_OUT,145875.13,C1000116,333269.23,187394.1,C3000116,494314.25,640189.38,0,0
15,CASH_IN,174961.94,C1000117,435405.21,260443.27,C3000117,588443.83,763405.77,0,0
21,CASH_IN,187749.99,C1000118,435052.73,247302.74,C3000118,362820.03,550570.02,0,0
24,DEBIT,161038.17,C1000119,289468.28,128430.11,C3000119,613107.6,774145.77,0,0
26,DEBIT,170130.98,C1000120,214928.18,44797.2,C3000120,878216.31,1048347.29,0,0
25,CASH_OUT,110154.01,C1000121,320785.15,210631.14,C3000121,955470.99,1065625.0,0,0
28,CASH_OUT,165195.06,C1000122,409106.0,243910.94,C3000122,583612.22,748807.28,0,0
28,PAYMENT,60770.43,C1000123,2826.05,2826.05,M2000123,42590.95,103361.38,0,0
28,PAYMENT,79755.9,C1000124,495998.5,416242.6,M2000124,969236.0,1048991.9,0,0
13,DEBIT,63450.91,C1000125,91446.89,27995.98,C3000125,705862.06,769312.97,0,0
9,DEBIT,93530.73,C1000126,235124.49,141593.76,C3000126,335963.65,429494.38,0,0
29,PAYMENT,57187.37,C1000127,436014.87,378827.5,M2000127,147157.7,204345.07,0,0
15,PAYMENT,192326.13,C1000128,112520.2,112520.2,M2000128,143418.61,335744.74,0,1
13,TRANSFER,62637.64,C1000129,238397.61,175759.97,C3000129,167744.41,230382.05,0,0
1,TRANSFER,19699.1,C1000130,66291.09,46591.99,C3000130,45572.52,65271.62,0,0
25,PAYMENT,105410.75,C1000131,197538.16,92127.41,M2000131,902154.19,1007564.94,0,0
7,TRANSFER,11514.11,C1000132,88567.73,77053.62,C3000132,540768.23,552282.34,0,0
9,CASH_IN,22197.58,C1000133,181813.87,159616.29,C3000133,699959.41,722156.99,0,0
24,DEBIT,43955.94,C1000134,186732.11,142776.17,C3000134,828108.51,872064.45,0,0
1,DEBIT,92923.61,C1000135,496585.39,403661.78,C3000135,791541.01,884464.62,0,0
12,PAYMENT,86706.86,C1000136,497406.51,410699.65,M2000136,882605.62,969312.48,0,0
8,CASH_OUT,159958.4,C1000137,57393.14,57393.14,C3000137,967254.62,1127213.02,0,0
24,PAYMENT,147920.98,C1000138,362984.39,215063.41,M2000138,439070.61,586991.59,0,0
11,TRANSFER,85321.03,C1000139,25872.74,25872.74,C3000139,950335.47,1035656.5,0,0
19,CASH_OUT,66807.47,C1000140,15096.01,15096.01,C3000140,723289.95,790097.42,0,0
17,TRANSFER,63362.11,C1000141,52666.95,52666.95,C3000141,70668.19,134030.3,0,0
8,CASH_IN,154821.62,C1000142,482742.83,327921.21,C3000142,681783.12,836604.74,0,0
3,TRANSFER,10509.27,C1000143,470431.77,459922.5,C3000143,686716.66,697225.93,0,0
3,CASH_IN,2663.05,C1000144,96963.91,94300.86,C3000144,905860.56,908523.61,0,0
1,CASH_IN,159129.32,C1000145,80836.17,80836.17,C3000145,372932.13,532061.45,0,0
27,TRANSFER,95481.56,C1000146,120267.54,24785.98,C3000146,584911.5,680393.06,0,0
5,TRANSFER,26263.14,C1000147,257773.5,231510.36,C3000147,12187.55,38450.69,0,0
10,CASH_IN,47189.63,C1000148,284852.32,237662.69,C3000148,332075.24,379264.87,0,0
7,CASH_OUT,186507.54,C1000149,110796.72,110796.72,C3000149,62243.73,248751.27,1,0
26,CASH_IN,171914.64,C1000150,378311.39,206396.75,C3000150,521872.97,693787.61,0,0
9,DEBIT,141986.03,C1000151,154776.58,12790.55,C3000151,817447.65,959433.68,0,0
28,CASH_IN,96496.82,C1000152,461065.66,364568.84,C3000152,206442.69,302939.51,0,0
7,CASH_OUT,104112.69,C1000153,328361.35,224248.66,C3000153,527441.05,631553.74,0,0
9,DEBIT,195051.38,C1000154,218175.6,23124.22,C3000154,204008.64,399060.02,0,1
8,PAYMENT,193157.51,C1000155,394956.0,201798.49,M2000155,120688.47,313845.98,0,1
12,PAYMENT,43132.28,C1000156,408957.31,365825.03,M2000156,510996.79,554129.07,0,0
2,CASH_OUT,162239.8,C1000157,145240.8,145240.8,C3000157,79148.62,241388.42,1,0
1,CASH_IN,39528.81,C1000158,169857.27,130328.46,C3000158,587354.63,626883.44,0,0
16,TRANSFER,42786.14,C1000159,467977.58,425191.44,C3000159,31337.46,74123.6,0,0
23,CASH_OUT,135251.0,C1000160,82370.52,82370.52,C3000160,106714.97,241965.97,0,0
23,DEBIT,81059.72,C1000161,21075.21,21075.21,C3000161,549997.49,631057.21,0,0
30,DEBIT,186315.73,C1000162,227027.66,40711.93,C3000162,591407.41,777723.14,0,0
24,PAYMENT,17893.05,C1000163,400604.95,382711.9,M2000163,28986.93,46879.98,0,0
5,DEBIT,102353.98,C1000164,385834.05,283480.07,C3000164,573376.79,675730.77,0,0
3,CASH_OUT,183712.45,C1000165,459765.31,276052.86,C3000165,838502.53,1022214.98,1,0
12,DEBIT,180832.32,C1000166,266600.33,85768.01,C3000166,722316.18,903148.5,0,0
8,CASH_OUT,31390.19,C1000167,50032.34,18642.15,C3000167,131185.1,162575.29,0,0
22,TRANSFER,73390.88,C1000168,294344.49,220953.61,C3000168,592474.65,665865.53,0,0
27,PAYMENT,123862.37,C1000169,389197.81,265335.44,M2000169,672252.5,796114.87,0,0
3,DEBIT,31963.04,C1000170,46664.06,14701.02,C3000170,37231.2,69194.24,0,0
1,CASH_OUT,193607.63,C1000171,86328.7,86328.7,C3000171,855347.67,1048955.3,1,1
3,CASH_IN,182958.39,C1000172,6145.33,6145.33,C3000172,906267.4,1089225.79,0,0
5,PAYMENT,33473.34,C1000173,296826.29,263352.95,M2000173,850452.27,883925.61,0,0
15,TRANSFER,24318.98,C1000174,443367.2,419048.22,C3000174,824631.47,848950.45,0,0
14,CASH_OUT,17173.16,C1000175,335331.66,318158.5,C3000175,744965.2,762138.36,0,0
3,TRANSFER,181897.79,C1000176,491020.04,309122.25,C3000176,633432.03,815329.82,1,0
1,TRANSFER,38805.4,C1000177,31516.83,31516.83,C3000177,678627.0,717432.4,0,0
5,DEBIT,83315.36,C1000178,451500.54,368185.18,C3000178,806395.29,889710.65,0,0
26,DEBIT,89825.39,C1000179,407034.14,317208.75,C3000179,662498.46,752323.85,0,0
23,CASH_OUT,119842.31,C1000180,157120.76,37278.45,C3000180,327726.96,447569.27,0,0
14,CASH_IN,14439.9,C1000181,486763.28,472323.38,C3000181,375961.1,390401.0,0,0
7,CASH_OUT,45429.05,C1000182,143968.87,98539.82,C3000182,897057.47,942486.52,0,0
27,CASH_IN,186304.93,C1000183,444652.36,258347.43,C3000183,17122.09,203427.02,0,0
9,TRANSFER,181691.18,C1000184,440374.29,258683.11,C3000184,698820.58,880511.76,0,0
15,PAYMENT,156280.0,C1000185,378828.81,222548.81,M2000185,954777.55,1111057.55,0,0
15,CASH_OUT,3978.31,C1000186,281735.24,277756.93,C3000186,706228.17,710206.48,0,0
26,CASH_OUT,65468.65,C1000187,60001.37,60001.37,C3000187,993911.99,1059380.64,0,0
10,CASH_IN,125628.95,C1000188,265985.87,140356.92,C3000188,687544.91,813173.86,0,0
28,TRANSFER,55110.52,C1000189,178398.13,123287.61,C3000189,34363.03,89473.55,0,0
13,TRANSFER,181926.38,C1000190,396108.52,214182.14,C3000190,827009.88,1008936.26,1,0
19,CASH_IN,126814.5,C1000191,379064.6,252250.1,C3000191,284629.91,411444.41,0,0
7,TRANSFER,14474.15,C1000192,455306.25,440832.1,C3000192,446057.23,460531.38,0,0
17,DEBIT,181810.22,C1000193,7415.08,7415.08,C3000193,312091.92,493902.14,0,0
20,PAYMENT,191557.55,C1000194,404551.61,212994.06,M2000194,268554.11,460111.66,0,1
29,CASH_OUT,15634.71,C1000195,469231.03,453596.32,C3000195,431405.7,447040.41,0,0
4,PAYMENT,106518.81,C1000196,394650.22,288131.41,M2000196,378751.45,485270.26,0,0
30,CASH_OUT,60742.52,C1000197,65097.23,4354.71,C3000197,633338.58,694081.1,0,0
5,DEBIT,78628.53,C1000198,40639.55,40639.55,C3000198,813151.2,891779.73,0,0
23,TRANSFER,36012.28,C1000199,10422.62,10422.62,C3000199,297088.65,333100.93,0,0
7,CASH_IN,115656.61,C1000200,314372.61,198716.0,C3000200,213721.15,329377.76,0,0
13,DEBIT,191600.07,C1000201,314836.33,123236.26,C3000201,666895.27,858495.34,0,1
15,PAYMENT,100664.21,C1000202,493456.86,392792.65,M2000202,670320.07,770984.28,0,0
11,CASH_IN,16674.62,C1000203,199021.59,182346.97,C3000203,901131.24,917805.86,0,0
29,TRANSFER,124038.27,C1000204,165953.14,41914.87,C3000204,15945.69,139983.96,0,0
4,DEBIT,68110.58,C1000205,312212.46,244101.88,C3000205,853040.66,921151.24,0,0
13,CASH_IN,171199.45,C1000206,412804.34,241604.89,C3000206,521002.17,692201.62,0,0
7,DEBIT,86992.16,C1000207,468386.97,381394.81,C3000207,621302.09,708294.25,0,0
27,DEBIT,38648.64,C1000208,401562.08,362913.44,C3000208,91371.44,130020.08,0,0
19,TRANSFER,38302.01,C1000209,213336.99,175034.98,C3000209,432614.93,470916.94,0,0
22,CASH_OUT,153775.96,C1000210,317457.12,163681.16,C3000210,227302.41,381078.37,0,0
28,CASH_IN,53190.96,C1000211,428149.66,374958.7,C3000211,254225.03,307415.99,0,0
2,TRANSFER,153469.96,C1000212,245304.84,91834.88,C3000212,504095.11,657565.07,0,0
10,DEBIT,41256.87,C1000213,108343.32,67086.45,C3000213,812455.95,853712.82,0,0
13,TRANSFER,64405.11,C1000214,84861.72,20456.61,C3000214,743780.93,808186.04,0,0
30,CASH_OUT,93150.85,C1000215,78.87,78.87,C3000215,590999.96,684150.81,0,0
25,CASH_IN,188644.85,C1000216,359119.0,170474.15,C3000216,539418.19,728063.04,0,0
21,CASH_OUT,186353.11,C1000217,55548.6,55548.6,C3000217,427306.04,613659.15,1,0
6,PAYMENT,41453.69,C1000218,121919.55,80465.86,M2000218,972709.97,1014163.66,0,0
28,CASH_IN,71707.99,C1000219,148938.17,77230.18,C3000219,560192.55,631900.54,0,0
28,CASH_OUT,29964.94,C1000220,280189.93,250224.99,C3000220,253966.4,283931.34,0,0
12,DEBIT,102046.02,C1000221,198978.64,96932.62,C3000221,230090.79,332136.81,0,0
12,CASH_IN,92170.45,C1000222,337337.0,245166.55,C3000222,611353.03,703523.48,0,0
20,CASH_IN,180161.96,C1000223,27819.33,27819.33,C3000223,522827.53,702989.49,0,0
30,TRANSFER,186008.08,C1000224,61969.6,61969.6,C3000224,7697.8,193705.88,0,0
30,DEBIT,76775.12,C1000225,249605.75,172830.63,C3000225,830065.37,906840.49,0,0
11,PAYMENT,98398.41,C1000226,168482.39,70083.98,M2000226,704122.35,802520.76,0,0
26,CASH_OUT,179257.63,C1000227,147906.68,147906.68,C3000227,661829.29,841086.92,1,0
23,TRANSFER,161360.89,C1000228,33514.04,33514.04,C3000228,68780.66,230141.55,1,0
28,CASH_OUT,830.9,C1000229,447859.59,447028.69,C3000229,362055.85,362886.75,0,0
25,PAYMENT,64079.91,C1000230,345909.29,281829.38,M2000230,935382.26,999462.17,0,0
7,PAYMENT,84412.67,C1000231,60809.08,60809.08,M2000231,862589.24,947001.91,0,0
30,CASH_IN,46020.29,C1000232,32522.98,32522.98,C3000232,285542.94,331563.23,0,0
1,PAYMENT,39994.37,C1000233,487436.27,447441.9,M2000233,157058.88,197053.25,0,0
1,CASH_OUT,7653.12,C1000234,340586.28,332933.16,C3000234,449087.96,456741.08,0,0
25,DEBIT,128709.61,C1000235,208728.04,80018.43,C3000235,355830.38,484539.99,0,0
27,DEBIT,52575.81,C1000236,350865.52,298289.71,C3000236,682226.38,734802.19,0,0
30,CASH_IN,10564.2,C1000237,378165.89,367601.69,C3000237,966434.81,976999.01,0,0
25,CASH_OUT,46272.76,C1000238,389981.1,343708.34,C3000238,363001.45,409274.21,0,0
20,CASH_OUT,160402.6,C1000239,238938.65,78536.05,C3000239,62224.17,222626.77,0,0
13,PAYMENT,170312.69,C1000240,214941.38,44628.69,M2000240,897614.01,1067926.7,0,0
9,CASH_OUT,96664.94,C1000241,5514.04,5514.04,C3000241,37949.73,134614.67,0,0
3,TRANSFER,83272.53,C1000242,463278.56,380006.03,C3000242,952765.9,1036038.43,0,0
7,PAYMENT,195572.95,C1000243,301653.94,106080.99,M2000243,664579.43,860152.38,0,1
6,TRANSFER,40192.88,C1000244,101576.97,61384.09,C3000244,941689.21,981882.09,0,0
8,CASH_IN,43150.32,C1000245,459801.71,416651.39,C3000245,199659.69,242810.01,0,0
27,DEBIT,58444.25,C1000246,457465.95,399021.7,C3000246,40699.8,99144.05,0,0
9,CASH_IN,34634.19,C1000247,494592.08,459957.89,C3000247,488209.98,522844.17,0,0
30,DEBIT,75935.18,C1000248,437028.28,361093.1,C3000248,450623.41,526558.59,0,0
5,CASH_IN,182175.76,C1000249,498892.19,316716.43,C3000249,331492.27,513668.03,0,0
1,CASH_OUT,123108.03,C1000250,122343.09,122343.09,C3000250,957656.47,1080764.5,0,0
19,TRANSFER,82448.12,C1000251,421124.79,338676.67,C3000251,822583.73,905031.85,0,0
10,DEBIT,186888.72,C1000252,411514.15,224625.43,C3000252,661582.02,848470.74,0,0
12,PAYMENT,9788.0,C1000253,115470.18,105682.18,M2000253,162858.29,172646.29,0,0
24,TRANSFER,42134.21,C1000254,49218.77,7084.56,C3000254,734323.41,776457.62,0,0
15,PAYMENT,113221.13,C1000255,489710.26,376489.13,M2000255,727012.45,840233.58,0,0
27,TRANSFER,123148.97,C1000256,148012.28,24863.31,C3000256,425068.17,548217.14,0,0
22,TRANSFER,8007.55,C1000257,435445.9,427438.35,C3000257,924785.91,932793.46,0,0
24,CASH_IN,80667.45,C1000258,2063.58,2063.58,C3000258,166977.88,247645.33,0,0
9,DEBIT,129865.88,C1000259,10512.4,10512.4,C3000259,267337.56,397203.44,0,0
20,DEBIT,139644.3,C1000260,232935.65,93291.35,C3000260,63224.34,202868.64,0,0
17,TRANSFER,127664.17,C1000261,119357.34,119357.34,C3000261,795450.96,923115.13,0,0
30,CASH_OUT,64180.59,C1000262,344920.64,280740.05,C3000262,621759.39,685939.98,0,0
17,CASH_OUT,18794.67,C1000263,282782.16,263987.49,C3000263,314940.31,333734.98,0,0
26,PAYMENT,85479.78,C1000264,38742.9,38742.9,M2000264,163813.66,249293.44,0,0
20,PAYMENT,25838.01,C1000265,81314.15,55476.14,M2000265,40147.77,65985.78,0,0
12,CASH_IN,189529.97,C1000266,194024.64,4494.67,C3000266,166745.57,356275.54,0,0
30,TRANSFER,95086.66,C1000267,92802.03,92802.03,C3000267,453284.65,548371.31,0,0
7,PAYMENT,63520.11,C1000268,396111.17,332591.06,M2000268,247176.97,310697.08,0,0
2,PAYMENT,153284.18,C1000269,208035.12,54750.94,M2000269,258982.18,412266.36,0,0
3,TRANSFER,99639.92,C1000270,46715.93,46715.93,C3000270,875576.37,975216.29,0,0
17,CASH_IN,62075.8,C1000271,242171.45,180095.65,C3000271,515137.67,577213.47,0,0
5,PAYMENT,162412.35,C1000272,45419.09,45419.09,M2000272,729251.97,891664.32,0,0
17,CASH_IN,173443.71,C1000273,64468.65,64468.65,C3000273,35710.95,209154.66,0,0
24,DEBIT,134634.33,C1000274,119804.92,119804.92,C3000274,365163.36,499797.69,0,0
17,CASH_IN,9488.19,C1000275,429763.85,420275.66,C3000275,479169.35,488657.54,0,0
27,CASH_OUT,113307.94,C1000276,462306.27,348998.33,C3000276,186416.86,299724.8,0,0
17,CASH_OUT,152682.65,C1000277,413128.86,260446.21,C3000277,120191.54,272874.19,0,0
2,CASH_IN,27386.95,C1000278,167038.61,139651.66,C3000278,870303.78,897690.73,0,0
2,CASH_OUT,45811.28,C1000279,136223.22,90411.94,C3000279,939431.63,985242.91,0,0
28,DEBIT,176510.77,C1000280,274577.85,98067.08,C3000280,78806.7,255317.47,0,0
22,TRANSFER,4122.33,C1000281,360926.58,356804.25,C3000281,349018.71,353141.04,0,0
23,CASH_OUT,150570.15,C1000282,496686.39,346116.24,C3000282,958285.63,1108855.78,1,0
5,CASH_OUT,94807.28,C1000283,65785.36,65785.36,C3000283,83161.73,177969.01,0,0
1,CASH_IN,89409.75,C1000284,24646.0,24646.0,C3000284,643641.37,733051.12,0,0
1,DEBIT,1518.6,C1000285,347177.94,345659.34,C3000285,972221.37,973739.97,0,0
19,TRANSFER,163897.71,C1000286,416112.89,252215.18,C3000286,978223.67,1142121.38,1,0
30,CASH_IN,72029.0,C1000287,423174.39,351145.39,C3000287,471223.33,543252.33,0,0
2,CASH_IN,108199.05,C1000288,339231.77,231032.72,C3000288,162749.11,270948.16,0,0
21,DEBIT,135492.41,C1000289,477007.9,341515.49,C3000289,202084.31,337576.72,0,0
12,TRANSFER,140555.65,C1000290,255502.38,114946.73,C3000290,889601.4,1030157.05,0,0
26,DEBIT,191200.41,C1000291,456907.4,265706.99,C3000291,911683.0,1102883.41,0,1
6,TRANSFER,106314.86,C1000292,483906.07,377591.21,C3000292,607879.64,714194.5,0,0
23,DEBIT,80003.94,C1000293,423578.73,343574.79,C3000293,766176.4,846180.34,0,0
4,CASH_IN,190745.35,C1000294,154879.28,154879.28,C3000294,739931.25,930676.6,0,1
23,CASH_IN,128457.84,C1000295,98107.83,98107.83,C3000295,661821.6,790279.44,0,0
11,PAYMENT,59700.26,C1000296,274060.03,214359.77,M2000296,827276.95,886977.21,0,0
24,CASH_OUT,25380.2,C1000297,226507.38,201127.18,C3000297,685406.62,710786.82,0,0
27,DEBIT,168526.64,C1000298,438879.17,270352.53,C3000298,534002.31,702528.95,0,0
17,PAYMENT,72500.1,C1000299,50015.84,50015.84,M2000299,236956.36,309456.46,0,0
6,CASH_OUT,132127.9,C1000300,128870.03,128870.03,C3000300,743888.14,876016.04,0,0
24,DEBIT,94216.2,C1000301,375899.47,281683.27,C3000301,473437.87,567654.07,0,0
5,TRANSFER,39866.06,C1000302,47493.32,7627.26,C3000302,294791.68,334657.74,0,0
20,CASH_OUT,120377.15,C1000303,160382.21,40005.06,C3000303,801946.28,922323.43,0,0
2,CASH_IN,12230.55,C1000304,193577.7,181347.15,C3000304,696713.6,708944.15,0,0
6,PAYMENT,82727.16,C1000305,311296.9,228569.74,M2000305,937339.56,1020066.72,0,0
22,CASH_OUT,109368.33,C1000306,79066.32,79066.32,C3000306,165441.64,274809.97,0,0
11,CASH_OUT,87265.79,C1000307,430302.25,343036.46,C3000307,649189.28,736455.07,0,0
16,CASH_IN,149759.57,C1000308,223771.12,74011.55,C3000308,244239.47,393999.04,0,0
16,DEBIT,165602.2,C1000309,458510.86,292908.66,C3000309,903582.99,1069185.19,0,0
1,TRANSFER,154271.49,C1000310,233934.96,79663.47,C3000310,99499.41,253770.9,1,0
9,CASH_IN,7858.71,C1000311,137520.13,129661.42,C3000311,656161.81,664020.52,0,0
28,TRANSFER,38906.34,C1000312,70914.41,32008.07,C3000312,791085.72,829992.06,0,0
27,DEBIT,107367.84,C1000313,1872.55,1872.55,C3000313,354917.84,462285.68,0,0
6,CASH_OUT,186970.93,C1000314,266078.74,79107.81,C3000314,954138.08,1141109.01,0,0
16,TRANSFER,167007.86,C1000315,53578.35,53578.35,C3000315,850730.68,1017738.54,0,0
29,PAYMENT,168522.65,C1000316,195863.88,27341.23,M2000316,294618.3,463140.95,0,0
3,PAYMENT,60711.32,C1000317,294635.88,233924.56,M2000317,7541.09,68252.41,0,0
20,CASH_IN,85946.63,C1000318,137842.95,51896.32,C3000318,296657.18,382603.81,0,0
28,DEBIT,94194.12,C1000319,87612.15,87612.15,C3000319,281310.47,375504.59,0,0
27,CASH_IN,31558.58,C1000320,387360.81,355802.23,C3000320,889964.61,921523.19,0,0
4,CASH_IN,6310.52,C1000321,473395.59,467085.07,C3000321,967121.18,973431.7,0,0
19,CASH_IN,189385.89,C1000322,50220.21,50220.21,C3000322,70439.99,259825.88,0,0
26,PAYMENT,48218.45,C1000323,77795.16,29576.71,M2000323,471294.83,519513.28,0,0
3,PAYMENT,48065.79,C1000324,480006.33,431940.54,M2000324,548332.0,596397.79,0,0
19,CASH_IN,16767.47,C1000325,18892.11,2124.64,C3000325,92911.66,109679.13,0,0
20,PAYMENT,185708.7,C1000326,488816.17,303107.47,M2000326,377497.71,563206.41,0,0
7,DEBIT,115989.45,C1000327,2322.24,2322.24,C3000327,317082.42,433071.87,0,0
20,CASH_IN,133440.67,C1000328,436834.33,303393.66,C3000328,536056.35,669497.02,0,0
9,PAYMENT,182324.22,C1000329,153662.59,153662.59,M2000329,661190.9,843515.12,0,0
1,TRANSFER,69189.47,C1000330,469294.43,400104.96,C3000330,703485.11,772674.58,0,0
8,CASH_IN,124339.31,C1000331,158472.64,34133.33,C3000331,136755.02,261094.33,0,0
7,CASH_IN,7856.01,C1000332,327153.16,319297.15,C3000332,812947.7,820803.71,0,0
18,DEBIT,37435.83,C1000333,40016.28,2580.45,C3000333,678542.03,715977.86,0,0
8,CASH_OUT,166266.04,C1000334,121164.91,121164.91,C3000334,889074.92,1055340.96,1,0
1,CASH_OUT,153376.99,C1000335,386839.67,233462.68,C3000335,449336.06,602713.05,1,0
11,DEBIT,70193.47,C1000336,264342.93,194149.46,C3000336,893889.76,964083.23,0,0
28,DEBIT,75424.44,C1000337,463984.53,388560.09,C3000337,865774.12,941198.56,0,0
25,DEBIT,106757.53,C1000338,214375.7,107618.17,C3000338,438409.33,545166.86,0,0
25,CASH_OUT,148.18,C1000339,434906.18,434758.0,C3000339,381143.32,381291.5,0,0
18,DEBIT,48324.74,C1000340,224477.72,176152.98,C3000340,932812.01,981136.75,0,0
23,PAYMENT,41725.54,C1000341,489624.14,447898.6,M2000341,715164.73,756890.27,0,0
30,CASH_IN,50171.54,C1000342,479917.19,429745.65,C3000342,928245.35,978416.89,0,0
10,CASH_IN,161200.58,C1000343,164568.35,3367.77,C3000343,796974.78,958175.36,0,0
3,TRANSFER,56006.8,C1000344,442961.84,386955.04,C3000344,609297.44,665304.24,0,0
7,TRANSFER,38385.11,C1000345,423805.69,385420.58,C3000345,115852.78,154237.89,0,0
28,CASH_IN,100902.27,C1000346,105340.2,4437.93,C3000346,291480.67,392382.94,0,0
16,PAYMENT,173142.44,C1000347,312145.2,139002.76,M2000347,968842.41,1141984.85,0,0
26,CASH_OUT,48345.81,C1000348,36341.16,36341.16,C3000348,319422.1,367767.91,0,0
16,CASH_OUT,15799.39,C1000349,418355.36,402555.97,C3000349,93254.87,109054.26,0,0
25,PAYMENT,71345.31,C1000350,87272.94,15927.63,M2000350,707553.36,778898.67,0,0
20,CASH_OUT,149555.6,C1000351,35407.35,35407.35,C3000351,734004.25,883559.85,0,0
28,DEBIT,110183.04,C1000352,200109.55,89926.51,C3000352,285457.72,395640.76,0,0
17,CASH_IN,163376.99,C1000353,288461.07,125084.08,C3000353,297671.98,461048.97,0,0
2,CASH_IN,191922.47,C1000354,427458.48,235536.01,C3000354,468892.99,660815.46,0,1
1,PAYMENT,158553.23,C1000355,487121.26,328568.03,M2000355,21788.95,180342.18,0,0
16,CASH_OUT,120800.24,C1000356,219746.26,98946.02,C3000356,789323.01,910123.25,0,0
30,TRANSFER,98718.98,C1000357,30223.46,30223.46,C3000357,317088.79,415807.77,0,0
12,TRANSFER,8109.81,C1000358,374557.79,366447.98,C3000358,853763.1,861872.91,0,0
5,CASH_OUT,196865.96,C1000359,282586.63,85720.67,C3000359,802630.42,999496.38,0,1
5,TRANSFER,76757.88,C1000360,223945.67,147187.79,C3000360,661402.03,738159.91,0,0
27,PAYMENT,30530.42,C1000361,154634.44,124104.02,M2000361,324874.87,355405.29,0,0
23,PAYMENT,133375.1,C1000362,251199.26,117824.16,M2000362,516316.56,649691.66,0,0
9,CASH_OUT,56929.23,C1000363,169339.8,112410.57,C3000363,444829.26,501758.49,0,0
9,TRANSFER,117197.08,C1000364,378505.93,261308.85,C3000364,338881.89,456078.97,0,0
3,PAYMENT,117394.9,C1000365,271946.85,154551.95,M2000365,848136.29,965531.19,0,0
19,PAYMENT,89201.39,C1000366,438423.89,349222.5,M2000366,483507.07,572708.46,0,0
16,DEBIT,167240.11,C1000367,271771.96,104531.85,C3000367,832723.1,999963.21,0,0
16,DEBIT,53066.92,C1000368,119131.21,66064.29,C3000368,105218.47,158285.39,0,0
3,PAYMENT,89781.66,C1000369,425545.94,335764.28,M2000369,141024.79,230806.45,0,0
20,CASH_OUT,107584.66,C1000370,278609.52,171024.86,C3000370,977320.31,1084904.97,0,0
24,CASH_IN,132758.58,C1000371,103420.52,103420.52,C3000371,587768.46,720527.04,0,0
22,CASH_IN,156815.97,C1000372,311753.9,154937.93,C3000372,509769.67,666585.64,0,0
24,PAYMENT,79021.98,C1000373,178858.38,99836.4,M2000373,523156.06,602178.04,0,0
1,PAYMENT,129244.78,C1000374,422202.81,292958.03,M2000374,215268.77,344513.55,0,0
24,PAYMENT,30207.13,C1000375,226649.87,196442.74,M2000375,718703.95,748911.08,0,0
20,CASH_OUT,186536.36,C1000376,363220.68,176684.32,C3000376,84780.62,271316.98,1,0
11,DEBIT,76673.46,C1000377,47768.1,47768.1,C3000377,573323.71,649997.17,0,0
17,PAYMENT,145931.33,C1000378,198012.17,52080.84,M2000378,570768.8,716700.13,0,0
8,PAYMENT,4166.18,C1000379,491620.72,487454.54,M2000379,914188.42,918354.6,0,0
4,TRANSFER,41116.91,C1000380,404230.14,363113.23,C3000380,526182.81,567299.72,0,0
6,CASH_OUT,97467.8,C1000381,79970.4,79970.4,C3000381,137062.7,234530.5,0,0
8,PAYMENT,175662.67,C1000382,138882.02,138882.02,M2000382,572753.26,748415.93,0,0
20,TRANSFER,105498.3,C1000383,164907.9,59409.6,C3000383,91327.64,196825.94,0,0
30,CASH_IN,185981.11,C1000384,325182.78,139201.67,C3000384,203793.84,389774.95,0,0
3,PAYMENT,96811.0,C1000385,378497.38,281686.38,M2000385,31108.58,127919.58,0,0
16,PAYMENT,98140.77,C1000386,374763.3,276622.53,M2000386,513293.58,611434.35,0,0
30,TRANSFER,24037.38,C1000387,254937.03,230899.65,C3000387,84532.62,108570.0,0,0
25,CASH_OUT,160550.98,C1000388,405410.27,244859.29,C3000388,469394.38,629945.36,1,0
3,PAYMENT,49468.39,C1000389,218539.04,169070.65,M2000389,932945.04,982413.43,0,0
25,CASH_IN,179932.54,C1000390,61940.28,61940.28,C3000390,719761.41,899693.95,0,0
29,PAYMENT,182173.76,C1000391,282220.92,100047.16,M2000391,77411.67,259585.43,0,0
18,CASH_IN,188667.69,C1000392,476150.69,287483.0,C3000392,224209.81,412877.5,0,0
14,DEBIT,104094.07,C1000393,396496.83,292402.76,C3000393,673662.42,777756.49,0,0
18,DEBIT,135451.05,C1000394,289350.32,153899.27,C3000394,894701.86,1030152.91,0,0
2,CASH_IN,155725.32,C1000395,323402.83,167677.51,C3000395,32918.59,188643.91,0,0
22,CASH_OUT,26289.82,C1000396,465281.01,438991.19,C3000396,812451.13,838740.95,0,0
3,PAYMENT,120231.34,C1000397,214171.4,93940.06,M2000397,561813.88,682045.22,0,0
16,PAYMENT,6956.15,C1000398,165697.07,158740.92,M2000398,546091.33,553047.48,0,0
29,DEBIT,99563.46,C1000399,488620.78,389057.32,C3000399,957813.18,1057376.64,0,0
9,CASH_IN,31053.05,C1000400,431721.57,400668.52,C3000400,747644.61,778697.66,0,0
4,PAYMENT,36666.29,C1000401,161521.79,124855.5,M2000401,850118.87,886785.16,0,0
1,PAYMENT,73073.01,C1000402,231890.3,158817.29,M2000402,353995.57,427068.58,0,0
4,CASH_OUT,86544.19,C1000403,207539.06,120994.87,C3000403,554364.04,640908.23,0,0
1,TRANSFER,124672.17,C1000404,74547.84,74547.84,C3000404,615405.68,740077.85,0,0
14,DEBIT,14978.24,C1000405,478909.66,463931.42,C3000405,321583.94,336562.18,0,0
21,DEBIT,100787.98,C1000406,202156.22,101368.24,C3000406,570248.12,671036.1,0,0
16,TRANSFER,36606.76,C1000407,437664.54,401057.78,C3000407,236655.38,273262.14,0,0
20,PAYMENT,114837.64,C1000408,94678.11,94678.11,M2000408,143375.67,258213.31,0,0
24,CASH_OUT,127517.18,C1000409,273935.41,146418.23,C3000409,373970.26,501487.44,0,0
8,CASH_OUT,111386.18,C1000410,11980.69,11980.69,C3000410,739289.63,850675.81,0,0
7,DEBIT,147685.27,C1000411,382110.24,234424.97,C3000411,916187.15,1063872.42,0,0
3,CASH_OUT,67188.29,C1000412,290456.95,223268.66,C3000412,457714.05,524902.34,0,0
17,TRANSFER,153044.81,C1000413,312794.79,159749.98,C3000413,642823.69,795868.5,0,0
1,PAYMENT,86610.14,C1000414,25860.44,25860.44,M2000414,103037.13,189647.27,0,0
16,TRANSFER,96888.48,C1000415,105519.17,8630.69,C3000415,904463.76,1001352.24,0,0
12,CASH_IN,129655.62,C1000416,37165.44,37165.44,C3000416,568604.21,698259.83,0,0
27,DEBIT,3769.84,C1000417,144457.16,140687.32,C3000417,780338.25,784108.09,0,0
19,CASH_OUT,130833.44,C1000418,313719.5,182886.06,C3000418,794441.2,925274.64,0,0
22,CASH_IN,123755.17,C1000419,283092.99,159337.82,C3000419,256480.53,380235.7,0,0
23,CASH_OUT,62038.44,C1000420,306074.91,244036.47,C3000420,529174.45,591212.89,0,0
22,PAYMENT,17250.28,C1000421,274625.64,257375.36,M2000421,960479.75,977730.03,0,0
14,PAYMENT,18278.0,C1000422,136514.4,118236.4,M2000422,89634.54,107912.54,0,0
30,PAYMENT,184652.43,C1000423,122253.75,122253.75,M2000423,683049.9,867702.33,0,0
6,CASH_OUT,137886.94,C1000424,68529.84,68529.84,C3000424,962264.08,1100151.02,0,0
6,CASH_IN,25507.81,C1000425,424535.44,399027.63,C3000425,300577.11,326084.92,0,0
13,PAYMENT,71408.96,C1000426,308239.68,236830.72,M2000426,861447.92,932856.88,0,0
19,CASH_IN,118537.35,C1000427,93255.51,93255.51,C3000427,933657.55,1052194.9,0,0
22,CASH_OUT,167130.78,C1000428,88604.69,88604.69,C3000428,747086.21,914216.99,0,0
8,CASH_IN,8827.82,C1000429,436517.8,427689.98,C3000429,231328.31,240156.13,0,0
27,CASH_OUT,47402.96,C1000430,371365.43,323962.47,C3000430,334000.72,381403.68,0,0
27,CASH_OUT,177960.82,C1000431,329699.54,151738.72,C3000431,35809.29,213770.11,1,0
2,DEBIT,1932.19,C1000432,203432.05,201499.86,C3000432,831453.23,833385.42,0,0
21,CASH_OUT,40359.68,C1000433,130987.78,90628.1,C3000433,849611.19,889970.87,0,0
30,CASH_OUT,191808.93,C1000434,489725.38,297916.45,C3000434,632710.31,824519.24,1,1
1,TRANSFER,122719.03,C1000435,398619.79,275900.76,C3000435,352527.85,475246.88,0,0
28,PAYMENT,52408.11,C1000436,150889.61,98481.5,M2000436,76811.03,129219.14,0,0
15,DEBIT,13491.52,C1000437,423782.4,410290.88,C3000437,753057.61,766549.13,0,0
1,DEBIT,5735.45,C1000438,379465.97,373730.52,C3000438,726526.19,732261.64,0,0
5,DEBIT,49024.54,C1000439,148540.27,99515.73,C3000439,912602.52,961627.06,0,0
28,TRANSFER,176309.02,C1000440,213276.43,36967.41,C3000440,730532.02,906841.04,0,0
29,CASH_OUT,83241.14,C1000441,92976.72,9735.58,C3000441,828694.94,911936.08,0,0
16,PAYMENT,144094.64,C1000442,55526.22,55526.22,M2000442,745954.62,890049.26,0,0
19,CASH_IN,183665.18,C1000443,361381.02,177715.84,C3000443,630687.19,814352.37,0,0
4,CASH_OUT,81667.29,C1000444,133755.93,52088.64,C3000444,426966.39,508633.68,0,0
3,TRANSFER,38336.35,C1000445,410029.68,371693.33,C3000445,902117.31,940453.66,0,0
17,CASH_OUT,103471.87,C1000446,497804.36,394332.49,C3000446,650968.57,754440.44,0,0
17,CASH_OUT,181625.93,C1000447,38309.91,38309.91,C3000447,398355.32,579981.25,0,0
12,TRANSFER,160894.45,C1000448,236517.56,75623.11,C3000448,83469.3,244363.75,1,0
28,DEBIT,13259.39,C1000449,401031.28,387771.89,C3000449,290704.86,303964.25,0,0
30,DEBIT,138545.3,C1000450,394475.45,255930.15,C3000450,543726.73,682272.03,0,0
29,PAYMENT,114422.31,C1000451,379998.58,265576.27,M2000451,275635.37,390057.68,0,0
14,PAYMENT,181501.89,C1000452,174497.47,174497.47,M2000452,221235.35,402737.24,0,0
21,DEBIT,24584.04,C1000453,226926.63,202342.59,C3000453,527393.51,551977.55,0,0
6,CASH_IN,106853.82,C1000454,297484.18,190630.36,C3000454,169820.35,276674.17,0,0
3,CASH_OUT,175904.59,C1000455,486970.29,311065.7,C3000455,800410.06,976314.65,0,0
28,CASH_IN,82063.75,C1000456,163773.64,81709.89,C3000456,484368.15,566431.9,0,0
9,CASH_OUT,96450.78,C1000457,461571.94,365121.16,C3000457,573862.77,670313.55,0,0
5,DEBIT,14185.09,C1000458,134678.46,120493.37,C3000458,147383.27,161568.36,0,0
24,PAYMENT,55700.91,C1000459,494537.23,438836.32,M2000459,324576.34,380277.25,0,0
29,PAYMENT,64968.88,C1000460,335131.84,270162.96,M2000460,410089.68,475058.56,0,0
17,CASH_IN,189029.98,C1000461,231755.74,42725.76,C3000461,808212.83,997242.81,0,0
14,PAYMENT,56605.21,C1000462,306695.21,250090.0,M2000462,770159.52,826764.73,0,0
21,DEBIT,92227.66,C1000463,136265.58,44037.92,C3000463,222977.47,315205.13,0,0
3,CASH_IN,134293.75,C1000464,137086.93,2793.18,C3000464,616179.08,750472.83,0,0
28,CASH_OUT,32520.46,C1000465,56777.27,24256.81,C3000465,243456.36,275976.82,0,0
1,PAYMENT,97339.83,C1000466,57025.15,57025.15,M2000466,988247.16,1085586.99,0,0
20,TRANSFER,147733.95,C1000467,173835.87,26101.92,C3000467,952123.88,1099857.83,0,0
29,PAYMENT,173384.36,C1000468,381427.74,208043.38,M2000468,563264.72,736649.08,0,0
21,CASH_OUT,125289.23,C1000469,303985.58,178696.35,C3000469,698902.57,824191.8,0,0
23,CASH_IN,133843.8,C1000470,51292.28,51292.28,C3000470,801430.38,935274.18,0,0
1,CASH_OUT,25344.07,C1000471,426118.26,400774.19,C3000471,720998.42,746342.49,0,0
3,TRANSFER,189160.72,C1000472,300683.81,111523.09,C3000472,699828.69,888989.41,0,0
18,DEBIT,26601.56,C1000473,480427.79,453826.23,C3000473,958554.01,985155.57,0,0
25,PAYMENT,154957.12,C1000474,335092.73,180135.61,M2000474,596456.11,751413.23,0,0
10,CASH_IN,53036.78,C1000475,87587.43,34550.65,C3000475,636302.67,689339.45,0,0
22,DEBIT,186725.27,C1000476,236891.68,50166.41,C3000476,849268.75,1035994.02,0,0
26,CASH_OUT,144019.91,C1000477,324248.8,180228.89,C3000477,669890.87,813910.78,0,0
3,CASH_IN,150787.36,C1000478,14132.35,14132.35,C3000478,732932.62,883719.98,0,0
8,DEBIT,43889.93,C1000479,7455.13,7455.13,C3000479,234168.69,278058.62,0,0
14,CASH_IN,88663.69,C1000480,64701.5,64701.5,C3000480,371266.92,459930.61,0,0
24,TRANSFER,123600.86,C1000481,125832.22,2231.36,C3000481,147301.35,270902.21,0,0
18,TRANSFER,154017.73,C1000482,214774.56,60756.83,C3000482,505765.44,659783.17,1,0
15,PAYMENT,20881.48,C1000483,243720.24,222838.76,M2000483,455727.4,476608.88,0,0
22,PAYMENT,192476.83,C1000484,69013.8,69013.8,M2000484,997162.81,1189639.64,0,1
23,TRANSFER,178055.11,C1000485,336695.79,158640.68,C3000485,611208.65,789263.76,1,0
2,CASH_IN,54142.68,C1000486,298069.03,243926.35,C3000486,786444.82,840587.5,0,0
27,TRANSFER,164569.77,C1000487,147232.05,147232.05,C3000487,334014.67,498584.44,1,0
10,PAYMENT,103712.95,C1000488,6829.94,6829.94,M2000488,831545.33,935258.28,0,0
2,TRANSFER,92415.12,C1000489,38823.96,38823.96,C3000489,615084.97,707500.09,0,0
26,TRANSFER,62955.38,C1000490,195847.39,132892.01,C3000490,696992.33,759947.71,0,0
17,CASH_IN,116235.62,C1000491,76987.18,76987.18,C3000491,294430.78,410666.4,0,0
8,DEBIT,146004.83,C1000492,188409.8,42404.97,C3000492,548638.39,694643.22,0,0
1,PAYMENT,82245.49,C1000493,314091.3,231845.81,M2000493,634036.97,716282.46,0,0
9,CASH_IN,125880.92,C1000494,273618.71,147737.79,C3000494,589094.68,714975.6,0,0
11,TRANSFER,139892.65,C1000495,115587.94,115587.94,C3000495,915193.71,1055086.36,0,0
22,TRANSFER,142253.25,C1000496,171911.25,29658.0,C3000496,898272.66,1040525.91,0,0
16,DEBIT,10488.02,C1000497,307015.6,296527.58,C3000497,970984.06,981472.08,0,0
7,PAYMENT,171963.59,C1000498,430427.51,258463.92,M2000498,667428.01,839391.6,0,0
29,PAYMENT,91704.84,C1000499,376606.72,284901.88,M2000499,971914.13,1063618.97,0,0
10,CASH_OUT,52556.97,C1000500,276700.01,224143.04,C3000500,832478.0,885034.97,0,0
23,PAYMENT,48428.73,C1000501,181146.5,132717.77,M2000501,270832.14,319260.87,0,0
26,DEBIT,96654.52,C1000502,182525.64,85871.12,C3000502,427435.67,524090.19,0,0
3,CASH_OUT,177377.62,C1000503,439708.66,262331.04,C3000503,238392.44,415770.06,0,0
18,CASH_OUT,75731.68,C1000504,19621.79,19621.79,C3000504,4197.16,79928.84,0,0
25,TRANSFER,149970.18,C1000505,493991.32,344021.14,C3000505,188048.75,338018.93,0,0
24,TRANSFER,19454.06,C1000506,332187.71,312733.65,C3000506,4060.59,23514.65,0,0
13,PAYMENT,95263.73,C1000507,340568.85,245305.12,M2000507,719838.46,815102.19,0,0
28,CASH_OUT,198338.06,C1000508,18998.92,18998.92,C3000508,425534.3,623872.36,1,1
26,TRANSFER,154110.52,C1000509,302764.64,148654.12,C3000509,312574.73,466685.25,1,0
7,DEBIT,42184.64,C1000510,242389.03,200204.39,C3000510,761720.89,803905.53,0,0
25,TRANSFER,100338.15,C1000511,52889.45,52889.45,C3000511,832486.77,932824.92,0,0
4,TRANSFER,46801.59,C1000512,138961.01,92159.42,C3000512,975299.54,1022101.13,0,0
13,CASH_OUT,81971.23,C1000513,445157.23,363186.0,C3000513,642013.58,723984.81,0,0
20,CASH_OUT,156038.8,C1000514,274994.21,118955.41,C3000514,461528.96,617567.76,1,0
1,CASH_IN,154267.84,C1000515,206708.29,52440.45,C3000515,305264.3,459532.14,0,0
8,DEBIT,45697.27,C1000516,36341.08,36341.08,C3000516,222318.21,268015.48,0,0
14,CASH_OUT,184452.44,C1000517,357060.76,172608.32,C3000517,212925.95,397378.39,1,0
16,PAYMENT,118554.38,C1000518,351425.41,232871.03,M2000518,409189.37,527743.75,0,0
14,DEBIT,76046.87,C1000519,307021.8,230974.93,C3000519,991786.36,1067833.23,0,0
12,DEBIT,100436.92,C1000520,255131.32,154694.4,C3000520,853.7,101290.62,0,0
19,CASH_OUT,121053.74,C1000521,216892.2,95838.46,C3000521,197205.9,318259.64,0,0
23,DEBIT,112022.12,C1000522,296635.55,184613.43,C3000522,188392.98,300415.1,0,0
15,CASH_OUT,97332.37,C1000523,116697.73,19365.36,C3000523,717119.49,814451.86,0,0
28,TRANSFER,101036.07,C1000524,470629.53,369593.46,C3000524,352484.73,453520.8,0,0
2,CASH_IN,35364.74,C1000525,294397.26,259032.52,C3000525,457260.8,492625.54,0,0
2,TRANSFER,162565.31,C1000526,155596.22,155596.22,C3000526,148624.13,311189.44,1,0
23,CASH_OUT,108397.89,C1000527,224839.93,116442.04,C3000527,404997.04,513394.93,0,0
22,CASH_OUT,26302.86,C1000528,402842.39,376539.53,C3000528,103199.81,129502.67,0,0
19,TRANSFER,153254.8,C1000529,80808.03,80808.03,C3000529,533043.29,686298.09,1,0
25,PAYMENT,186495.55,C1000530,146417.81,146417.81,M2000530,97938.37,284433.92,0,0
26,PAYMENT,189466.65,C1000531,339754.01,150287.36,M2000531,790508.38,979975.03,0,0
30,PAYMENT,73866.64,C1000532,157744.6,83877.96,M2000532,566601.72,640468.36,0,0
29,CASH_OUT,27189.82,C1000533,396250.84,369061.02,C3000533,723967.87,751157.69,0,0
22,DEBIT,103728.09,C1000534,65226.74,65226.74,C3000534,418516.39,522244.48,0,0
26,CASH_OUT,22610.58,C1000535,381343.09,358732.51,C3000535,381491.29,404101.87,0,0
26,DEBIT,186804.08,C1000536,34175.86,34175.86,C3000536,98208.89,285012.97,0,0
22,TRANSFER,36797.57,C1000537,6296.31,6296.31,C3000537,523855.61,560653.18,0,0
17,CASH_IN,50627.9,C1000538,449111.76,398483.86,C3000538,514502.16,565130.06,0,0
20,DEBIT,81386.64,C1000539,290669.61,209282.97,C3000539,468102.04,549488.68,0,0
10,PAYMENT,76694.58,C1000540,175913.45,99218.87,M2000540,740518.36,817212.94,0,0
6,CASH_OUT,158953.11,C1000541,116297.32,116297.32,C3000541,832504.4,991457.51,1,0
15,TRANSFER,91317.73,C1000542,308442.89,217125.16,C3000542,750789.67,842107.4,0,0
22,PAYMENT,34236.58,C1000543,254501.09,220264.51,M2000543,143865.74,178102.32,0,0
11,TRANSFER,53515.26,C1000544,495798.89,442283.63,C3000544,622059.51,675574.77,0,0
28,CASH_IN,101871.77,C1000545,491607.99,389736.22,C3000545,80323.11,182194.88,0,0
5,CASH_OUT,29576.04,C1000546,317512.28,287936.24,C3000546,694622.29,724198.33,0,0
1,CASH_OUT,122369.97,C1000547,221435.25,99065.28,C3000547,381839.1,504209.07,0,0
8,CASH_IN,113192.89,C1000548,245570.48,132377.59,C3000548,132498.96,245691.85,0,0
21,CASH_OUT,142968.99,C1000549,341239.53,198270.54,C3000549,862050.86,1005019.85,0,0
28,DEBIT,187547.15,C1000550,50787.27,50787.27,C3000550,614008.34,801555.49,0,0
12,TRANSFER,182459.69,C1000551,164176.04,164176.04,C3000551,354724.97,537184.66,1,0
12,PAYMENT,189220.52,C1000552,37636.12,37636.12,M2000552,30727.18,219947.7,0,0
5,CASH_IN,49018.65,C1000553,36680.38,36680.38,C3000553,537310.26,586328.91,0,0
7,DEBIT,26399.9,C1000554,97919.62,71519.72,C3000554,923225.88,949625.78,0,0
4,PAYMENT,60525.11,C1000555,242626.63,182101.52,M2000555,596379.83,656904.94,0,0
6,PAYMENT,179027.53,C1000556,392387.16,213359.63,M2000556,971650.6,1150678.13,0,0
13,CASH_IN,194413.49,C1000557,242747.95,48334.46,C3000557,136451.12,330864.61,0,1
20,DEBIT,171879.06,C1000558,167738.31,167738.31,C3000558,568305.1,740184.16,0,0
30,PAYMENT,22092.54,C1000559,41176.5,19083.96,M2000559,798125.05,820217.59,0,0
15,PAYMENT,189490.86,C1000560,275147.76,85656.9,M2000560,525540.73,715031.59,0,0
3,DEBIT,84729.27,C1000561,135634.29,50905.02,C3000561,91066.36,175795.63,0,0
23,CASH_OUT,1961.13,C1000562,307467.09,305505.96,C3000562,582886.0,584847.13,0,0
8,PAYMENT,88534.51,C1000563,488593.87,400059.36,M2000563,611737.91,700272.42,0,0
20,TRANSFER,9309.23,C1000564,55657.16,46347.93,C3000564,728709.25,738018.48,0,0
16,DEBIT,108821.2,C1000565,106062.7,106062.7,C3000565,761211.52,870032.72,0,0
13,PAYMENT,67776.95,C1000566,236547.27,168770.32,M2000566,770772.69,838549.64,0,0
18,CASH_IN,94739.64,C1000567,484306.91,389567.27,C3000567,663444.39,758184.03,0,0
28,TRANSFER,122672.76,C1000568,385904.89,263232.13,C3000568,215811.19,338483.95,0,0
10,PAYMENT,173773.34,C1000569,449114.6,275341.26,M2000569,404235.76,578009.1,0,0
30,TRANSFER,132414.13,C1000570,166857.42,34443.29,C3000570,776129.97,908544.1,0,0
19,TRANSFER,86866.37,C1000571,496019.24,409152.87,C3000571,953426.98,1040293.35,0,0
17,CASH_OUT,163903.63,C1000572,51416.41,51416.41,C3000572,78946.96,242850.59,1,0
24,TRANSFER,181125.87,C1000573,26486.45,26486.45,C3000573,535536.68,716662.55,0,0
19,CASH_OUT,24040.02,C1000574,427801.31,403761.29,C3000574,312522.27,336562.29,0,0
28,DEBIT,106433.4,C1000575,463632.44,357199.04,C3000575,225393.89,331827.29,0,0
26,CASH_OUT,56973.94,C1000576,45292.68,45292.68,C3000576,505810.68,562784.62,0,0
23,CASH_IN,9507.53,C1000577,56713.71,47206.18,C3000577,606089.34,615596.87,0,0
26,PAYMENT,133742.48,C1000578,16587.08,16587.08,M2000578,9772.23,143514.71,0,0
5,DEBIT,172567.88,C1000579,52253.78,52253.78,C3000579,780206.57,952774.45,0,0
26,DEBIT,32664.24,C1000580,104709.91,72045.67,C3000580,819882.13,852546.37,0,0
21,CASH_IN,162501.49,C1000581,485038.31,322536.82,C3000581,965510.82,1128012.31,0,0
30,CASH_OUT,170693.81,C1000582,333930.11,163236.3,C3000582,180643.73,351337.54,1,0
23,PAYMENT,182876.65,C1000583,389276.51,206399.86,M2000583,594552.56,777429.21,0,0
9,CASH_OUT,53130.49,C1000584,388069.7,334939.21,C3000584,426625.37,479755.86,0,0
12,TRANSFER,180800.22,C1000585,267536.87,86736.65,C3000585,334827.85,515628.07,1,0
21,CASH_OUT,64200.48,C1000586,398744.49,334544.01,C3000586,565633.45,629833.93,0,0
1,DEBIT,110512.37,C1000587,297903.77,187391.4,C3000587,782383.09,892895.46,0,0
26,PAYMENT,10196.44,C1000588,157273.05,147076.61,M2000588,23052.78,33249.22,0,0
26,CASH_OUT,8871.83,C1000589,280555.05,271683.22,C3000589,969400.11,978271.94,0,0
1,PAYMENT,144102.61,C1000590,266754.29,122651.68,M2000590,809881.59,953984.2,0,0
15,PAYMENT,88951.55,C1000591,411726.53,322774.98,M2000591,751153.7,840105.25,0,0
2,TRANSFER,51332.85,C1000592,490863.61,439530.76,C3000592,760387.38,811720.23,0,0
30,TRANSFER,38163.66,C1000593,205521.28,167357.62,C3000593,389060.71,427224.37,0,0
22,DEBIT,134023.7,C1000594,381695.34,247671.64,C3000594,751620.55,885644.25,0,0
16,CASH_IN,180.27,C1000595,49881.5,49701.23,C3000595,386770.21,386950.48,0,0
25,PAYMENT,161197.64,C1000596,388415.68,227218.04,M2000596,898706.83,1059904.47,0,0
8,CASH_IN,15942.0,C1000597,185708.46,169766.46,C3000597,177222.38,193164.38,0,0
13,DEBIT,38378.77,C1000598,19695.08,19695.08,C3000598,292347.42,330726.19,0,0
21,PAYMENT,77308.66,C1000599,181623.09,104314.43,M2000599,551337.54,628646.2,0,0
1,PAYMENT,97023.26,C1000600,305321.38,208298.12,M2000600,319211.04,416234.3,0,0
16,CASH_IN,71063.52,C1000601,59625.08,59625.08,C3000601,424237.25,495300.77,0,0
29,CASH_OUT,64210.36,C1000602,462017.25,397806.89,C3000602,492422.69,556633.05,0,0
7,TRANSFER,192786.81,C1000603,38836.21,38836.21,C3000603,856353.35,1049140.16,0,1
5,CASH_OUT,128351.78,C1000604,465003.36,336651.58,C3000604,523192.25,651544.03,0,0
22,CASH_IN,4784.25,C1000605,353568.76,348784.51,C3000605,362459.85,367244.1,0,0
29,TRANSFER,86092.16,C1000606,164856.09,78763.93,C3000606,247736.16,333828.32,0,0
23,CASH_OUT,175014.24,C1000607,195375.17,20360.93,C3000607,408675.98,583690.22,1,0
3,TRANSFER,60361.09,C1000608,370404.68,310043.59,C3000608,515736.1,576097.19,0,0
12,PAYMENT,19001.81,C1000609,300735.55,281733.74,M2000609,746114.86,765116.67,0,0
26,CASH_OUT,151701.12,C1000610,335821.46,184120.34,C3000610,121048.78,272749.9,0,0
16,TRANSFER,121242.17,C1000611,194582.31,73340.14,C3000611,221609.19,342851.36,0,0
19,TRANSFER,114105.47,C1000612,243906.74,129801.27,C3000612,379654.02,493759.49,0,0
5,TRANSFER,10809.95,C1000613,494933.74,484123.79,C3000613,360398.41,371208.36,0,0
22,CASH_OUT,28185.75,C1000614,106961.44,78775.69,C3000614,391748.09,419933.84,0,0
25,DEBIT,124547.62,C1000615,208928.09,84380.47,C3000615,793521.26,918068.88,0,0
29,CASH_OUT,41643.99,C1000616,145911.59,104267.6,C3000616,324154.4,365798.39,0,0
14,CASH_IN,100863.61,C1000617,382555.76,281692.15,C3000617,501898.18,602761.79,0,0
28,CASH_OUT,109021.85,C1000618,382006.31,272984.46,C3000618,623907.03,732928.88,0,0
5,TRANSFER,56773.09,C1000619,146222.73,89449.64,C3000619,232178.55,288951.64,0,0
15,PAYMENT,189690.19,C1000620,40695.16,40695.16,M2000620,718695.39,908385.58,0,0
17,CASH_OUT,168508.57,C1000621,5716.34,5716.34,C3000621,547111.32,715619.89,1,0
30,CASH_OUT,144502.46,C1000622,213725.27,69222.81,C3000622,446781.16,591283.62,0,0
14,TRANSFER,15690.97,C1000623,205168.8,189477.83,C3000623,809784.03,825475.0,0,0
30,PAYMENT,21315.39,C1000624,494194.94,472879.55,M2000624,243495.26,264810.65,0,0
20,PAYMENT,98606.99,C1000625,234901.04,136294.05,M2000625,883175.97,981782.96,0,0
5,CASH_IN,32226.6,C1000626,128209.18,95982.58,C3000626,561048.74,593275.34,0,0
12,CASH_OUT,195655.27,C1000627,445614.72,249959.45,C3000627,609174.88,804830.15,1,1
16,PAYMENT,31788.19,C1000628,245533.97,213745.78,M2000628,875058.96,906847.15,0,0
26,PAYMENT,97544.82,C1000629,299587.82,202043.0,M2000629,817582.69,915127.51,0,0
26,DEBIT,72887.8,C1000630,47834.36,47834.36,C3000630,601562.07,674449.87,0,0
16,DEBIT,127913.35,C1000631,191458.2,63544.85,C3000631,753187.7,881101.05,0,0
21,PAYMENT,25894.38,C1000632,472111.84,446217.46,M2000632,433319.49,459213.87,0,0
7,CASH_IN,86120.25,C1000633,294752.69,208632.44,C3000633,547377.75,633498.0,0,0
4,PAYMENT,55013.54,C1000634,172250.93,117237.39,M2000634,62070.14,117083.68,0,0
1,TRANSFER,177561.53,C1000635,312833.59,135272.06,C3000635,89857.92,267419.45,0,0
30,CASH_OUT,8213.08,C1000636,455205.54,446992.46,C3000636,829425.4,837638.48,0,0
30,CASH_IN,182754.13,C1000637,136995.3,136995.3,C3000637,59671.66,242425.79,0,0
5,TRANSFER,166615.53,C1000638,252558.36,85942.83,C3000638,169399.13,336014.66,0,0
23,CASH_IN,59584.39,C1000639,479345.33,419760.94,C3000639,795832.66,855417.05,0,0
26,TRANSFER,157879.2,C1000640,86198.07,86198.07,C3000640,1145.95,159025.15,1,0
10,CASH_OUT,6339.59,C1000641,359831.96,353492.37,C3000641,282404.33,288743.92,0,0
22,CASH_OUT,193376.42,C1000642,307240.5,113864.08,C3000642,584038.66,777415.08,0,1
5,DEBIT,105366.33,C1000643,339837.57,234471.24,C3000643,595449.93,700816.26,0,0
4,TRANSFER,60725.88,C1000644,175609.82,114883.94,C3000644,777152.91,837878.79,0,0
2,DEBIT,72580.38,C1000645,156939.69,84359.31,C3000645,505926.25,578506.63,0,0
20,TRANSFER,13374.43,C1000646,342104.84,328730.41,C3000646,509401.87,522776.3,0,0
10,DEBIT,197870.97,C1000647,107771.64,107771.64,C3000647,725310.58,923181.55,0,1
26,CASH_OUT,7954.46,C1000648,209827.37,201872.91,C3000648,498624.46,506578.92,0,0
19,CASH_IN,131015.93,C1000649,94087.32,94087.32,C3000649,608491.09,739507.02,0,0
26,DEBIT,88602.91,C1000650,4152.42,4152.42,C3000650,897774.07,986376.98,0,0
1,TRANSFER,189788.35,C1000651,485028.68,295240.33,C3000651,401451.01,591239.36,0,0
24,TRANSFER,49275.35,C1000652,215851.49,166576.14,C3000652,385125.07,434400.42,0,0
5,CASH_OUT,106464.16,C1000653,484674.81,378210.65,C3000653,3548.99,110013.15,0,0
13,TRANSFER,96523.01,C1000654,70161.76,70161.76,C3000654,613426.26,709949.27,0,0
4,PAYMENT,140603.0,C1000655,293683.39,153080.39,M2000655,29771.91,170374.91,0,0
16,CASH_IN,13695.25,C1000656,100487.02,86791.77,C3000656,504148.49,517843.74,0,0
24,DEBIT,38838.45,C1000657,395037.06,356198.61,C3000657,804233.79,843072.24,0,0
16,CASH_IN,42991.51,C1000658,391851.49,348859.98,C3000658,549921.07,592912.58,0,0
23,CASH_OUT,147656.34,C1000659,56303.57,56303.57,C3000659,269636.17,417292.51,0,0
2,DEBIT,37908.83,C1000660,456032.23,418123.4,C3000660,786168.42,824077.25,0,0
17,DEBIT,114741.0,C1000661,97314.82,97314.82,C3000661,269717.0,384458.0,0,0
28,PAYMENT,43127.24,C1000662,306488.67,263361.43,M2000662,733031.78,776159.02,0,0
27,CASH_OUT,172338.83,C1000663,492816.81,320477.98,C3000663,610258.46,782597.29,1,0
20,TRANSFER,188442.87,C1000664,441198.27,252755.4,C3000664,169996.3,358439.17,0,0
24,PAYMENT,103746.75,C1000665,478281.96,374535.21,M2000665,905133.87,1008880.62,0,0
12,PAYMENT,70526.55,C1000666,171299.39,100772.84,M2000666,200643.68,271170.23,0,0
18,CASH_IN,46888.15,C1000667,52787.82,5899.67,C3000667,989587.07,1036475.22,0,0
3,CASH_IN,10051.22,C1000668,94173.44,84122.22,C3000668,7310.49,17361.71,0,0
28,CASH_IN,53773.17,C1000669,250247.45,196474.28,C3000669,263483.38,317256.55,0,0
1,PAYMENT,130881.73,C1000670,396614.84,265733.11,M2000670,199860.3,330742.03,0,0
1,TRANSFER,106770.02,C1000671,75076.82,75076.82,C3000671,13993.41,120763.43,0,0
29,DEBIT,188813.85,C1000672,329865.77,141051.92,C3000672,732367.9,921181.75,0,0
19,CASH_IN,79315.82,C1000673,161788.8,82472.98,C3000673,693425.8,772741.62,0,0
11,TRANSFER,138803.28,C1000674,170601.04,31797.76,C3000674,792350.96,931154.24,0,0
5,CASH_OUT,97915.62,C1000675,330958.87,233043.25,C3000675,256698.55,354614.17,0,0
12,CASH_IN,102563.99,C1000676,233499.71,130935.72,C3000676,444335.17,546899.16,0,0
3,DEBIT,53628.09,C1000677,406016.65,352388.56,C3000677,659113.52,712741.61,0,0
1,CASH_OUT,91044.66,C1000678,77959.25,77959.25,C3000678,439768.5,530813.16,0,0
1,CASH_OUT,94209.92,C1000679,394974.13,300764.21,C3000679,697325.77,791535.69,0,0
8,DEBIT,141357.84,C1000680,32117.62,32117.62,C3000680,633973.41,775331.25,0,0
10,CASH_IN,188133.94,C1000681,97026.94,97026.94,C3000681,114647.8,302781.74,0,0
11,PAYMENT,65931.32,C1000682,328074.86,262143.54,M2000682,781043.12,846974.44,0,0
12,DEBIT,8535.87,C1000683,427462.83,418926.96,C3000683,720676.36,729212.23,0,0
29,DEBIT,99309.4,C1000684,126339.81,27030.41,C3000684,655834.39,755143.79,0,0
13,DEBIT,108937.82,C1000685,163595.8,54657.98,C3000685,155093.61,264031.43,0,0
12,CASH_OUT,33771.27,C1000686,268560.37,234789.1,C3000686,267996.45,301767.72,0,0
14,TRANSFER,152116.87,C1000687,105786.4,105786.4,C3000687,393177.03,545293.9,1,0
2,PAYMENT,196987.33,C1000688,405578.13,208590.8,M2000688,279929.62,476916.95,0,1
29,CASH_IN,189160.37,C1000689,386818.32,197657.95,C3000689,227810.29,416970.66,0,0
19,CASH_IN,39501.5,C1000690,72645.86,33144.36,C3000690,805357.67,844859.17,0,0
18,TRANSFER,175085.11,C1000691,231914.87,56829.76,C3000691,638232.25,813317.36,1,0
3,DEBIT,140928.28,C1000692,387413.88,246485.6,C3000692,565472.13,706400.41,0,0
23,PAYMENT,90823.93,C1000693,168664.77,77840.84,M2000693,225952.71,316776.64,0,0
17,CASH_IN,108168.14,C1000694,316553.41,208385.27,C3000694,918076.56,1026244.7,0,0
26,CASH_IN,169935.07,C1000695,25106.56,25106.56,C3000695,191183.04,361118.11,0,0
8,DEBIT,96078.97,C1000696,304344.38,208265.41,C3000696,794950.93,891029.9,0,0
29,TRANSFER,74704.15,C1000697,76326.49,1622.34,C3000697,966672.67,1041376.82,0,0
26,PAYMENT,98700.17,C1000698,415291.66,316591.49,M2000698,727092.73,825792.9,0,0
10,TRANSFER,115868.05,C1000699,177724.73,61856.68,C3000699,992858.78,1108726.83,0,0
26,TRANSFER,37896.62,C1000700,140776.93,102880.31,C3000700,651051.12,688947.74,0,0
30,PAYMENT,180191.46,C1000701,420444.49,240253.03,M2000701,217460.34,397651.8,0,0
2,PAYMENT,134869.97,C1000702,25072.01,25072.01,M2000702,203819.49,338689.46,0,0
19,CASH_IN,126690.46,C1000703,198304.4,71613.94,C3000703,324564.28,451254.74,0,0
9,CASH_IN,19989.3,C1000704,185001.77,165012.47,C3000704,7130.02,27119.32,0,0
7,PAYMENT,120874.37,C1000705,142400.19,21525.82,M2000705,681698.47,802572.84,0,0
4,CASH_OUT,24280.04,C1000706,455877.17,431597.13,C3000706,268667.78,292947.82,0,0
26,CASH_IN,15831.67,C1000707,375464.2,359632.53,C3000707,815183.23,831014.9,0,0
21,CASH_OUT,105509.45,C1000708,31961.58,31961.58,C3000708,359172.65,464682.1,0,0
18,PAYMENT,80616.83,C1000709,357343.72,276726.89,M2000709,479956.49,560573.32,0,0
13,CASH_IN,117803.17,C1000710,263649.57,145846.4,C3000710,965688.92,1083492.09,0,0
11,TRANSFER,17935.51,C1000711,450433.95,432498.44,C3000711,242172.12,260107.63,0,0
29,PAYMENT,86253.51,C1000712,156472.81,70219.3,M2000712,721254.1,807507.61,0,0
24,DEBIT,35039.86,C1000713,287081.0,252041.14,C3000713,755117.79,790157.65,0,0
4,CASH_OUT,197421.31,C1000714,250377.64,52956.33,C3000714,220998.16,418419.47,1,1
25,PAYMENT,112273.93,C1000715,244780.45,132506.52,M2000715,500996.84,613270.77,0,0
21,PAYMENT,137518.63,C1000716,228052.7,90534.07,M2000716,350201.93,487720.56,0,0
29,CASH_IN,65151.11,C1000717,102814.74,37663.63,C3000717,771906.24,837057.35,0,0
25,CASH_IN,19038.31,C1000718,377854.96,358816.65,C3000718,622483.32,641521.63,0,0
4,CASH_IN,195176.59,C1000719,225668.02,30491.43,C3000719,475983.05,671159.64,0,1
10,DEBIT,57323.18,C1000720,479258.14,421934.96,C3000720,779363.27,836686.45,0,0
5,CASH_IN,84819.26,C1000721,130404.21,45584.95,C3000721,235155.57,319974.83,0,0
9,PAYMENT,130007.8,C1000722,341371.92,211364.12,M2000722,753621.88,883629.68,0,0
24,CASH_IN,5036.99,C1000723,470358.54,465321.55,C3000723,865374.31,870411.3,0,0
3,TRANSFER,162070.8,C1000724,331729.16,169658.36,C3000724,878621.6,1040692.4,1,0
17,CASH_IN,107361.98,C1000725,435636.45,328274.47,C3000725,783673.59,891035.57,0,0
3,DEBIT,55715.62,C1000726,413740.48,358024.86,C3000726,408014.17,463729.79,0,0
16,TRANSFER,12415.44,C1000727,180058.86,167643.42,C3000727,981808.02,994223.46,0,0
4,PAYMENT,32583.43,C1000728,300061.97,267478.54,M2000728,379593.64,412177.07,0,0
18,PAYMENT,179017.27,C1000729,78130.67,78130.67,M2000729,638625.4,817642.67,0,0
17,CASH_OUT,137236.24,C1000730,267762.94,130526.7,C3000730,161074.18,298310.42,0,0
7,TRANSFER,50055.35,C1000731,115210.99,65155.64,C3000731,980448.9,1030504.25,0,0
24,CASH_OUT,13213.59,C1000732,371868.41,358654.82,C3000732,703985.92,717199.51,0,0
23,TRANSFER,138154.0,C1000733,264029.21,125875.21,C3000733,753377.55,891531.55,0,0
30,TRANSFER,114524.3,C1000734,205613.68,91089.38,C3000734,65776.7,180301.0,0,0
5,DEBIT,80963.45,C1000735,134398.55,53435.1,C3000735,763417.81,844381.26,0,0
12,CASH_OUT,72785.93,C1000736,499349.24,426563.31,C3000736,774723.43,847509.36,0,0
17,DEBIT,43441.17,C1000737,35855.26,35855.26,C3000737,671772.73,715213.9,0,0
23,TRANSFER,133955.29,C1000738,21780.34,21780.34,C3000738,291909.61,425864.9,0,0
13,PAYMENT,194136.54,C1000739,108628.7,108628.7,M2000739,489690.04,683826.58,0,1
23,TRANSFER,35225.48,C1000740,485536.23,450310.75,C3000740,110434.37,145659.85,0,0
25,DEBIT,119463.61,C1000741,489619.08,370155.47,C3000741,471587.07,591050.68,0,0
3,CASH_OUT,84894.59,C1000742,327463.87,242569.28,C3000742,243823.85,328718.44,0,0
9,CASH_OUT,89393.08,C1000743,440053.33,350660.25,C3000743,349096.99,438490.07,0,0
30,DEBIT,50904.04,C1000744,106980.87,56076.83,C3000744,162600.41,213504.45,0,0
17,CASH_OUT,165044.46,C1000745,486021.05,320976.59,C3000745,230054.37,395098.83,1,0
17,CASH_IN,97102.6,C1000746,71392.43,71392.43,C3000746,76568.64,173671.24,0,0
30,PAYMENT,108726.83,C1000747,50562.59,50562.59,M2000747,919901.37,1028628.2,0,0
20,PAYMENT,61021.71,C1000748,56105.77,56105.77,M2000748,530410.69,591432.4,0,0
16,PAYMENT,36443.51,C1000749,286563.96,250120.45,M2000749,396741.97,433185.48,0,0
25,CASH_OUT,17273.49,C1000750,390487.2,373213.71,C3000750,535029.21,552302.7,0,0
22,CASH_OUT,142852.42,C1000751,183333.59,40481.17,C3000751,628293.23,771145.65,0,0
13,TRANSFER,39327.23,C1000752,488947.99,449620.76,C3000752,921878.79,961206.02,0,0
27,TRANSFER,138046.06,C1000753,217210.07,79164.01,C3000753,178692.95,316739.01,0,0
19,PAYMENT,78136.25,C1000754,75224.28,75224.28,M2000754,295552.5,373688.75,0,0
17,CASH_IN,83213.38,C1000755,232983.37,149769.99,C3000755,975789.34,1059002.72,0,0
4,TRANSFER,93888.58,C1000756,339518.58,245630.0,C3000756,371192.99,465081.57,0,0
12,TRANSFER,73604.93,C1000757,416112.89,342507.96,C3000757,22561.65,96166.58,0,0
29,CASH_OUT,20213.93,C1000758,229384.14,209170.21,C3000758,147643.49,167857.42,0,0
9,CASH_IN,61995.4,C1000759,296803.41,234808.01,C3000759,26338.7,88334.1,0,0
19,PAYMENT,132780.5,C1000760,133672.36,891.86,M2000760,989923.14,1122703.64,0,0
12,TRANSFER,133190.3,C1000761,322958.26,189767.96,C3000761,278870.85,412061.15,0,0
9,CASH_IN,57316.24,C1000762,492985.97,435669.73,C3000762,923542.76,980859.0,0,0
7,CASH_IN,92074.52,C1000763,24526.79,24526.79,C3000763,995886.28,1087960.8,0,0
28,PAYMENT,38770.1,C1000764,443265.34,404495.24,M2000764,599841.22,638611.32,0,0
14,CASH_IN,42153.38,C1000765,281141.25,238987.87,C3000765,33196.32,75349.7,0,0
20,CASH_IN,4707.11,C1000766,126049.33,121342.22,C3000766,81591.63,86298.74,0,0
19,CASH_IN,179359.64,C1000767,477444.86,298085.22,C3000767,481589.06,660948.7,0,0
26,TRANSFER,42220.26,C1000768,241677.15,199456.89,C3000768,406172.01,448392.27,0,0
15,PAYMENT,45584.02,C1000769,165845.13,120261.11,M2000769,606177.31,651761.33,0,0
16,CASH_IN,55992.33,C1000770,90748.81,34756.48,C3000770,438847.81,494840.14,0,0
21,CASH_IN,25568.87,C1000771,122226.11,96657.24,C3000771,934076.85,959645.72,0,0
5,TRANSFER,127888.65,C1000772,416424.52,288535.87,C3000772,534739.72,662628.37,0,0
3,PAYMENT,15121.08,C1000773,307205.0,292083.92,M2000773,693726.06,708847.14,0,0
12,CASH_OUT,26927.07,C1000774,456622.81,429695.74,C3000774,896485.27,923412.34,0,0
25,TRANSFER,128986.87,C1000775,115984.23,115984.23,C3000775,146871.88,275858.75,0,0
20,PAYMENT,67998.16,C1000776,60569.29,60569.29,M2000776,229734.65,297732.81,0,0
27,CASH_IN,141618.77,C1000777,3043.77,3043.77,C3000777,107318.66,248937.43,0,0
21,PAYMENT,111529.21,C1000778,253931.02,142401.81,M2000778,139638.4,251167.61,0,0
4,PAYMENT,51278.63,C1000779,499153.47,447874.84,M2000779,512583.97,563862.6,0,0
21,PAYMENT,130200.51,C1000780,347482.63,217282.12,M2000780,321179.26,451379.77,0,0
23,CASH_OUT,23343.11,C1000781,154197.3,130854.19,C3000781,423172.84,446515.95,0,0
16,PAYMENT,107328.44,C1000782,438429.29,331100.85,M2000782,982489.83,1089818.27,0,0
25,CASH_OUT,87485.91,C1000783,390861.13,303375.22,C3000783,156704.35,244190.26,0,0
7,CASH_IN,53647.93,C1000784,7707.58,7707.58,C3000784,540812.07,594460.0,0,0
13,CASH_OUT,120840.6,C1000785,408430.24,287589.64,C3000785,98871.16,219711.76,0,0
21,CASH_IN,174279.59,C1000786,150263.38,150263.38,C3000786,318496.31,492775.9,0,0
10,CASH_IN,199781.05,C1000787,74836.73,74836.73,C3000787,527525.92,727306.97,0,1
26,CASH_OUT,121591.78,C1000788,113165.42,113165.42,C3000788,946631.75,1068223.53,0,0
7,TRANSFER,81000.7,C1000789,234289.9,153289.2,C3000789,391228.22,472228.92,0,0
14,DEBIT,45118.9,C1000790,212433.96,167315.06,C3000790,64906.7,110025.6,0,0
26,PAYMENT,51493.51,C1000791,144443.65,92950.14,M2000791,388161.45,439654.96,0,0
5,DEBIT,95943.05,C1000792,86109.16,86109.16,C3000792,145741.18,241684.23,0,0
3,PAYMENT,73518.81,C1000793,381115.39,307596.58,M2000793,229989.61,303508.42,0,0
23,PAYMENT,182771.52,C1000794,495054.89,312283.37,M2000794,618090.62,800862.14,0,0
29,CASH_IN,73722.26,C1000795,388895.79,315173.53,C3000795,67423.87,141146.13,0,0
11,PAYMENT,74751.57,C1000796,147968.48,73216.91,M2000796,464723.76,539475.33,0,0
11,PAYMENT,76768.55,C1000797,122404.48,45635.93,M2000797,609461.59,686230.14,0,0
18,CASH_OUT,167340.38,C1000798,108832.94,108832.94,C3000798,421858.39,589198.77,0,0
15,DEBIT,130192.59,C1000799,68347.54,68347.54,C3000799,19126.35,149318.94,0,0
12,CASH_OUT,122872.35,C1000800,275665.27,152792.92,C3000800,985519.36,1108391.71,0,0
9,PAYMENT,66895.19,C1000801,302700.19,235805.0,M2000801,367115.77,434010.96,0,0
10,CASH_IN,163599.04,C1000802,352751.33,189152.29,C3000802,778577.19,942176.23,0,0
26,CASH_OUT,7768.94,C1000803,340106.69,332337.75,C3000803,325646.49,333415.43,0,0
12,CASH_OUT,174172.35,C1000804,146166.66,146166.66,C3000804,475016.76,649189.11,1,0
17,TRANSFER,102598.7,C1000805,165155.5,62556.8,C3000805,388463.64,491062.34,0,0
29,PAYMENT,79710.22,C1000806,340757.27,261047.05,M2000806,342539.23,422249.45,0,0
6,CASH_IN,99483.74,C1000807,174723.82,75240.08,C3000807,21851.38,121335.12,0,0
7,CASH_OUT,133516.36,C1000808,106311.59,106311.59,C3000808,360020.94,493537.3,0,0
14,CASH_OUT,2651.81,C1000809,187168.08,184516.27,C3000809,889489.99,892141.8,0,0
13,CASH_IN,174323.22,C1000810,136042.08,136042.08,C3000810,690393.34,864716.56,0,0
8,PAYMENT,89403.23,C1000811,44156.36,44156.36,M2000811,145422.86,234826.09,0,0
10,TRANSFER,68659.01,C1000812,415069.45,346410.44,C3000812,591155.0,659814.01,0,0
9,CASH_OUT,27735.29,C1000813,426555.69,398820.4,C3000813,892230.86,919966.15,0,0
18,TRANSFER,87949.13,C1000814,109875.15,21926.02,C3000814,700034.04,787983.17,0,0
27,DEBIT,99314.92,C1000815,32386.1,32386.1,C3000815,148684.39,247999.31,0,0
26,PAYMENT,80788.97,C1000816,369413.72,288624.75,M2000816,867832.5,948621.47,0,0
2,DEBIT,135764.15,C1000817,105764.31,105764.31,C3000817,301544.01,437308.16,0,0
5,DEBIT,84237.22,C1000818,196717.74,112480.52,C3000818,454076.14,538313.36,0,0
29,DEBIT,192287.37,C1000819,32067.63,32067.63,C3000819,526142.76,718430.13,0,1
5,PAYMENT,119895.58,C1000820,113134.79,113134.79,M2000820,850506.6,970402.18,0,0
6,PAYMENT,161514.84,C1000821,396451.14,234936.3,M2000821,931607.5,1093122.34,0,0
19,CASH_IN,21960.25,C1000822,402198.22,380237.97,C3000822,929652.88,951613.13,0,0
8,TRANSFER,79518.53,C1000823,103542.41,24023.88,C3000823,7954.18,87472.71,0,0
16,TRANSFER,67435.86,C1000824,167956.92,100521.06,C3000824,921888.49,989324.35,0,0
13,CASH_IN,113939.53,C1000825,67119.21,67119.21,C3000825,54386.97,168326.5,0,0
1,CASH_IN,172236.59,C1000826,37086.32,37086.32,C3000826,265773.66,438010.25,0,0
22,DEBIT,15759.81,C1000827,496085.86,480326.05,C3000827,514987.85,530747.66,0,0
20,CASH_IN,14607.7,C1000828,327796.98,313189.28,C3000828,479925.69,494533.39,0,0
17,CASH_OUT,170078.51,C1000829,271048.25,100969.74,C3000829,604709.79,774788.3,1,0
7,TRANSFER,42648.73,C1000830,382749.25,340100.52,C3000830,479446.23,522094.96,0,0
25,CASH_IN,133783.78,C1000831,420038.58,286254.8,C3000831,934375.68,1068159.46,0,0
13,CASH_OUT,108621.34,C1000832,403357.38,294736.04,C3000832,240548.85,349170.19,0,0
4,CASH_OUT,166595.43,C1000833,8269.72,8269.72,C3000833,274024.69,440620.12,0,0
4,CASH_OUT,25105.27,C1000834,93403.95,68298.68,C3000834,920737.94,945843.21,0,0
6,CASH_OUT,26043.61,C1000835,327452.65,301409.04,C3000835,76739.51,102783.12,0,0
28,DEBIT,111407.99,C1000836,187879.67,76471.68,C3000836,609560.82,720968.81,0,0
19,CASH_OUT,189281.09,C1000837,491241.33,301960.24,C3000837,681735.95,871017.04,0,0
29,DEBIT,83058.05,C1000838,332702.4,249644.35,C3000838,505541.72,588599.77,0,0
12,DEBIT,65455.73,C1000839,478274.45,412818.72,C3000839,694231.88,759687.61,0,0
22,CASH_OUT,121377.2,C1000840,100723.24,100723.24,C3000840,172754.65,294131.85,0,0
7,TRANSFER,186096.68,C1000841,431978.51,245881.83,C3000841,852632.23,1038728.91,1,0
27,CASH_OUT,167401.87,C1000842,160676.15,160676.15,C3000842,140025.69,307427.56,0,0
10,CASH_OUT,199097.17,C1000843,494782.4,295685.23,C3000843,400812.44,599909.61,0,1
26,CASH_OUT,4611.46,C1000844,78844.34,74232.88,C3000844,75257.6,79869.06,0,0
19,TRANSFER,22660.34,C1000845,258169.91,235509.57,C3000845,545211.08,567871.42,0,0
7,PAYMENT,121932.61,C1000846,396422.27,274489.66,M2000846,669745.81,791678.42,0,0
30,PAYMENT,164133.23,C1000847,216321.24,52188.01,M2000847,941221.64,1105354.87,0,0
3,DEBIT,57120.34,C1000848,234042.03,176921.69,C3000848,739336.2,796456.54,0,0
13,DEBIT,47918.3,C1000849,493177.9,445259.6,C3000849,541102.92,589021.22,0,0
13,TRANSFER,157416.46,C1000850,212654.08,55237.62,C3000850,932617.02,1090033.48,1,0
18,CASH_IN,11370.73,C1000851,302036.05,290665.32,C3000851,478436.84,489807.57,0,0
28,PAYMENT,73939.59,C1000852,27269.83,27269.83,M2000852,561205.65,635145.24,0,0
30,DEBIT,101211.26,C1000853,421105.04,319893.78,C3000853,596098.53,697309.79,0,0
26,PAYMENT,112113.7,C1000854,324084.02,211970.32,M2000854,409979.73,522093.43,0,0
20,TRANSFER,145750.17,C1000855,202010.05,56259.88,C3000855,838482.69,984232.86,0,0
28,TRANSFER,71033.66,C1000856,8084.77,8084.77,C3000856,185175.94,256209.6,0,0
8,CASH_IN,122575.6,C1000857,295834.41,173258.81,C3000857,554842.19,677417.79,0,0
29,CASH_IN,117116.55,C1000858,6328.91,6328.91,C3000858,722233.26,839349.81,0,0
9,TRANSFER,109568.46,C1000859,601.81,601.81,C3000859,903976.17,1013544.63,0,0
7,DEBIT,128132.61,C1000860,308049.28,179916.67,C3000860,883918.4,1012051.01,0,0
1,PAYMENT,51963.89,C1000861,94508.53,42544.64,M2000861,508740.29,560704.18,0,0
3,CASH_OUT,17021.29,C1000862,95943.77,78922.48,C3000862,643161.45,660182.74,0,0
13,CASH_IN,23942.41,C1000863,326635.78,302693.37,C3000863,394237.74,418180.15,0,0
28,CASH_OUT,44994.02,C1000864,26848.59,26848.59,C3000864,468177.76,513171.78,0,0
30,DEBIT,100089.57,C1000865,156702.78,56613.21,C3000865,906265.79,1006355.36,0,0
25,CASH_IN,168104.51,C1000866,74715.95,74715.95,C3000866,930703.99,1098808.5,0,0
28,CASH_OUT,140288.54,C1000867,290088.18,149799.64,C3000867,895414.06,1035702.6,0,0
17,DEBIT,157829.22,C1000868,330882.58,173053.36,C3000868,138370.86,296200.08,0,0
25,PAYMENT,70260.03,C1000869,360567.93,290307.9,M2000869,850084.02,920344.05,0,0
24,DEBIT,80990.28,C1000870,127615.61,46625.33,C3000870,948363.73,1029354.01,0,0
1,CASH_IN,78797.01,C1000871,44624.88,44624.88,C3000871,361249.69,440046.7,0,0
6,TRANSFER,38455.45,C1000872,39341.83,886.38,C3000872,518646.29,557101.74,0,0
21,PAYMENT,12337.21,C1000873,213075.77,200738.56,M2000873,779095.26,791432.47,0,0
6,CASH_OUT,118224.13,C1000874,472922.2,354698.07,C3000874,562078.14,680302.27,0,0
26,CASH_IN,197844.42,C1000875,108864.52,108864.52,C3000875,993483.52,1191327.94,0,1
12,TRANSFER,33449.26,C1000876,128370.8,94921.54,C3000876,455713.37,489162.63,0,0
13,DEBIT,9432.3,C1000877,50444.4,41012.1,C3000877,713942.71,723375.01,0,0
13,TRANSFER,155928.38,C1000878,302785.14,146856.76,C3000878,792591.14,948519.52,1,0
29,CASH_IN,50591.94,C1000879,339936.44,289344.5,C3000879,494100.42,544692.36,0,0
15,CASH_IN,165945.8,C1000880,321465.6,155519.8,C3000880,856983.81,1022929.61,0,0
21,TRANSFER,140816.94,C1000881,430565.12,289748.18,C3000881,546154.59,686971.53,0,0
16,DEBIT,189140.14,C1000882,243212.92,54072.78,C3000882,411650.8,600790.94,0,0
22,TRANSFER,81844.55,C1000883,67228.52,67228.52,C3000883,107823.67,189668.22,0,0
21,CASH_IN,132427.77,C1000884,144702.57,12274.8,C3000884,393413.58,525841.35,0,0
11,CASH_IN,93024.47,C1000885,331214.99,238190.52,C3000885,733936.45,826960.92,0,0
28,CASH_OUT,126154.68,C1000886,306560.99,180406.31,C3000886,921286.41,1047441.09,0,0
5,CASH_OUT,89974.82,C1000887,265501.56,175526.74,C3000887,251679.4,341654.22,0,0
4,PAYMENT,37807.59,C1000888,341482.21,303674.62,M2000888,355235.52,393043.11,0,0
3,CASH_IN,101628.69,C1000889,318695.43,217066.74,C3000889,153960.99,255589.68,0,0
19,CASH_OUT,105763.98,C1000890,440662.44,334898.46,C3000890,690722.89,796486.87,0,0
20,TRANSFER,162139.71,C1000891,293008.19,130868.48,C3000891,960188.43,1122328.14,1,0
25,DEBIT,147130.59,C1000892,389300.68,242170.09,C3000892,640952.22,788082.81,0,0
18,TRANSFER,132791.95,C1000893,124353.58,124353.58,C3000893,617076.53,749868.48,0,0
15,DEBIT,22766.08,C1000894,339091.29,316325.21,C3000894,553489.93,576256.01,0,0
9,CASH_OUT,144151.2,C1000895,451097.06,306945.86,C3000895,88455.74,232606.94,0,0
17,PAYMENT,100111.0,C1000896,192866.16,92755.16,M2000896,729503.83,829614.83,0,0
14,TRANSFER,178830.5,C1000897,389552.09,210721.59,C3000897,602049.54,780880.04,0,0
15,TRANSFER,183982.2,C1000898,362394.65,178412.45,C3000898,661476.77,845458.97,0,0
1,TRANSFER,11125.8,C1000899,29763.1,18637.3,C3000899,898811.09,909936.89,0,0
21,DEBIT,164146.25,C1000900,290754.15,126607.9,C3000900,783960.79,948107.04,0,0
22,CASH_OUT,7635.71,C1000901,65094.67,57458.96,C3000901,780915.25,788550.96,0,0
22,TRANSFER,73497.21,C1000902,483659.59,410162.38,C3000902,927183.77,1000680.98,0,0
3,TRANSFER,108505.77,C1000903,405703.75,297197.98,C3000903,989934.95,1098440.72,0,0
16,PAYMENT,29705.35,C1000904,54861.9,25156.55,M2000904,581282.73,610988.08,0,0
23,PAYMENT,149288.13,C1000905,60876.0,60876.0,M2000905,108881.62,258169.75,0,0
25,CASH_OUT,1770.11,C1000906,297236.93,295466.82,C3000906,459129.91,460900.02,0,0
11,CASH_OUT,33802.95,C1000907,172444.59,138641.64,C3000907,787601.15,821404.1,0,0
12,CASH_IN,116201.29,C1000908,17452.93,17452.93,C3000908,27725.32,143926.61,0,0
10,PAYMENT,142906.07,C1000909,270820.75,127914.68,M2000909,56887.44,199793.51,0,0
16,CASH_IN,183336.96,C1000910,193922.55,10585.59,C3000910,67157.78,250494.74,0,0
8,DEBIT,141128.78,C1000911,50538.25,50538.25,C3000911,731035.76,872164.54,0,0
6,CASH_IN,134388.68,C1000912,400960.2,266571.52,C3000912,501166.63,635555.31,0,0
12,TRANSFER,78928.8,C1000913,457538.38,378609.58,C3000913,368897.94,447826.74,0,0
24,CASH_IN,356.76,C1000914,378296.97,377940.21,C3000914,105617.05,105973.81,0,0
28,CASH_OUT,24119.84,C1000915,411211.16,387091.32,C3000915,732240.25,756360.09,0,0
21,DEBIT,106957.45,C1000916,108245.28,1287.83,C3000916,321019.81,427977.26,0,0
8,TRANSFER,135058.46,C1000917,131786.48,131786.48,C3000917,265324.07,400382.53,0,0
26,CASH_IN,83547.91,C1000918,104263.77,20715.86,C3000918,652319.2,735867.11,0,0
28,DEBIT,146162.73,C1000919,382531.72,236368.99,C3000919,559010.89,705173.62,0,0
4,DEBIT,104420.27,C1000920,473958.54,369538.27,C3000920,362410.64,466830.91,0,0
26,TRANSFER,14927.82,C1000921,358418.6,343490.78,C3000921,641487.47,656415.29,0,0
8,CASH_IN,38484.05,C1000922,440733.38,402249.33,C3000922,271221.52,309705.57,0,0
26,DEBIT,168015.64,C1000923,319349.55,151333.91,C3000923,794830.26,962845.9,0,0
28,DEBIT,145010.06,C1000924,193829.95,48819.89,C3000924,229318.95,374329.01,0,0
18,PAYMENT,178962.92,C1000925,212880.81,33917.89,M2000925,158837.7,337800.62,0,0
28,DEBIT,23599.69,C1000926,37660.72,14061.03,C3000926,782439.41,806039.1,0,0
28,PAYMENT,198045.48,C1000927,15728.6,15728.6,M2000927,707892.03,905937.51,0,1
5,CASH_IN,41960.4,C1000928,347737.8,305777.4,C3000928,182638.98,224599.38,0,0
9,CASH_IN,2454.8,C1000929,219214.45,216759.65,C3000929,116245.75,118700.55,0,0
4,CASH_IN,199484.85,C1000930,276107.53,76622.68,C3000930,838399.09,1037883.94,0,1
27,CASH_OUT,56286.67,C1000931,278830.62,222543.95,C3000931,776598.48,832885.15,0,0
22,CASH_IN,133637.09,C1000932,138687.91,5050.82,C3000932,327257.37,460894.46,0,0
17,DEBIT,35418.79,C1000933,237946.26,202527.47,C3000933,658197.41,693616.2,0,0
9,TRANSFER,116087.68,C1000934,235380.11,119292.43,C3000934,124160.19,240247.87,0,0
1,PAYMENT,180816.59,C1000935,194213.61,13397.02,M2000935,507047.66,687864.25,0,0
21,CASH_OUT,64104.22,C1000936,410337.69,346233.47,C3000936,18730.29,82834.51,0,0
20,CASH_IN,134083.77,C1000937,225582.0,91498.23,C3000937,391601.88,525685.65,0,0
13,CASH_IN,37661.93,C1000938,301822.26,264160.33,C3000938,74842.82,112504.75,0,0
28,TRANSFER,124996.6,C1000939,447760.06,322763.46,C3000939,475147.18,600143.78,0,0
16,TRANSFER,67356.43,C1000940,433116.81,365760.38,C3000940,421681.65,489038.08,0,0
29,CASH_OUT,42320.53,C1000941,445211.1,402890.57,C3000941,444385.03,486705.56,0,0
13,PAYMENT,62705.09,C1000942,135002.5,72297.41,M2000942,45331.3,108036.39,0,0
14,CASH_IN,35850.33,C1000943,17491.24,17491.24,C3000943,361616.34,397466.67,0,0
3,CASH_OUT,180393.03,C1000944,130533.4,130533.4,C3000944,756483.85,936876.88,1,0
29,DEBIT,79497.66,C1000945,139353.67,59856.01,C3000945,368914.37,448412.03,0,0
6,DEBIT,49131.33,C1000946,454680.16,405548.83,C3000946,715171.95,764303.28,0,0
18,CASH_OUT,89736.73,C1000947,324621.37,234884.64,C3000947,369478.72,459215.45,0,0
19,CASH_IN,64175.18,C1000948,40851.98,40851.98,C3000948,423239.44,487414.62,0,0
5,CASH_OUT,148909.41,C1000949,67689.3,67689.3,C3000949,563892.11,712801.52,0,0
15,CASH_IN,194246.86,C1000950,77838.06,77838.06,C3000950,950681.94,1144928.8,0,1
25,TRANSFER,87662.93,C1000951,315210.87,227547.94,C3000951,108860.45,196523.38,0,0
2,CASH_OUT,172220.58,C1000952,367707.01,195486.43,C3000952,32913.77,205134.35,1,0
10,CASH_IN,113216.03,C1000953,429821.96,316605.93,C3000953,607957.18,721173.21,0,0
24,CASH_OUT,31531.41,C1000954,470318.28,438786.87,C3000954,949097.09,980628.5,0,0
30,CASH_OUT,138155.49,C1000955,100852.28,100852.28,C3000955,989723.13,1127878.62,0,0
18,CASH_IN,102735.56,C1000956,154886.24,52150.68,C3000956,484164.25,586899.81,0,0
27,CASH_IN,130156.24,C1000957,120161.44,120161.44,C3000957,468081.62,598237.86,0,0
13,PAYMENT,177948.51,C1000958,179380.78,1432.27,M2000958,644963.77,822912.28,0,0
5,CASH_OUT,88142.87,C1000959,457332.55,369189.68,C3000959,555634.76,643777.63,0,0
23,DEBIT,180245.41,C1000960,287556.28,107310.87,C3000960,634088.06,814333.47,0,0
24,CASH_OUT,150158.74,C1000961,369095.95,218937.21,C3000961,873999.43,1024158.17,1,0
1,CASH_OUT,97772.12,C1000962,245059.62,147287.5,C3000962,746306.17,844078.29,0,0
22,CASH_IN,120684.1,C1000963,14428.96,14428.96,C3000963,496877.39,617561.49,0,0
1,CASH_OUT,65183.67,C1000964,32097.74,32097.74,C3000964,461864.46,527048.13,0,0
18,CASH_OUT,196721.1,C1000965,268961.52,72240.42,C3000965,639601.75,836322.85,1,1
15,DEBIT,133503.5,C1000966,359394.52,225891.02,C3000966,455706.28,589209.78,0,0
17,CASH_IN,8864.99,C1000967,107665.26,98800.27,C3000967,457779.35,466644.34,0,0
11,CASH_OUT,65391.72,C1000968,360954.79,295563.07,C3000968,16305.9,81697.62,0,0
21,TRANSFER,124700.56,C1000969,405332.89,280632.33,C3000969,174064.14,298764.7,0,0
26,PAYMENT,11361.02,C1000970,205948.74,194587.72,M2000970,488513.64,499874.66,0,0
25,DEBIT,4874.45,C1000971,373209.62,368335.17,C3000971,822653.46,827527.91,0,0
22,CASH_OUT,90059.85,C1000972,202014.98,111955.13,C3000972,278727.01,368786.86,0,0
27,TRANSFER,66604.77,C1000973,339175.31,272570.54,C3000973,522643.43,589248.2,0,0
27,CASH_OUT,87715.89,C1000974,381998.52,294282.63,C3000974,344962.08,432677.97,0,0
17,CASH_OUT,52612.39,C1000975,495963.31,443350.92,C3000975,104803.99,157416.38,0,0
13,CASH_IN,33027.08,C1000976,172698.33,139671.25,C3000976,958298.48,991325.56,0,0
1,CASH_IN,137859.76,C1000977,205520.39,67660.63,C3000977,854673.87,992533.63,0,0
2,CASH_IN,102962.77,C1000978,82810.03,82810.03,C3000978,78492.42,181455.19,0,0
9,TRANSFER,40110.83,C1000979,102036.53,61925.7,C3000979,719787.26,759898.09,0,0
3,CASH_OUT,63985.93,C1000980,346697.5,282711.57,C3000980,347579.9,411565.83,0,0
1,PAYMENT,118402.4,C1000981,458522.8,340120.4,M2000981,994849.81,1113252.21,0,0
21,DEBIT,14538.65,C1000982,197302.48,182763.83,C3000982,302398.52,316937.17,0,0
16,CASH_IN,29575.86,C1000983,89922.22,60346.36,C3000983,238738.45,268314.31,0,0
23,CASH_IN,14741.8,C1000984,142549.75,127807.95,C3000984,567890.55,582632.35,0,0
6,CASH_OUT,162482.23,C1000985,227525.85,65043.62,C3000985,835126.16,997608.39,1,0
28,CASH_OUT,150506.61,C1000986,145325.16,145325.16,C3000986,192518.87,343025.48,1,0
17,TRANSFER,150687.26,C1000987,116789.54,116789.54,C3000987,709402.77,860090.03,0,0
5,TRANSFER,143293.44,C1000988,367992.24,224698.8,C3000988,61406.58,204700.02,0,0
5,CASH_IN,133910.15,C1000989,3922.46,3922.46,C3000989,918934.74,1052844.89,0,0
6,CASH_OUT,95450.68,C1000990,269615.26,174164.58,C3000990,81074.92,176525.6,0,0
3,PAYMENT,128491.4,C1000991,396883.4,268392.0,M2000991,914231.38,1042722.78,0,0
21,DEBIT,7768.47,C1000992,133114.14,125345.67,C3000992,490807.25,498575.72,0,0
23,CASH_OUT,124330.74,C1000993,301645.76,177315.02,C3000993,448091.11,572421.85,0,0
5,CASH_OUT,155597.75,C1000994,334450.05,178852.3,C3000994,973307.08,1128904.83,1,0
21,TRANSFER,100121.64,C1000995,327512.35,227390.71,C3000995,990384.18,1090505.82,0,0
5,DEBIT,71566.91,C1000996,222924.82,151357.91,C3000996,650178.13,721745.04,0,0
10,CASH_IN,55557.6,C1000997,173288.99,117731.39,C3000997,127119.29,182676.89,0,0
10,CASH_OUT,128596.13,C1000998,417962.04,289365.91,C3000998,506170.09,634766.22,0,0
19,CASH_IN,138590.96,C1000999,379222.98,240632.02,C3000999,529163.1,667754.06,0,0
17,CASH_OUT,174206.42,C1001000,160627.59,160627.59,C3001000,514446.43,688652.85,1,0
21,CASH_IN,68532.58,C1001001,51509.6,51509.6,C3001001,569491.84,638024.42,0,0
14,DEBIT,153977.48,C1001002,35903.77,35903.77,C3001002,18724.71,172702.19,0,0
9,TRANSFER,112315.03,C1001003,47137.99,47137.99,C3001003,711227.28,823542.31,0,0
14,DEBIT,176579.01,C1001004,291434.68,114855.67,C3001004,712394.3,888973.31,0,0
1,PAYMENT,105609.64,C1001005,25831.09,25831.09,M2001005,115469.78,221079.42,0,0
19,TRANSFER,103574.2,C1001006,168463.44,64889.24,C3001006,570239.44,673813.64,0,0
13,DEBIT,115617.63,C1001007,376599.85,260982.22,C3001007,568361.18,683978.81,0,0
13,PAYMENT,149888.14,C1001008,147174.08,147174.08,M2001008,682450.42,832338.56,0,0
4,CASH_OUT,192941.63,C1001009,381654.04,188712.41,C3001009,85397.69,278339.32,0,1
30,CASH_OUT,14805.31,C1001010,372733.52,357928.21,C3001010,626503.31,641308.62,0,0
1,CASH_IN,10781.58,C1001011,122913.57,112131.99,C3001011,280751.95,291533.53,0,0
17,TRANSFER,187516.31,C1001012,364411.09,176894.78,C3001012,507002.99,694519.3,0,0
8,CASH_OUT,106022.14,C1001013,373888.32,267866.18,C3001013,773323.55,879345.69,0,0
2,TRANSFER,123019.11,C1001014,198726.96,75707.85,C3001014,705645.94,828665.05,0,0
28,CASH_OUT,96536.48,C1001015,105210.24,8673.76,C3001015,118903.02,215439.5,0,0
8,CASH_IN,18822.12,C1001016,260635.4,241813.28,C3001016,591184.79,610006.91,0,0
7,DEBIT,153641.07,C1001017,460698.79,307057.72,C3001017,969116.53,1122757.6,0,0
26,CASH_IN,149470.21,C1001018,319808.37,170338.16,C3001018,156769.44,306239.65,0,0
26,PAYMENT,62409.49,C1001019,86461.25,24051.76,M2001019,852907.09,915316.58,0,0
2,CASH_OUT,61317.23,C1001020,341378.46,280061.23,C3001020,702548.08,763865.31,0,0
22,PAYMENT,167584.49,C1001021,213601.51,46017.02,M2001021,774003.31,941587.8,0,0
22,PAYMENT,14564.22,C1001022,295764.4,281200.18,M2001022,281958.33,296522.55,0,0
3,TRANSFER,176232.92,C1001023,367032.02,190799.1,C3001023,287888.93,464121.85,1,0
27,CASH_OUT,51406.67,C1001024,257473.68,206067.01,C3001024,906019.46,957426.13,0,0
18,PAYMENT,118637.65,C1001025,406991.99,288354.34,M2001025,359832.03,478469.68,0,0
12,DEBIT,187205.24,C1001026,361077.79,173872.55,C3001026,63015.39,250220.63,0,0
1,PAYMENT,135656.69,C1001027,307536.67,171879.98,M2001027,600596.7,736253.39,0,0
22,DEBIT,82944.52,C1001028,75396.41,75396.41,C3001028,124817.67,207762.19,0,0
12,TRANSFER,137937.89,C1001029,417974.56,280036.67,C3001029,796596.24,934534.13,0,0
5,PAYMENT,68861.53,C1001030,467952.79,399091.26,M2001030,641746.44,710607.97,0,0
30,CASH_IN,55523.96,C1001031,68482.56,12958.6,C3001031,874726.51,930250.47,0,0
30,TRANSFER,199336.99,C1001032,244120.56,44783.57,C3001032,784837.25,984174.24,1,1
27,DEBIT,150182.97,C1001033,129444.37,129444.37,C3001033,112113.65,262296.62,0,0
25,TRANSFER,128979.52,C1001034,377261.65,248282.13,C3001034,381070.68,510050.2,0,0
17,PAYMENT,71122.4,C1001035,360814.82,289692.42,M2001035,774560.25,845682.65,0,0
16,CASH_OUT,9927.25,C1001036,70442.56,60515.31,C3001036,417341.47,427268.72,0,0
15,CASH_OUT,6308.27,C1001037,438513.64,432205.37,C3001037,972365.48,978673.75,0,0
23,DEBIT,110880.83,C1001038,90486.53,90486.53,C3001038,735740.45,846621.28,0,0
15,DEBIT,152430.34,C1001039,398629.51,246199.17,C3001039,15499.92,167930.26,0,0
5,CASH_OUT,107522.1,C1001040,228490.18,120968.08,C3001040,879985.69,987507.79,0,0
21,DEBIT,168172.94,C1001041,164136.15,164136.15,C3001041,100804.78,268977.72,0,0
14,TRANSFER,6781.96,C1001042,79119.63,72337.67,C3001042,140523.72,147305.68,0,0
2,CASH_IN,73413.74,C1001043,83807.13,10393.39,C3001043,734492.4,807906.14,0,0
11,CASH_IN,47490.37,C1001044,330945.28,283454.91,C3001044,864968.56,912458.93,0,0
19,TRANSFER,89509.87,C1001045,275215.19,185705.32,C3001045,536349.63,625859.5,0,0
7,CASH_IN,14568.04,C1001046,61042.71,46474.67,C3001046,289049.73,303617.77,0,0
6,PAYMENT,190830.92,C1001047,56348.93,56348.93,M2001047,351315.55,542146.47,0,1
28,TRANSFER,44728.75,C1001048,36155.29,36155.29,C3001048,342889.33,387618.08,0,0
2,DEBIT,184469.32,C1001049,371883.67,187414.35,C3001049,326678.1,511147.42,0,0
6,TRANSFER,85236.04,C1001050,355941.04,270705.0,C3001050,242909.67,328145.71,0,0
18,CASH_OUT,197106.27,C1001051,29215.5,29215.5,C3001051,608867.09,805973.36,1,1
2,DEBIT,110856.27,C1001052,280135.04,169278.77,C3001052,900405.32,1011261.59,0,0
18,CASH_OUT,186173.49,C1001053,42338.08,42338.08,C3001053,307082.41,493255.9,1,0
30,DEBIT,1169.26,C1001054,451872.89,450703.63,C3001054,186694.3,187863.56,0,0
15,CASH_IN,149672.94,C1001055,453558.71,303885.77,C3001055,838577.67,988250.61,0,0
27,TRANSFER,180619.83,C1001056,349116.49,168496.66,C3001056,741783.33,922403.16,1,0
19,PAYMENT,28030.14,C1001057,463094.46,435064.32,M2001057,930837.03,958867.17,0,0
2,DEBIT,19315.56,C1001058,405726.52,386410.96,C3001058,165519.74,184835.3,0,0
20,DEBIT,84972.06,C1001059,414269.29,329297.23,C3001059,144251.31,229223.37,0,0
25,CASH_OUT,186742.41,C1001060,284853.93,98111.52,C3001060,541429.39,728171.8,1,0
6,CASH_IN,108523.07,C1001061,153029.6,44506.53,C3001061,614433.65,722956.72,0,0
1,CASH_OUT,105538.55,C1001062,108899.56,3361.01,C3001062,480173.44,585711.99,0,0
24,CASH_OUT,28311.11,C1001063,163600.01,135288.9,C3001063,598966.64,627277.75,0,0
15,CASH_IN,257.82,C1001064,314247.72,313989.9,C3001064,180379.77,180637.59,0,0
28,PAYMENT,162047.0,C1001065,86328.27,86328.27,M2001065,479613.75,641660.75,0,0
30,CASH_OUT,17606.16,C1001066,129320.12,111713.96,C3001066,658092.56,675698.72,0,0
23,CASH_OUT,126806.58,C1001067,234030.43,107223.85,C3001067,432706.45,559513.03,0,0
10,DEBIT,182931.83,C1001068,116525.05,116525.05,C3001068,679447.34,862379.17,0,0
19,CASH_IN,41809.52,C1001069,294321.83,252512.31,C3001069,451191.28,493000.8,0,0
17,TRANSFER,133088.04,C1001070,461588.01,328499.97,C3001070,333599.58,466687.62,0,0
5,PAYMENT,15831.85,C1001071,374044.68,358212.83,M2001071,303605.05,319436.9,0,0
29,PAYMENT,120790.65,C1001072,333213.31,212422.66,M2001072,410902.06,531692.71,0,0
4,CASH_IN,32869.95,C1001073,291360.74,258490.79,C3001073,23089.62,55959.57,0,0
10,DEBIT,147217.12,C1001074,243973.95,96756.83,C3001074,668525.14,815742.26,0,0
24,DEBIT,60316.14,C1001075,93281.93,32965.79,C3001075,845105.64,905421.78,0,0
17,CASH_IN,92731.86,C1001076,447355.23,354623.37,C3001076,354627.09,447358.95,0,0
10,DEBIT,119926.17,C1001077,124268.0,4341.83,C3001077,46033.14,165959.31,0,0
17,PAYMENT,34337.55,C1001078,45654.44,11316.89,M2001078,986775.6,1021113.15,0,0
28,PAYMENT,148353.4,C1001079,375007.59,226654.19,M2001079,263698.26,412051.66,0,0
20,TRANSFER,60597.8,C1001080,87807.77,27209.97,C3001080,126621.12,187218.92,0,0
24,CASH_IN,132508.13,C1001081,185948.0,53439.87,C3001081,369752.51,502260.64,0,0
5,CASH_OUT,31740.78,C1001082,14142.46,14142.46,C3001082,738557.04,770297.82,0,0
2,CASH_OUT,137654.72,C1001083,68533.97,68533.97,C3001083,293916.6,431571.32,0,0
6,TRANSFER,25724.8,C1001084,86601.82,60877.02,C3001084,574703.2,600428.0,0,0
21,TRANSFER,85128.76,C1001085,27205.06,27205.06,C3001085,415559.99,500688.75,0,0
2,DEBIT,49516.49,C1001086,328328.48,278811.99,C3001086,117763.99,167280.48,0,0
13,TRANSFER,149700.21,C1001087,418503.9,268803.69,C3001087,330287.01,479987.22,0,0
30,TRANSFER,52480.8,C1001088,186657.7,134176.9,C3001088,724870.51,777351.31,0,0
11,CASH_OUT,176355.29,C1001089,437288.24,260932.95,C3001089,612003.9,788359.19,1,0
11,DEBIT,178374.86,C1001090,106673.29,106673.29,C3001090,119778.38,298153.24,0,0
16,TRANSFER,39368.62,C1001091,162695.21,123326.59,C3001091,163322.41,202691.03,0,0
11,TRANSFER,122807.8,C1001092,75368.5,75368.5,C3001092,640733.36,763541.16,0,0
19,DEBIT,17634.76,C1001093,310279.6,292644.84,C3001093,813415.41,831050.17,0,0
15,CASH_IN,78368.27,C1001094,209934.8,131566.53,C3001094,349474.5,427842.77,0,0
25,DEBIT,142693.01,C1001095,306641.67,163948.66,C3001095,595310.75,738003.76,0,0
23,CASH_OUT,131918.71,C1001096,380837.45,248918.74,C3001096,170643.59,302562.3,0,0
23,CASH_IN,124977.66,C1001097,272851.51,147873.85,C3001097,311376.34,436354.0,0,0
16,PAYMENT,56579.92,C1001098,313815.18,257235.26,M2001098,20270.21,76850.13,0,0
11,DEBIT,75667.19,C1001099,467625.16,391957.97,C3001099,768275.95,843943.14,0,0
22,CASH_OUT,20678.93,C1001100,149532.15,128853.22,C3001100,401009.82,421688.75,0,0
16,CASH_IN,143832.66,C1001101,179581.97,35749.31,C3001101,816125.57,959958.23,0,0
8,DEBIT,100827.37,C1001102,358851.68,258024.31,C3001102,708373.0,809200.37,0,0
4,TRANSFER,141782.25,C1001103,305652.76,163870.51,C3001103,828744.27,970526.52,0,0
8,DEBIT,49863.81,C1001104,89266.45,39402.64,C3001104,285658.67,335522.48,0,0
4,PAYMENT,64955.2,C1001105,188073.66,123118.46,M2001105,185108.73,250063.93,0,0
24,DEBIT,66909.65,C1001106,233919.01,167009.36,C3001106,971905.68,1038815.33,0,0
25,CASH_IN,5245.91,C1001107,209694.92,204449.01,C3001107,717327.79,722573.7,0,0
3,CASH_IN,68275.47,C1001108,89137.4,20861.93,C3001108,834042.27,902317.74,0,0
3,DEBIT,160680.58,C1001109,462215.05,301534.47,C3001109,13133.37,173813.95,0,0
27,CASH_IN,179469.97,C1001110,381159.38,201689.41,C3001110,354461.62,533931.59,0,0
29,TRANSFER,103691.84,C1001111,240677.92,136986.08,C3001111,742816.69,846508.53,0,0
18,DEBIT,91154.79,C1001112,340030.51,248875.72,C3001112,77982.83,169137.62,0,0
29,TRANSFER,6261.84,C1001113,448641.34,442379.5,C3001113,567339.93,573601.77,0,0
26,TRANSFER,175852.95,C1001114,68087.07,68087.07,C3001114,429072.77,604925.72,1,0
19,CASH_OUT,2700.74,C1001115,125186.53,122485.79,C3001115,17616.51,20317.25,0,0
19,DEBIT,188955.54,C1001116,271350.62,82395.08,C3001116,235975.58,424931.12,0,0
21,CASH_IN,97894.33,C1001117,399505.19,301610.86,C3001117,284791.99,382686.32,0,0
5,TRANSFER,68452.71,C1001118,18127.45,18127.45,C3001118,111859.95,180312.66,0,0
18,CASH_OUT,184851.27,C1001119,492009.08,307157.81,C3001119,631536.91,816388.18,0,0
28,DEBIT,4975.76,C1001120,227453.3,222477.54,C3001120,242397.88,247373.64,0,0
10,DEBIT,116326.84,C1001121,179615.57,63288.73,C3001121,277619.5,393946.34,0,0
29,PAYMENT,109831.61,C1001122,146362.22,36530.61,M2001122,898238.6,1008070.21,0,0
22,PAYMENT,43942.15,C1001123,87178.35,43236.2,M2001123,467123.09,511065.24,0,0
21,TRANSFER,85834.6,C1001124,395786.95,309952.35,C3001124,392128.15,477962.75,0,0
6,PAYMENT,130487.57,C1001125,477707.08,347219.51,M2001125,723871.04,854358.61,0,0
1,TRANSFER,145453.53,C1001126,206822.38,61368.85,C3001126,909613.8,1055067.33,0,0
5,CASH_IN,243.3,C1001127,476210.35,475967.05,C3001127,25036.34,25279.64,0,0
9,TRANSFER,187377.0,C1001128,411898.81,224521.81,C3001128,448238.85,635615.85,1,0
12,PAYMENT,32988.62,C1001129,240525.56,207536.94,M2001129,610781.36,643769.98,0,0
26,CASH_IN,46792.73,C1001130,337013.09,290220.36,C3001130,318563.1,365355.83,0,0
14,PAYMENT,52768.34,C1001131,217492.09,164723.75,M2001131,772407.72,825176.06,0,0
2,TRANSFER,7660.25,C1001132,279361.7,271701.45,C3001132,971477.07,979137.32,0,0
17,CASH_OUT,24698.12,C1001133,29023.17,4325.05,C3001133,943427.37,968125.49,0,0
14,DEBIT,197271.35,C1001134,348131.74,150860.39,C3001134,265982.54,463253.89,0,1
26,PAYMENT,63111.83,C1001135,26412.32,26412.32,M2001135,226338.28,289450.11,0,0
13,TRANSFER,23148.69,C1001136,408542.47,385393.78,C3001136,957490.53,980639.22,0,0
27,CASH_IN,21487.55,C1001137,412473.46,390985.91,C3001137,458628.49,480116.04,0,0
9,PAYMENT,143920.05,C1001138,118538.64,118538.64,M2001138,208297.72,352217.77,0,0
26,PAYMENT,170928.28,C1001139,161831.39,161831.39,M2001139,706996.96,877925.24,0,0
25,DEBIT,51464.76,C1001140,240655.19,189190.43,C3001140,284420.32,335885.08,0,0
15,TRANSFER,4279.81,C1001141,298331.45,294051.64,C3001141,267246.98,271526.79,0,0
25,CASH_OUT,44695.69,C1001142,143676.83,98981.14,C3001142,879249.04,923944.73,0,0
22,CASH_IN,11397.49,C1001143,296243.2,284845.71,C3001143,162479.15,173876.64,0,0
15,TRANSFER,20768.65,C1001144,148893.54,128124.89,C3001144,64392.95,85161.6,0,0
24,CASH_IN,86358.47,C1001145,27745.36,27745.36,C3001145,269186.44,355544.91,0,0
30,PAYMENT,46060.68,C1001146,1263.77,1263.77,M2001146,606945.41,653006.09,0,0
11,DEBIT,103237.58,C1001147,50575.53,50575.53,C3001147,123087.85,226325.43,0,0
16,DEBIT,50773.4,C1001148,396125.35,345351.95,C3001148,471594.67,522368.07,0,0
29,CASH_OUT,188113.41,C1001149,480715.66,292602.25,C3001149,627337.11,815450.52,1,0
17,DEBIT,181198.2,C1001150,213483.1,32284.9,C3001150,848736.99,1029935.19,0,0
26,PAYMENT,113404.54,C1001151,256341.98,142937.44,M2001151,229869.59,343274.13,0,0
4,CASH_OUT,70949.36,C1001152,73424.08,2474.72,C3001152,817346.32,888295.68,0,0
1,TRANSFER,76291.26,C1001153,275515.68,199224.42,C3001153,234906.26,311197.52,0,0
8,DEBIT,82429.27,C1001154,72327.45,72327.45,C3001154,676766.54,759195.81,0,0
17,CASH_OUT,145543.11,C1001155,305607.17,160064.06,C3001155,430673.57,576216.68,0,0
3,PAYMENT,90382.64,C1001156,466629.33,376246.69,M2001156,114681.24,205063.88,0,0
29,CASH_IN,171360.32,C1001157,97849.27,97849.27,C3001157,714263.46,885623.78,0,0
20,CASH_IN,188824.55,C1001158,382281.86,193457.31,C3001158,217762.62,406587.17,0,0
15,PAYMENT,67255.64,C1001159,11751.21,11751.21,M2001159,176623.43,243879.07,0,0
15,PAYMENT,112182.83,C1001160,187748.62,75565.79,M2001160,358322.93,470505.76,0,0
24,CASH_IN,19101.8,C1001161,55374.25,36272.45,C3001161,653290.24,672392.04,0,0
22,CASH_OUT,40173.76,C1001162,176237.72,136063.96,C3001162,233996.48,274170.24,0,0
14,CASH_IN,82751.81,C1001163,86768.46,4016.65,C3001163,183661.54,266413.35,0,0
26,PAYMENT,41319.92,C1001164,186652.5,145332.58,M2001164,9953.63,51273.55,0,0
28,DEBIT,175324.44,C1001165,208761.4,33436.96,C3001165,471643.1,646967.54,0,0
23,TRANSFER,31741.42,C1001166,150295.56,118554.14,C3001166,428645.57,460386.99,0,0
14,DEBIT,91186.6,C1001167,328310.97,237124.37,C3001167,233867.74,325054.34,0,0
24,DEBIT,121179.28,C1001168,459426.03,338246.75,C3001168,53652.16,174831.44,0,0
2,PAYMENT,138403.6,C1001169,200297.69,61894.09,M2001169,429255.87,567659.47,0,0
13,CASH_IN,76675.57,C1001170,96171.58,19496.01,C3001170,788205.11,864880.68,0,0
26,CASH_OUT,173832.9,C1001171,135361.38,135361.38,C3001171,715282.13,889115.03,0,0
14,DEBIT,113707.0,C1001172,427000.41,313293.41,C3001172,860794.89,974501.89,0,0
27,CASH_IN,87957.61,C1001173,285819.86,197862.25,C3001173,9582.69,97540.3,0,0
24,CASH_OUT,13541.4,C1001174,227505.52,213964.12,C3001174,966419.32,979960.72,0,0
19,DEBIT,92991.42,C1001175,74818.36,74818.36,C3001175,341412.25,434403.67,0,0
7,CASH_OUT,164165.09,C1001176,224863.65,60698.56,C3001176,990397.8,1154562.89,1,0
3,CASH_IN,122946.75,C1001177,139246.0,16299.25,C3001177,252619.46,375566.21,0,0
15,TRANSFER,166449.27,C1001178,471581.56,305132.29,C3001178,471536.39,637985.66,1,0
23,CASH_IN,98852.93,C1001179,442035.05,343182.12,C3001179,353927.68,452780.61,0,0
14,PAYMENT,23780.49,C1001180,41951.27,18170.78,M2001180,355760.71,379541.2,0,0
11,CASH_OUT,2826.61,C1001181,258326.74,255500.13,C3001181,842282.1,845108.71,0,0
15,TRANSFER,60713.59,C1001182,112529.17,51815.58,C3001182,746418.94,807132.53,0,0
28,CASH_OUT,139628.3,C1001183,205388.54,65760.24,C3001183,992151.44,1131779.74,0,0
13,CASH_OUT,158072.95,C1001184,438424.0,280351.05,C3001184,613514.68,771587.63,1,0
18,DEBIT,59220.99,C1001185,263757.26,204536.27,C3001185,463256.6,522477.59,0,0
26,PAYMENT,99181.22,C1001186,167107.65,67926.43,M2001186,90073.86,189255.08,0,0
6,CASH_OUT,84281.67,C1001187,103944.18,19662.51,C3001187,996561.42,1080843.09,0,0
3,CASH_IN,82163.5,C1001188,400162.43,317998.93,C3001188,551530.65,633694.15,0,0
19,CASH_IN,46346.61,C1001189,312259.01,265912.4,C3001189,700477.47,746824.08,0,0
15,DEBIT,27360.58,C1001190,234032.73,206672.15,C3001190,406742.39,434102.97,0,0
25,PAYMENT,39418.04,C1001191,108742.18,69324.14,M2001191,547715.71,587133.75,0,0
23,PAYMENT,11160.94,C1001192,167123.19,155962.25,M2001192,942577.73,953738.67,0,0
5,CASH_IN,39706.34,C1001193,479921.71,440215.37,C3001193,166419.44,206125.78,0,0
28,TRANSFER,1939.26,C1001194,260044.97,258105.71,C3001194,292372.58,294311.84,0,0
10,DEBIT,125488.95,C1001195,200349.64,74860.69,C3001195,152059.73,277548.68,0,0
7,DEBIT,63343.44,C1001196,260711.02,197367.58,C3001196,792215.9,855559.34,0,0
25,CASH_IN,194631.63,C1001197,389494.25,194862.62,C3001197,62045.26,256676.89,0,1
17,CASH_IN,38824.04,C1001198,170054.47,131230.43,C3001198,81631.65,120455.69,0,0
7,TRANSFER,69231.13,C1001199,89353.06,20121.93,C3001199,298494.11,367725.24,0,0
22,TRANSFER,71632.45,C1001200,292468.06,220835.61,C3001200,514188.18,585820.63,0,0
26,PAYMENT,1789.45,C1001201,332602.05,330812.6,M2001201,406274.8,408064.25,0,0
30,DEBIT,167857.67,C1001202,356359.0,188501.33,C3001202,44816.31,212673.98,0,0
12,DEBIT,6495.69,C1001203,440993.8,434498.11,C3001203,957491.56,963987.25,0,0
25,CASH_IN,188041.95,C1001204,185587.06,185587.06,C3001204,952869.52,1140911.47,0,0
17,PAYMENT,178425.66,C1001205,37677.45,37677.45,M2001205,279356.32,457781.98,0,0
13,DEBIT,107150.83,C1001206,479174.29,372023.46,C3001206,731525.62,838676.45,0,0
20,PAYMENT,108764.76,C1001207,217505.96,108741.2,M2001207,578575.41,687340.17,0,0
25,PAYMENT,130790.21,C1001208,311628.75,180838.54,M2001208,237476.7,368266.91,0,0
4,CASH_IN,77471.3,C1001209,333152.66,255681.36,C3001209,262171.55,339642.85,0,0
10,PAYMENT,129479.73,C1001210,273256.85,143777.12,M2001210,491153.17,620632.9,0,0
3,TRANSFER,9049.2,C1001211,102628.76,93579.56,C3001211,419236.94,428286.14,0,0
9,TRANSFER,10904.12,C1001212,377571.53,366667.41,C3001212,291229.33,302133.45,0,0
13,CASH_OUT,91500.36,C1001213,401875.99,310375.63,C3001213,807511.6,899011.96,0,0
18,CASH_IN,109969.5,C1001214,276487.79,166518.29,C3001214,481462.92,591432.42,0,0
15,CASH_OUT,177574.75,C1001215,244280.58,66705.83,C3001215,654848.06,832422.81,1,0
4,TRANSFER,21021.66,C1001216,56969.09,35947.43,C3001216,189273.5,210295.16,0,0
15,CASH_OUT,164547.32,C1001217,41975.83,41975.83,C3001217,533507.66,698054.98,0,0
22,CASH_IN,42088.46,C1001218,169782.42,127693.96,C3001218,317976.05,360064.51,0,0
2,CASH_IN,78877.32,C1001219,155423.08,76545.76,C3001219,526413.61,605290.93,0,0
15,PAYMENT,63388.83,C1001220,476828.23,413439.4,M2001220,780825.83,844214.66,0,0
8,DEBIT,80091.04,C1001221,391811.37,311720.33,C3001221,768913.21,849004.25,0,0
8,PAYMENT,30184.05,C1001222,329962.15,299778.1,M2001222,354220.68,384404.73,0,0
17,CASH_IN,100763.66,C1001223,258824.04,158060.38,C3001223,694277.12,795040.78,0,0
12,TRANSFER,160348.35,C1001224,83683.77,83683.77,C3001224,941289.95,1101638.3,1,0
19,TRANSFER,88362.65,C1001225,489228.34,400865.69,C3001225,625669.33,714031.98,0,0
10,PAYMENT,98173.65,C1001226,187520.35,89346.7,M2001226,148410.12,246583.77,0,0
9,CASH_IN,169768.64,C1001227,53462.8,53462.8,C3001227,679708.63,849477.27,0,0
5,TRANSFER,141241.02,C1001228,246899.45,105658.43,C3001228,104904.39,246145.41,0,0
6,CASH_IN,98141.84,C1001229,436999.01,338857.17,C3001229,872110.41,970252.25,0,0
20,TRANSFER,51613.36,C1001230,443645.5,392032.14,C3001230,516660.5,568273.86,0,0
26,CASH_IN,176996.86,C1001231,5482.96,5482.96,C3001231,385140.74,562137.6,0,0
2,CASH_OUT,115446.38,C1001232,443147.87,327701.49,C3001232,57006.59,172452.97,0,0
27,CASH_IN,44307.41,C1001233,135742.11,91434.7,C3001233,380783.73,425091.14,0,0
24,CASH_IN,53897.04,C1001234,19486.18,19486.18,C3001234,903206.67,957103.71,0,0
27,PAYMENT,160646.3,C1001235,423895.14,263248.84,M2001235,20983.0,181629.3,0,0
13,CASH_OUT,8924.7,C1001236,431933.38,423008.68,C3001236,474648.16,483572.86,0,0
6,DEBIT,198419.23,C1001237,298115.54,99696.31,C3001237,931158.09,1129577.32,0,1
5,PAYMENT,26157.3,C1001238,287216.88,261059.58,M2001238,394841.0,420998.3,0,0
25,DEBIT,159234.1,C1001239,406560.14,247326.04,C3001239,428175.69,587409.79,0,0
1,TRANSFER,79015.59,C1001240,393154.78,314139.19,C3001240,578560.06,657575.65,0,0
21,DEBIT,98494.02,C1001241,445052.74,346558.72,C3001241,462937.33,561431.35,0,0
22,CASH_IN,176142.05,C1001242,276373.72,100231.67,C3001242,168601.69,344743.74,0,0
21,DEBIT,82640.95,C1001243,483823.55,401182.6,C3001243,18555.54,101196.49,0,0
6,PAYMENT,107545.0,C1001244,498073.42,390528.42,M2001244,609811.66,717356.66,0,0
6,PAYMENT,9955.0,C1001245,58272.3,48317.3,M2001245,920806.59,930761.59,0,0
23,DEBIT,569.26,C1001246,424771.88,424202.62,C3001246,106364.13,106933.39,0,0
16,PAYMENT,49035.49,C1001247,249911.13,200875.64,M2001247,210952.72,259988.21,0,0
4,PAYMENT,136148.56,C1001248,193783.17,57634.61,M2001248,370229.49,506378.05,0,0
30,DEBIT,24340.85,C1001249,306536.15,282195.3,C3001249,808742.23,833083.08,0,0
11,CASH_OUT,22841.02,C1001250,27982.78,5141.76,C3001250,269260.32,292101.34,0,0
30,CASH_OUT,82251.03,C1001251,253230.56,170979.53,C3001251,882054.4,964305.43,0,0
30,TRANSFER,129602.62,C1001252,435445.29,305842.67,C3001252,54957.87,184560.49,0,0
30,PAYMENT,142443.19,C1001253,106730.76,106730.76,M2001253,940956.62,1083399.81,0,0
24,DEBIT,35772.29,C1001254,213194.95,177422.66,C3001254,560747.08,596519.37,0,0
23,PAYMENT,16009.67,C1001255,469740.44,453730.77,M2001255,658777.68,674787.35,0,0
9,CASH_IN,188085.37,C1001256,214281.92,26196.55,C3001256,367689.52,555774.89,0,0
23,PAYMENT,52207.21,C1001257,179183.82,126976.61,M2001257,781994.29,834201.5,0,0
3,PAYMENT,170683.96,C1001258,220268.32,49584.36,M2001258,166566.25,337250.21,0,0
19,CASH_OUT,172711.94,C1001259,259726.38,87014.44,C3001259,48911.83,221623.77,0,0
8,DEBIT,154527.27,C1001260,315995.67,161468.4,C3001260,395516.94,550044.21,0,0
5,PAYMENT,33849.84,C1001261,400346.4,366496.56,M2001261,853695.71,887545.55,0,0
4,CASH_OUT,164378.11,C1001262,226051.1,61672.99,C3001262,754926.84,919304.95,0,0
24,TRANSFER,153873.19,C1001263,408740.47,254867.28,C3001263,517155.97,671029.16,0,0
6,CASH_OUT,119384.93,C1001264,266860.33,147475.4,C3001264,572137.75,691522.68,0,0
2,CASH_OUT,67506.69,C1001265,169240.26,101733.57,C3001265,129892.83,197399.52,0,0
20,CASH_OUT,52575.47,C1001266,328975.41,276399.94,C3001266,840681.51,893256.98,0,0
28,PAYMENT,24465.65,C1001267,358861.13,334395.48,M2001267,786959.68,811425.33,0,0
11,PAYMENT,102000.44,C1001268,279024.49,177024.05,M2001268,656470.39,758470.83,0,0
4,TRANSFER,117093.65,C1001269,28307.49,28307.49,C3001269,466191.04,583284.69,0,0
15,CASH_IN,71931.86,C1001270,84941.44,13009.58,C3001270,964459.27,1036391.13,0,0
6,CASH_IN,95124.28,C1001271,142648.86,47524.58,C3001271,879031.97,974156.25,0,0
22,CASH_IN,72766.54,C1001272,141312.8,68546.26,C3001272,644430.49,717197.03,0,0
17,TRANSFER,128237.11,C1001273,336710.4,208473.29,C3001273,371801.0,500038.11,0,0
30,CASH_IN,180261.72,C1001274,9174.33,9174.33,C3001274,618022.28,798284.0,0,0
24,CASH_IN,32867.66,C1001275,377840.89,344973.23,C3001275,575440.93,608308.59,0,0
6,CASH_OUT,76343.62,C1001276,132671.24,56327.62,C3001276,394241.99,470585.61,0,0
19,PAYMENT,28259.63,C1001277,155010.92,126751.29,M2001277,306673.97,334933.6,0,0
30,PAYMENT,125026.26,C1001278,263954.91,138928.65,M2001278,407010.79,532037.05,0,0
25,CASH_OUT,145801.21,C1001279,107962.8,107962.8,C3001279,573911.41,719712.62,0,0
2,CASH_OUT,186389.36,C1001280,442235.66,255846.3,C3001280,428134.84,614524.2,0,0
15,CASH_OUT,55846.5,C1001281,42684.39,42684.39,C3001281,263574.49,319420.99,0,0
11,PAYMENT,190047.22,C1001282,222191.18,32143.96,M2001282,760963.32,951010.54,0,1
8,CASH_IN,12746.21,C1001283,424711.13,411964.92,C3001283,531467.5,544213.71,0,0
26,CASH_OUT,120642.47,C1001284,307921.95,187279.48,C3001284,67675.16,188317.63,0,0
19,TRANSFER,11520.83,C1001285,146164.76,134643.93,C3001285,368316.51,379837.34,0,0
13,CASH_OUT,178765.46,C1001286,210380.1,31614.64,C3001286,884913.46,1063678.92,1,0
12,DEBIT,106008.83,C1001287,353347.19,247338.36,C3001287,755236.53,861245.36,0,0
5,CASH_OUT,133902.74,C1001288,486630.37,352727.63,C3001288,323246.78,457149.52,0,0
6,PAYMENT,166331.63,C1001289,446569.36,280237.73,M2001289,938183.15,1104514.78,0,0
26,CASH_OUT,30147.09,C1001290,171216.4,141069.31,C3001290,76602.91,106750.0,0,0
22,DEBIT,7814.45,C1001291,499098.94,491284.49,C3001291,961234.7,969049.15,0,0
4,TRANSFER,175788.34,C1001292,1752.33,1752.33,C3001292,245705.09,421493.43,0,0
19,CASH_IN,63055.15,C1001293,13814.88,13814.88,C3001293,9094.18,72149.33,0,0
20,CASH_OUT,25882.88,C1001294,411920.26,386037.38,C3001294,433808.04,459690.92,0,0
1,DEBIT,93745.4,C1001295,99731.34,5985.94,C3001295,358970.43,452715.83,0,0
20,DEBIT,119701.38,C1001296,30384.63,30384.63,C3001296,539089.01,658790.39,0,0
17,TRANSFER,6291.02,C1001297,118574.04,112283.02,C3001297,796772.86,803063.88,0,0
12,PAYMENT,55051.64,C1001298,213050.08,157998.44,M2001298,842430.8,897482.44,0,0
15,CASH_OUT,6656.69,C1001299,365283.14,358626.45,C3001299,401230.0,407886.69,0,0
1,DEBIT,84125.04,C1001300,312167.76,228042.72,C3001300,429845.74,513970.78,0,0
26,TRANSFER,179030.5,C1001301,118810.61,118810.61,C3001301,148177.73,327208.23,0,0
14,CASH_IN,196532.22,C1001302,251635.22,55103.0,C3001302,47547.61,244079.83,0,1
6,DEBIT,127445.81,C1001303,463107.05,335661.24,C3001303,641214.99,768660.8,0,0
5,TRANSFER,32411.37,C1001304,407503.89,375092.52,C3001304,64437.63,96849.0,0,0
30,PAYMENT,181179.29,C1001305,161594.89,161594.89,M2001305,733830.12,915009.41,0,0
11,PAYMENT,103297.94,C1001306,491132.28,387834.34,M2001306,539090.15,642388.09,0,0
4,DEBIT,30834.49,C1001307,354310.2,323475.71,C3001307,198582.98,229417.47,0,0
13,DEBIT,184353.16,C1001308,31224.68,31224.68,C3001308,539522.94,723876.1,0,0
11,CASH_OUT,151518.06,C1001309,17580.36,17580.36,C3001309,182997.72,334515.78,0,0
3,TRANSFER,146367.88,C1001310,84203.97,84203.97,C3001310,438737.21,585105.09,0,0
1,DEBIT,141865.22,C1001311,363927.93,222062.71,C3001311,799560.32,941425.54,0,0
6,CASH_OUT,40147.93,C1001312,91869.46,51721.53,C3001312,461919.29,502067.22,0,0
18,CASH_OUT,42280.24,C1001313,255743.38,213463.14,C3001313,148699.32,190979.56,0,0
24,DEBIT,137689.77,C1001314,46630.06,46630.06,C3001314,723828.68,861518.45,0,0
10,PAYMENT,44022.58,C1001315,460443.08,416420.5,M2001315,186768.42,230791.0,0,0
5,TRANSFER,87790.47,C1001316,171980.31,84189.84,C3001316,738549.87,826340.34,0,0
23,TRANSFER,156422.16,C1001317,454066.03,297643.87,C3001317,479352.29,635774.45,1,0
10,PAYMENT,156812.11,C1001318,472437.82,315625.71,M2001318,453741.76,610553.87,0,0
12,DEBIT,90707.03,C1001319,3064.32,3064.32,C3001319,851435.04,942142.07,0,0
2,TRANSFER,158458.77,C1001320,232067.59,73608.82,C3001320,708603.52,867062.29,1,0
13,DEBIT,167740.5,C1001321,12328.03,12328.03,C3001321,32910.8,200651.3,0,0
8,DEBIT,130989.67,C1001322,454346.38,323356.71,C3001322,296174.31,427163.98,0,0
2,CASH_OUT,45762.33,C1001323,259203.77,213441.44,C3001323,870920.66,916682.99,0,0
20,PAYMENT,54874.95,C1001324,37472.01,37472.01,M2001324,18326.17,73201.12,0,0
1,DEBIT,63036.75,C1001325,55138.36,55138.36,C3001325,545253.45,608290.2,0,0
5,CASH_IN,23449.14,C1001326,191754.51,168305.37,C3001326,727825.67,751274.81,0,0
9,PAYMENT,54704.61,C1001327,470117.1,415412.49,M2001327,621856.09,676560.7,0,0
17,TRANSFER,41982.89,C1001328,346454.58,304471.69,C3001328,760532.2,802515.09,0,0
9,CASH_OUT,91120.22,C1001329,433809.43,342689.21,C3001329,725691.85,816812.07,0,0
11,TRANSFER,181696.67,C1001330,183228.32,1531.65,C3001330,692030.7,873727.37,0,0
15,TRANSFER,20985.62,C1001331,21606.85,621.23,C3001331,821539.86,842525.48,0,0
24,PAYMENT,144081.56,C1001332,487158.82,343077.26,M2001332,645690.67,789772.23,0,0
6,TRANSFER,137487.87,C1001333,8586.5,8586.5,C3001333,402418.49,539906.36,0,0
23,DEBIT,19241.26,C1001334,473825.83,454584.57,C3001334,471909.11,491150.37,0,0
3,TRANSFER,184522.22,C1001335,184338.71,184338.71,C3001335,716724.78,901247.0,1,0
30,CASH_OUT,113737.59,C1001336,5045.2,5045.2,C3001336,876306.03,990043.62,0,0
17,CASH_OUT,72808.73,C1001337,344578.62,271769.89,C3001337,272218.8,345027.53,0,0
5,CASH_IN,151332.06,C1001338,490270.15,338938.09,C3001338,342076.8,493408.86,0,0
30,CASH_OUT,51547.36,C1001339,482812.86,431265.5,C3001339,930739.4,982286.76,0,0
28,TRANSFER,138732.62,C1001340,80468.51,80468.51,C3001340,578511.79,717244.41,0,0
12,CASH_OUT,8038.27,C1001341,90623.9,82585.63,C3001341,178961.82,187000.09,0,0
18,PAYMENT,167897.67,C1001342,282769.46,114871.79,M2001342,663695.14,831592.81,0,0
14,CASH_OUT,89689.35,C1001343,318652.41,228963.06,C3001343,990762.16,1080451.51,0,0
21,DEBIT,127374.91,C1001344,369708.96,242334.05,C3001344,823453.56,950828.47,0,0
24,PAYMENT,44325.44,C1001345,90525.18,46199.74,M2001345,745741.14,790066.58,0,0
11,CASH_IN,135447.04,C1001346,479503.54,344056.5,C3001346,208046.65,343493.69,0,0
9,DEBIT,154470.83,C1001347,319369.63,164898.8,C3001347,876139.78,1030610.61,0,0
2,TRANSFER,94695.32,C1001348,423523.46,328828.14,C3001348,525788.84,620484.16,0,0
12,TRANSFER,123583.61,C1001349,270032.86,146449.25,C3001349,889290.02,1012873.63,0,0
3,TRANSFER,91319.55,C1001350,207138.42,115818.87,C3001350,329827.83,421147.38,0,0
3,DEBIT,178828.86,C1001351,488591.45,309762.59,C3001351,62051.05,240879.91,0,0
1,DEBIT,99624.05,C1001352,291060.69,191436.64,C3001352,475975.97,575600.02,0,0
8,DEBIT,168377.56,C1001353,433436.79,265059.23,C3001353,269837.6,438215.16,0,0
22,PAYMENT,160290.28,C1001354,476646.2,316355.92,M2001354,715229.29,875519.57,0,0
28,PAYMENT,82159.91,C1001355,337677.31,255517.4,M2001355,957106.55,1039266.46,0,0
29,TRANSFER,46093.89,C1001356,274469.34,228375.45,C3001356,690974.15,737068.04,0,0
8,CASH_OUT,81275.82,C1001357,1755.43,1755.43,C3001357,886933.93,968209.75,0,0
11,TRANSFER,165260.85,C1001358,20009.82,20009.82,C3001358,453024.01,618284.86,0,0
9,CASH_IN,45603.74,C1001359,100425.61,54821.87,C3001359,771640.74,817244.48,0,0
5,PAYMENT,104934.83,C1001360,93004.22,93004.22,M2001360,843043.44,947978.27,0,0
14,DEBIT,161238.74,C1001361,127379.4,127379.4,C3001361,710875.63,872114.37,0,0
28,PAYMENT,70760.15,C1001362,152467.32,81707.17,M2001362,507777.29,578537.44,0,0
30,DEBIT,128477.71,C1001363,180032.75,51555.04,C3001363,625866.11,754343.82,0,0
3,CASH_IN,49201.75,C1001364,210268.85,161067.1,C3001364,700507.0,749708.75,0,0
21,CASH_IN,21944.96,C1001365,49433.17,27488.21,C3001365,253084.4,275029.36,0,0
5,PAYMENT,158897.41,C1001366,21180.97,21180.97,M2001366,809579.26,968476.67,0,0
5,DEBIT,19883.83,C1001367,336972.22,317088.39,C3001367,950324.54,970208.37,0,0
19,CASH_IN,54349.14,C1001368,268667.41,214318.27,C3001368,465239.32,519588.46,0,0
27,TRANSFER,171036.37,C1001369,222072.1,51035.73,C3001369,701067.18,872103.55,0,0
14,TRANSFER,69359.21,C1001370,317219.97,247860.76,C3001370,737025.91,806385.12,0,0
26,DEBIT,194611.77,C1001371,413839.7,219227.93,C3001371,662247.55,856859.32,0,1
30,PAYMENT,195948.89,C1001372,213846.45,17897.56,M2001372,547115.11,743064.0,0,1
4,CASH_IN,53728.38,C1001373,320559.73,266831.35,C3001373,881647.95,935376.33,0,0
25,PAYMENT,8291.55,C1001374,476786.11,468494.56,M2001374,448926.71,457218.26,0,0
13,TRANSFER,141042.15,C1001375,419812.25,278770.1,C3001375,61102.96,202145.11,0,0
10,CASH_IN,90252.2,C1001376,213000.41,122748.21,C3001376,844556.38,934808.58,0,0
25,PAYMENT,20240.49,C1001377,322358.42,302117.93,M2001377,673981.27,694221.76,0,0
18,CASH_OUT,141533.81,C1001378,88535.46,88535.46,C3001378,849258.63,990792.44,0,0
8,DEBIT,6331.86,C1001379,280261.09,273929.23,C3001379,138547.44,144879.3,0,0
8,DEBIT,174052.32,C1001380,490664.15,316611.83,C3001380,30752.94,204805.26,0,0
7,CASH_OUT,27816.64,C1001381,259157.56,231340.92,C3001381,934374.54,962191.18,0,0
8,TRANSFER,25549.64,C1001382,463819.15,438269.51,C3001382,147728.31,173277.95,0,0
14,CASH_IN,35216.89,C1001383,203667.46,168450.57,C3001383,809652.33,844869.22,0,0
19,DEBIT,192057.25,C1001384,499422.41,307365.16,C3001384,823209.94,1015267.19,0,1
29,CASH_OUT,138664.56,C1001385,289610.02,150945.46,C3001385,708705.2,847369.76,0,0
6,CASH_OUT,160294.17,C1001386,21134.5,21134.5,C3001386,131262.21,291556.38,1,0
1,TRANSFER,79587.23,C1001387,293377.4,213790.17,C3001387,667398.62,746985.85,0,0
23,TRANSFER,67328.91,C1001388,137286.35,69957.44,C3001388,889086.58,956415.49,0,0
15,PAYMENT,46973.35,C1001389,16240.66,16240.66,M2001389,425531.64,472504.99,0,0
1,DEBIT,96181.54,C1001390,410426.65,314245.11,C3001390,413516.85,509698.39,0,0
25,PAYMENT,110410.56,C1001391,137864.82,27454.26,M2001391,442858.31,553268.87,0,0
17,CASH_OUT,126391.79,C1001392,398274.28,271882.49,C3001392,82271.89,208663.68,0,0
1,CASH_IN,51497.99,C1001393,144108.79,92610.8,C3001393,892025.57,943523.56,0,0
15,CASH_IN,189735.95,C1001394,97163.18,97163.18,C3001394,869182.86,1058918.81,0,0
23,TRANSFER,34034.72,C1001395,486967.79,452933.07,C3001395,997909.32,1031944.04,0,0
2,CASH_IN,193134.07,C1001396,180822.66,180822.66,C3001396,585183.14,778317.21,0,1
14,CASH_IN,3069.74,C1001397,300688.11,297618.37,C3001397,751191.64,754261.38,0,0
21,CASH_IN,96277.03,C1001398,304990.75,208713.72,C3001398,202671.91,298948.94,0,0
8,CASH_OUT,66740.23,C1001399,280236.74,213496.51,C3001399,667528.82,734269.05,0,0
8,CASH_IN,89879.77,C1001400,457347.87,367468.1,C3001400,649732.85,739612.62,0,0
19,CASH_IN,114175.85,C1001401,337220.54,223044.69,C3001401,901208.74,1015384.59,0,0
7,CASH_IN,87174.27,C1001402,201866.5,114692.23,C3001402,830792.72,917966.99,0,0
19,PAYMENT,83027.89,C1001403,431190.19,348162.3,M2001403,938466.46,1021494.35,0,0
6,CASH_OUT,146571.41,C1001404,90531.45,90531.45,C3001404,868833.47,1015404.88,0,0
6,TRANSFER,137206.67,C1001405,272118.38,134911.71,C3001405,868693.89,1005900.56,0,0
3,PAYMENT,166670.93,C1001406,475275.19,308604.26,M2001406,63723.33,230394.26,0,0
7,DEBIT,50066.8,C1001407,312698.81,262632.01,C3001407,845961.95,896028.75,0,0
19,CASH_OUT,121944.75,C1001408,408484.23,286539.48,C3001408,607478.39,729423.14,0,0
8,CASH_OUT,117080.44,C1001409,326780.36,209699.92,C3001409,380444.45,497524.89,0,0
10,DEBIT,74010.59,C1001410,419685.43,345674.84,C3001410,56514.62,130525.21,0,0
20,DEBIT,97262.9,C1001411,472243.94,374981.04,C3001411,677673.77,774936.67,0,0
15,DEBIT,62825.05,C1001412,136460.86,73635.81,C3001412,328201.75,391026.8,0,0
15,TRANSFER,28454.7,C1001413,84830.54,56375.84,C3001413,467776.26,496230.96,0,0
29,CASH_IN,42838.86,C1001414,241995.38,199156.52,C3001414,681728.44,724567.3,0,0
1,CASH_OUT,21192.18,C1001415,350931.21,329739.03,C3001415,911774.55,932966.73,0,0
20,CASH_IN,136645.61,C1001416,113595.63,113595.63,C3001416,825436.92,962082.53,0,0
30,CASH_IN,132179.41,C1001417,2050.73,2050.73,C3001417,450597.13,582776.54,0,0
7,DEBIT,190126.21,C1001418,171467.56,171467.56,C3001418,387783.16,577909.37,0,1
27,TRANSFER,145962.71,C1001419,484429.67,338466.96,C3001419,239779.74,385742.45,0,0
4,PAYMENT,10503.96,C1001420,347483.73,336979.77,M2001420,372426.75,382930.71,0,0
29,TRANSFER,176860.61,C1001421,200662.72,23802.11,C3001421,111046.39,287907.0,0,0
6,CASH_IN,172548.77,C1001422,96288.05,96288.05,C3001422,971105.51,1143654.28,0,0
25,TRANSFER,88719.73,C1001423,178044.84,89325.11,C3001423,573917.44,662637.17,0,0
1,DEBIT,117214.02,C1001424,84919.72,84919.72,C3001424,127805.84,245019.86,0,0
29,PAYMENT,195218.06,C1001425,53152.91,53152.91,M2001425,352806.01,548024.07,0,1
5,DEBIT,106507.64,C1001426,453371.19,346863.55,C3001426,547039.14,653546.78,0,0
27,PAYMENT,181073.83,C1001427,498825.17,317751.34,M2001427,532885.64,713959.47,0,0
23,CASH_IN,16699.45,C1001428,82057.22,65357.77,C3001428,35503.37,52202.82,0,0
1,PAYMENT,38291.27,C1001429,27261.28,27261.28,M2001429,950841.03,989132.3,0,0
30,PAYMENT,88206.91,C1001430,164865.55,76658.64,M2001430,275375.68,363582.59,0,0
4,PAYMENT,116992.89,C1001431,230829.59,113836.7,M2001431,16184.67,133177.56,0,0
22,TRANSFER,163263.95,C1001432,102410.62,102410.62,C3001432,76444.01,239707.96,0,0
2,TRANSFER,197653.6,C1001433,150712.46,150712.46,C3001433,580194.9,777848.5,1,1
10,CASH_IN,77831.41,C1001434,100435.37,22603.96,C3001434,137785.52,215616.93,0,0
5,PAYMENT,9578.39,C1001435,387130.28,377551.89,M2001435,41724.79,51303.18,0,0
27,CASH_OUT,160254.18,C1001436,356288.97,196034.79,C3001436,379626.47,539880.65,1,0
10,CASH_IN,120915.71,C1001437,317475.76,196560.05,C3001437,622761.19,743676.9,0,0
1,PAYMENT,39788.72,C1001438,193608.93,153820.21,M2001438,111839.8,151628.52,0,0
22,PAYMENT,99016.21,C1001439,454520.47,355504.26,M2001439,313327.83,412344.04,0,0
6,TRANSFER,148487.82,C1001440,484766.27,336278.45,C3001440,417760.67,566248.49,0,0
13,CASH_IN,154105.32,C1001441,86819.66,86819.66,C3001441,159460.1,313565.42,0,0
15,PAYMENT,99973.72,C1001442,111506.32,11532.6,M2001442,506073.9,606047.62,0,0
4,PAYMENT,61112.38,C1001443,262815.51,201703.13,M2001443,85214.09,146326.47,0,0
13,CASH_IN,194751.14,C1001444,45625.28,45625.28,C3001444,46518.5,241269.64,0,1
24,CASH_OUT,132706.19,C1001445,218224.2,85518.01,C3001445,519835.37,652541.56,0,0
20,CASH_IN,81706.68,C1001446,290895.63,209188.95,C3001446,247896.97,329603.65,0,0
24,CASH_IN,56164.6,C1001447,261036.79,204872.19,C3001447,95373.81,151538.41,0,0
15,CASH_OUT,146247.49,C1001448,165454.29,19206.8,C3001448,423912.59,570160.08,0,0
29,CASH_IN,48512.47,C1001449,271222.9,222710.43,C3001449,915140.74,963653.21,0,0
8,PAYMENT,34424.83,C1001450,479400.48,444975.65,M2001450,724192.45,758617.28,0,0
5,CASH_IN,106013.79,C1001451,103008.7,103008.7,C3001451,815615.92,921629.71,0,0
29,CASH_OUT,58068.48,C1001452,327415.68,269347.2,C3001452,871913.99,929982.47,0,0
15,DEBIT,125818.14,C1001453,21698.35,21698.35,C3001453,972627.74,1098445.88,0,0
4,CASH_IN,23675.94,C1001454,33208.2,9532.26,C3001454,763246.57,786922.51,0,0
12,TRANSFER,131022.73,C1001455,275914.11,144891.38,C3001455,608407.92,739430.65,0,0
13,PAYMENT,56730.98,C1001456,52469.59,52469.59,M2001456,365425.88,422156.86,0,0
2,PAYMENT,148.56,C1001457,11173.39,11024.83,M2001457,181643.24,181791.8,0,0
27,TRANSFER,25474.52,C1001458,85756.5,60281.98,C3001458,686659.87,712134.39,0,0
19,TRANSFER,186729.71,C1001459,282424.59,95694.88,C3001459,994949.99,1181679.7,1,0
19,CASH_IN,173484.19,C1001460,351670.48,178186.29,C3001460,467358.68,640842.87,0,0
4,TRANSFER,46798.45,C1001461,101239.28,54440.83,C3001461,723679.37,770477.82,0,0
4,DEBIT,155696.54,C1001462,334129.72,178433.18,C3001462,495092.45,650788.99,0,0
26,CASH_OUT,121753.46,C1001463,91238.17,91238.17,C3001463,431933.42,553686.88,0,0
11,TRANSFER,194183.85,C1001464,306728.71,112544.86,C3001464,410305.61,604489.46,0,1
27,TRANSFER,74783.77,C1001465,205979.84,131196.07,C3001465,504624.68,579408.45,0,0
5,DEBIT,136323.98,C1001466,326899.75,190575.77,C3001466,366895.66,503219.64,0,0
20,PAYMENT,12800.79,C1001467,497526.38,484725.59,M2001467,748773.32,761574.11,0,0
11,PAYMENT,79309.84,C1001468,468908.48,389598.64,M2001468,874272.03,953581.87,0,0
30,CASH_IN,192767.15,C1001469,2140.88,2140.88,C3001469,882885.31,1075652.46,0,1
10,DEBIT,107842.28,C1001470,442719.38,334877.1,C3001470,227698.71,335540.99,0,0
8,CASH_OUT,57647.11,C1001471,33245.4,33245.4,C3001471,895909.14,953556.25,0,0
6,CASH_OUT,24142.17,C1001472,476523.29,452381.12,C3001472,341551.23,365693.4,0,0
6,DEBIT,140735.32,C1001473,140912.84,177.52,C3001473,309307.67,450042.99,0,0
8,CASH_OUT,129006.72,C1001474,191017.42,62010.7,C3001474,726756.06,855762.78,0,0
23,PAYMENT,74850.35,C1001475,45819.1,45819.1,M2001475,304696.34,379546.69,0,0
15,CASH_OUT,190193.18,C1001476,56136.38,56136.38,C3001476,52966.41,243159.59,0,1
26,CASH_OUT,4538.34,C1001477,363370.28,358831.94,C3001477,373617.77,378156.11,0,0
14,DEBIT,60814.4,C1001478,472166.12,411351.72,C3001478,721465.6,782280.0,0,0
11,DEBIT,184221.79,C1001479,305374.25,121152.46,C3001479,326958.42,511180.21,0,0
12,CASH_OUT,64254.99,C1001480,357925.01,293670.02,C3001480,629559.06,693814.05,0,0
26,TRANSFER,50525.34,C1001481,380984.87,330459.53,C3001481,660119.44,710644.78,0,0
13,DEBIT,106890.66,C1001482,131407.14,24516.48,C3001482,733736.01,840626.67,0,0
8,CASH_IN,164777.97,C1001483,22614.82,22614.82,C3001483,897130.47,1061908.44,0,0
30,CASH_IN,20719.04,C1001484,936.37,936.37,C3001484,432564.5,453283.54,0,0
18,PAYMENT,188609.84,C1001485,175324.64,175324.64,M2001485,166432.08,355041.92,0,0
25,CASH_OUT,159035.07,C1001486,120732.11,120732.11,C3001486,318925.72,477960.79,1,0
1,TRANSFER,36331.93,C1001487,31158.86,31158.86,C3001487,432167.26,468499.19,0,0
15,PAYMENT,142430.39,C1001488,89764.15,89764.15,M2001488,713891.47,856321.86,0,0
8,CASH_OUT,77053.25,C1001489,62249.45,62249.45,C3001489,13122.13,90175.38,0,0
28,DEBIT,80518.71,C1001490,457439.19,376920.48,C3001490,315785.38,396304.09,0,0
11,CASH_IN,156679.69,C1001491,70133.61,70133.61,C3001491,779842.58,936522.27,0,0
12,TRANSFER,192560.68,C1001492,268824.23,76263.55,C3001492,670857.7,863418.38,1,1
12,CASH_IN,25418.51,C1001493,296552.98,271134.47,C3001493,731739.97,757158.48,0,0
4,DEBIT,84183.98,C1001494,271744.73,187560.75,C3001494,811810.77,895994.75,0,0
16,CASH_OUT,96240.23,C1001495,49528.22,49528.22,C3001495,783235.72,879475.95,0,0
4,DEBIT,75324.73,C1001496,159399.18,84074.45,C3001496,682183.17,757507.9,0,0
5,DEBIT,72701.51,C1001497,25635.17,25635.17,C3001497,439661.53,512363.04,0,0
24,CASH_IN,10548.51,C1001498,197834.96,187286.45,C3001498,983598.33,994146.84,0,0
5,TRANSFER,137139.17,C1001499,94299.47,94299.47,C3001499,569073.2,706212.37,0,0
8,DEBIT,87299.26,C1001500,280816.27,193517.01,C3001500,202769.21,290068.47,0,0
10,CASH_IN,39039.28,C1001501,346404.2,307364.92,C3001501,292812.86,331852.14,0,0
17,TRANSFER,163225.1,C1001502,266059.93,102834.83,C3001502,693562.46,856787.56,0,0
28,CASH_OUT,160531.89,C1001503,217118.35,56586.46,C3001503,924739.57,1085271.46,1,0
26,CASH_OUT,97329.69,C1001504,193666.71,96337.02,C3001504,178720.13,276049.82,0,0
9,PAYMENT,59760.29,C1001505,420845.88,361085.59,M2001505,82346.5,142106.79,0,0
22,CASH_IN,127654.74,C1001506,109684.03,109684.03,C3001506,881531.05,1009185.79,0,0
19,TRANSFER,57701.61,C1001507,367109.17,309407.56,C3001507,915277.98,972979.59,0,0
29,DEBIT,47277.99,C1001508,378741.16,331463.17,C3001508,276379.35,323657.34,0,0
14,CASH_OUT,146129.88,C1001509,209600.0,63470.12,C3001509,377285.72,523415.6,0,0
8,TRANSFER,8161.02,C1001510,148650.3,140489.28,C3001510,660188.0,668349.02,0,0
9,CASH_IN,19044.22,C1001511,235270.74,216226.52,C3001511,329930.02,348974.24,0,0
22,PAYMENT,1456.96,C1001512,46606.96,45150.0,M2001512,877158.71,878615.67,0,0
11,CASH_OUT,30673.34,C1001513,22965.02,22965.02,C3001513,107578.7,138252.04,0,0
23,TRANSFER,13891.1,C1001514,55801.6,41910.5,C3001514,37982.22,51873.32,0,0
1,TRANSFER,199160.89,C1001515,93572.52,93572.52,C3001515,208486.21,407647.1,1,1
14,TRANSFER,57833.11,C1001516,252088.41,194255.3,C3001516,286087.78,343920.89,0,0
5,CASH_IN,29938.68,C1001517,424568.32,394629.64,C3001517,112926.59,142865.27,0,0
21,CASH_IN,48275.15,C1001518,117821.17,69546.02,C3001518,65690.43,113965.58,0,0
26,CASH_IN,187231.5,C1001519,467581.01,280349.51,C3001519,755607.71,942839.21,0,0
14,DEBIT,104080.03,C1001520,477453.95,373373.92,C3001520,164276.57,268356.6,0,0
4,TRANSFER,73027.14,C1001521,479452.3,406425.16,C3001521,913922.2,986949.34,0,0
22,CASH_OUT,174690.95,C1001522,418781.37,244090.42,C3001522,367999.66,542690.61,1,0
23,CASH_IN,79058.56,C1001523,181912.52,102853.96,C3001523,670605.81,749664.37,0,0
25,CASH_IN,67068.21,C1001524,36341.96,36341.96,C3001524,225402.11,292470.32,0,0
1,TRANSFER,41535.78,C1001525,284409.37,242873.59,C3001525,240322.77,281858.55,0,0
22,CASH_IN,75621.59,C1001526,279340.72,203719.13,C3001526,574709.2,650330.79,0,0
23,DEBIT,63405.2,C1001527,424987.88,361582.68,C3001527,560642.93,624048.13,0,0
19,DEBIT,135493.06,C1001528,497995.53,362502.47,C3001528,768729.23,904222.29,0,0
8,CASH_IN,57987.58,C1001529,254078.65,196091.07,C3001529,757813.31,815800.89,0,0
15,TRANSFER,115482.23,C1001530,172602.02,57119.79,C3001530,670687.76,786169.99,0,0
21,TRANSFER,13271.84,C1001531,92950.86,79679.02,C3001531,449130.57,462402.41,0,0
15,TRANSFER,38338.7,C1001532,2399.91,2399.91,C3001532,890640.39,928979.09,0,0
9,PAYMENT,81540.31,C1001533,254556.85,173016.54,M2001533,622578.49,704118.8,0,0
21,CASH_IN,187396.16,C1001534,277759.33,90363.17,C3001534,990198.49,1177594.65,0,0
9,TRANSFER,75512.67,C1001535,412469.24,336956.57,C3001535,819369.82,894882.49,0,0
10,DEBIT,132848.42,C1001536,252288.48,119440.06,C3001536,44309.81,177158.23,0,0
20,CASH_OUT,51091.94,C1001537,458234.17,407142.23,C3001537,320593.91,371685.85,0,0
25,CASH_OUT,25494.01,C1001538,314041.74,288547.73,C3001538,571875.72,597369.73,0,0
21,TRANSFER,11801.47,C1001539,420168.12,408366.65,C3001539,721469.54,733271.01,0,0
26,CASH_OUT,61152.16,C1001540,74150.87,12998.71,C3001540,550336.5,611488.66,0,0
9,CASH_OUT,31616.44,C1001541,427668.07,396051.63,C3001541,786130.42,817746.86,0,0
3,PAYMENT,34884.69,C1001542,337571.93,302687.24,M2001542,282655.65,317540.34,0,0
20,DEBIT,152175.79,C1001543,85116.52,85116.52,C3001543,183912.05,336087.84,0,0
25,DEBIT,3266.03,C1001544,94881.78,91615.75,C3001544,53916.68,57182.71,0,0
26,PAYMENT,111606.24,C1001545,463250.31,351644.07,M2001545,573313.74,684919.98,0,0
11,PAYMENT,75954.33,C1001546,16107.68,16107.68,M2001546,688599.52,764553.85,0,0
6,CASH_OUT,101359.34,C1001547,231267.47,129908.13,C3001547,326149.72,427509.06,0,0
2,CASH_IN,112609.76,C1001548,156737.64,44127.88,C3001548,613584.18,726193.94,0,0
7,CASH_OUT,62742.2,C1001549,332538.72,269796.52,C3001549,52157.23,114899.43,0,0
18,PAYMENT,59092.26,C1001550,419814.69,360722.43,M2001550,99293.35,158385.61,0,0
27,DEBIT,146707.03,C1001551,180189.06,33482.03,C3001551,701754.77,848461.8,0,0
2,CASH_OUT,174268.27,C1001552,213451.04,39182.77,C3001552,368069.71,542337.98,1,0
27,CASH_IN,38597.07,C1001553,490958.89,452361.82,C3001553,671334.03,709931.1,0,0
17,CASH_OUT,19613.99,C1001554,391958.25,372344.26,C3001554,831721.12,851335.11,0,0
11,TRANSFER,179569.38,C1001555,448602.07,269032.69,C3001555,852622.44,1032191.82,1,0
27,CASH_OUT,70044.1,C1001556,219381.11,149337.01,C3001556,172167.65,242211.75,0,0
12,PAYMENT,110308.35,C1001557,117038.1,6729.75,M2001557,486285.57,596593.92,0,0
27,DEBIT,71972.67,C1001558,205931.73,133959.06,C3001558,733926.72,805899.39,0,0
19,DEBIT,25247.89,C1001559,358045.96,332798.07,C3001559,773980.6,799228.49,0,0
22,PAYMENT,117907.4,C1001560,54715.2,54715.2,M2001560,784675.98,902583.38,0,0
24,TRANSFER,105075.66,C1001561,135234.55,30158.89,C3001561,228167.33,333242.99,0,0
25,PAYMENT,40678.41,C1001562,23317.95,23317.95,M2001562,192534.82,233213.23,0,0
7,CASH_OUT,90428.62,C1001563,216173.87,125745.25,C3001563,590012.47,680441.09,0,0
20,PAYMENT,159409.81,C1001564,413722.87,254313.06,M2001564,741085.8,900495.61,0,0
6,PAYMENT,118126.18,C1001565,12331.84,12331.84,M2001565,319139.52,437265.7,0,0
21,TRANSFER,19473.77,C1001566,337661.76,318187.99,C3001566,104705.16,124178.93,0,0
24,CASH_OUT,109649.5,C1001567,466247.94,356598.44,C3001567,716746.38,826395.88,0,0
1,CASH_IN,140577.39,C1001568,118463.93,118463.93,C3001568,299697.83,440275.22,0,0
17,CASH_IN,158561.41,C1001569,346817.42,188256.01,C3001569,166362.72,324924.13,0,0
29,DEBIT,125860.6,C1001570,487550.95,361690.35,C3001570,147723.53,273584.13,0,0
11,PAYMENT,30616.37,C1001571,481139.03,450522.66,M2001571,314909.55,345525.92,0,0
22,DEBIT,142063.64,C1001572,117464.6,117464.6,C3001572,592678.07,734741.71,0,0
26,TRANSFER,135500.64,C1001573,50165.53,50165.53,C3001573,358402.24,493902.88,0,0
28,CASH_IN,4982.93,C1001574,74141.27,69158.34,C3001574,20661.85,25644.78,0,0
18,PAYMENT,82408.36,C1001575,351017.83,268609.47,M2001575,96908.43,179316.79,0,0
21,TRANSFER,66656.75,C1001576,362879.44,296222.69,C3001576,290503.25,357160.0,0,0
17,TRANSFER,133915.47,C1001577,337118.28,203202.81,C3001577,659704.48,793619.95,0,0
7,PAYMENT,43305.55,C1001578,168039.19,124733.64,M2001578,98515.07,141820.62,0,0
17,TRANSFER,118215.3,C1001579,84888.47,84888.47,C3001579,560656.85,678872.15,0,0
20,PAYMENT,182649.87,C1001580,290380.55,107730.68,M2001580,119885.87,302535.74,0,0
9,PAYMENT,159580.69,C1001581,241840.22,82259.53,M2001581,211615.33,371196.02,0,0
17,CASH_OUT,184299.4,C1001582,364417.07,180117.67,C3001582,172188.53,356487.93,1,0
20,DEBIT,195703.34,C1001583,220680.04,24976.7,C3001583,67228.64,262931.98,0,1
22,TRANSFER,2232.96,C1001584,169319.85,167086.89,C3001584,671329.82,673562.78,0,0
22,TRANSFER,124585.98,C1001585,146739.29,22153.31,C3001585,463403.55,587989.53,0,0
28,CASH_OUT,82626.6,C1001586,105735.16,23108.56,C3001586,831053.44,913680.04,0,0
29,CASH_OUT,171984.91,C1001587,132873.19,132873.19,C3001587,98890.84,270875.75,1,0
8,CASH_OUT,50437.76,C1001588,47415.22,47415.22,C3001588,144732.93,195170.69,0,0
17,CASH_IN,196207.79,C1001589,173428.51,173428.51,C3001589,306457.73,502665.52,0,1
7,CASH_IN,122780.22,C1001590,18284.91,18284.91,C3001590,765865.99,888646.21,0,0
1,CASH_IN,158728.13,C1001591,93206.92,93206.92,C3001591,305758.82,464486.95,0,0
13,PAYMENT,17211.35,C1001592,373385.22,356173.87,M2001592,408418.71,425630.06,0,0
30,TRANSFER,36773.23,C1001593,162734.49,125961.26,C3001593,301603.57,338376.8,0,0
23,DEBIT,151704.89,C1001594,334118.51,182413.62,C3001594,80224.29,231929.18,0,0
19,PAYMENT,4495.11,C1001595,358442.09,353946.98,M2001595,939433.62,943928.73,0,0
27,TRANSFER,163393.91,C1001596,290592.67,127198.76,C3001596,548538.99,711932.9,1,0
24,TRANSFER,2888.41,C1001597,479348.87,476460.46,C3001597,787833.19,790721.6,0,0
19,CASH_OUT,131458.06,C1001598,10719.93,10719.93,C3001598,658357.09,789815.15,0,0
30,CASH_OUT,73082.27,C1001599,369326.33,296244.06,C3001599,514254.28,587336.55,0,0
30,PAYMENT,122337.82,C1001600,479393.32,357055.5,M2001600,89678.26,212016.08,0,0
29,CASH_OUT,139236.68,C1001601,431135.86,291899.18,C3001601,642733.55,781970.23,0,0
17,TRANSFER,68560.8,C1001602,83946.35,15385.55,C3001602,155370.36,223931.16,0,0
13,CASH_OUT,21681.69,C1001603,163410.15,141728.46,C3001603,414383.17,436064.86,0,0
29,CASH_IN,14022.21,C1001604,86225.92,72203.71,C3001604,629113.14,643135.35,0,0
30,CASH_OUT,117828.31,C1001605,300654.18,182825.87,C3001605,782229.0,900057.31,0,0
16,TRANSFER,104179.01,C1001606,356093.99,251914.98,C3001606,685045.18,789224.19,0,0
8,PAYMENT,148465.98,C1001607,158536.88,10070.9,M2001607,671533.53,819999.51,0,0
19,DEBIT,101996.13,C1001608,269753.29,167757.16,C3001608,149042.21,251038.34,0,0
18,CASH_OUT,84546.91,C1001609,345460.29,260913.38,C3001609,346128.54,430675.45,0,0
1,TRANSFER,79677.63,C1001610,210669.91,130992.28,C3001610,42912.27,122589.9,0,0
14,DEBIT,5386.74,C1001611,427007.77,421621.03,C3001611,719476.89,724863.63,0,0
19,DEBIT,67177.88,C1001612,385774.97,318597.09,C3001612,952585.98,1019763.86,0,0
15,CASH_IN,195206.43,C1001613,32332.77,32332.77,C3001613,264110.39,459316.82,0,1
18,DEBIT,174723.76,C1001614,310562.65,135838.89,C3001614,87696.71,262420.47,0,0
2,TRANSFER,65942.68,C1001615,117662.78,51720.1,C3001615,475570.08,541512.76,0,0
22,TRANSFER,117600.3,C1001616,278759.13,161158.83,C3001616,856698.22,974298.52,0,0
28,CASH_OUT,169474.62,C1001617,478444.22,308969.6,C3001617,551974.2,721448.82,0,0
17,CASH_OUT,88310.74,C1001618,439531.0,351220.26,C3001618,46777.15,135087.89,0,0
18,CASH_OUT,3689.78,C1001619,202258.2,198568.42,C3001619,974272.24,977962.02,0,0
30,DEBIT,14994.64,C1001620,145756.93,130762.29,C3001620,828649.91,843644.55,0,0
6,DEBIT,102127.5,C1001621,117202.87,15075.37,C3001621,131594.08,233721.58,0,0
19,CASH_IN,193890.93,C1001622,266257.43,72366.5,C3001622,921797.76,1115688.69,0,1
4,CASH_OUT,138672.59,C1001623,57124.23,57124.23,C3001623,450688.29,589360.88,0,0
1,PAYMENT,14276.15,C1001624,274637.5,260361.35,M2001624,371897.99,386174.14,0,0
8,CASH_IN,37953.24,C1001625,666.82,666.82,C3001625,461053.33,499006.57,0,0
29,PAYMENT,154287.5,C1001626,161924.82,7637.32,M2001626,834571.96,988859.46,0,0
23,DEBIT,168303.81,C1001627,109967.16,109967.16,C3001627,659479.68,827783.49,0,0
7,CASH_IN,123577.15,C1001628,485609.39,362032.24,C3001628,59248.45,182825.6,0,0
3,CASH_IN,128920.19,C1001629,363621.16,234700.97,C3001629,957604.37,1086524.56,0,0
10,TRANSFER,5764.66,C1001630,174826.69,169062.03,C3001630,147784.13,153548.79,0,0
10,DEBIT,165723.2,C1001631,46422.54,46422.54,C3001631,745567.95,911291.15,0,0
19,DEBIT,157676.21,C1001632,258400.3,100724.09,C3001632,636136.53,793812.74,0,0
14,CASH_IN,51881.13,C1001633,106723.94,54842.81,C3001633,187528.05,239409.18,0,0
2,DEBIT,141764.48,C1001634,268214.77,126450.29,C3001634,170732.08,312496.56,0,0
28,CASH_IN,43049.44,C1001635,417681.18,374631.74,C3001635,870327.59,913377.03,0,0
1,TRANSFER,8162.0,C1001636,307896.28,299734.28,C3001636,419694.92,427856.92,0,0
23,CASH_IN,40307.19,C1001637,316894.21,276587.02,C3001637,654576.51,694883.7,0,0
23,DEBIT,35807.91,C1001638,270515.14,234707.23,C3001638,504071.0,539878.91,0,0
28,DEBIT,67615.82,C1001639,463632.82,396017.0,C3001639,727353.52,794969.34,0,0
18,CASH_IN,83748.05,C1001640,465951.34,382203.29,C3001640,479242.38,562990.43,0,0
7,CASH_IN,101756.92,C1001641,256361.6,154604.68,C3001641,287379.92,389136.84,0,0
29,CASH_IN,95403.1,C1001642,152879.74,57476.64,C3001642,363383.37,458786.47,0,0
8,CASH_OUT,54207.85,C1001643,229793.5,175585.65,C3001643,859077.69,913285.54,0,0
1,DEBIT,5931.22,C1001644,93278.96,87347.74,C3001644,468034.69,473965.91,0,0
25,DEBIT,121059.81,C1001645,318172.16,197112.35,C3001645,213449.33,334509.14,0,0
23,CASH_OUT,79209.39,C1001646,250046.17,170836.78,C3001646,934605.39,1013814.78,0,0
3,CASH_IN,59804.56,C1001647,51650.24,51650.24,C3001647,796600.46,856405.02,0,0
24,TRANSFER,173401.51,C1001648,98823.89,98823.89,C3001648,55666.15,229067.66,1,0
23,CASH_IN,149373.99,C1001649,239815.98,90441.99,C3001649,998942.96,1148316.95,0,0
27,CASH_IN,171567.33,C1001650,443794.5,272227.17,C3001650,694926.7,866494.03,0,0
29,CASH_OUT,99047.06,C1001651,283195.36,184148.3,C3001651,160266.6,259313.66,0,0
8,DEBIT,26273.16,C1001652,340767.5,314494.34,C3001652,237167.68,263440.84,0,0
22,CASH_IN,139274.67,C1001653,169514.27,30239.6,C3001653,692445.48,831720.15,0,0
25,DEBIT,41294.15,C1001654,285705.7,244411.55,C3001654,779761.06,821055.21,0,0
15,PAYMENT,88301.81,C1001655,223689.91,135388.1,M2001655,239035.94,327337.75,0,0
5,DEBIT,13093.66,C1001656,329564.96,316471.3,C3001656,256968.85,270062.51,0,0
3,TRANSFER,165079.15,C1001657,25287.78,25287.78,C3001657,307120.69,472199.84,1,0
19,TRANSFER,25275.53,C1001658,246650.11,221374.58,C3001658,598018.36,623293.89,0,0
1,CASH_IN,180629.19,C1001659,147996.31,147996.31,C3001659,171816.18,352445.37,0,0
28,DEBIT,172859.7,C1001660,163092.53,163092.53,C3001660,104243.2,277102.9,0,0
15,CASH_IN,92970.09,C1001661,480458.72,387488.63,C3001661,678864.09,771834.18,0,0
8,CASH_OUT,148899.2,C1001662,91347.41,91347.41,C3001662,779097.94,927997.14,0,0
2,TRANSFER,123927.07,C1001663,155622.63,31695.56,C3001663,500929.4,624856.47,0,0
3,CASH_IN,160634.82,C1001664,254946.29,94311.47,C3001664,363832.71,524467.53,0,0
24,CASH_OUT,86417.84,C1001665,431513.47,345095.63,C3001665,432042.71,518460.55,0,0
14,CASH_IN,157183.12,C1001666,208335.04,51151.92,C3001666,388407.83,545590.95,0,0
24,DEBIT,92545.12,C1001667,371932.64,279387.52,C3001667,959984.91,1052530.03,0,0
14,DEBIT,188199.06,C1001668,428187.05,239987.99,C3001668,768089.91,956288.97,0,0
11,DEBIT,97325.78,C1001669,155008.18,57682.4,C3001669,208087.21,305412.99,0,0
16,DEBIT,92577.59,C1001670,196375.09,103797.5,C3001670,384189.15,476766.74,0,0
4,PAYMENT,157035.87,C1001671,178278.11,21242.24,M2001671,544012.29,701048.16,0,0
20,CASH_OUT,164333.38,C1001672,416427.9,252094.52,C3001672,612985.86,777319.24,1,0
5,CASH_OUT,110942.37,C1001673,22173.43,22173.43,C3001673,468183.9,579126.27,0,0
22,DEBIT,36041.58,C1001674,154210.54,118168.96,C3001674,810126.64,846168.22,0,0
21,PAYMENT,93604.87,C1001675,339704.28,246099.41,M2001675,767606.02,861210.89,0,0
14,DEBIT,193617.69,C1001676,282721.75,89104.06,C3001676,505157.92,698775.61,0,1
23,PAYMENT,150621.94,C1001677,218144.68,67522.74,M2001677,854429.39,1005051.33,0,0
16,DEBIT,162251.4,C1001678,269974.11,107722.71,C3001678,751089.53,913340.93,0,0
18,TRANSFER,6661.82,C1001679,98792.29,92130.47,C3001679,778581.85,785243.67,0,0
7,TRANSFER,93625.11,C1001680,215358.31,121733.2,C3001680,956400.78,1050025.89,0,0
10,CASH_IN,129359.56,C1001681,250851.49,121491.93,C3001681,266466.94,395826.5,0,0
7,DEBIT,166023.53,C1001682,450594.56,284571.03,C3001682,267648.16,433671.69,0,0
1,CASH_OUT,9949.8,C1001683,130417.58,120467.78,C3001683,888952.26,898902.06,0,0
23,CASH_IN,170502.53,C1001684,433914.25,263411.72,C3001684,772226.37,942728.9,0,0
21,TRANSFER,109725.35,C1001685,322120.7,212395.35,C3001685,926545.54,1036270.89,0,0
19,DEBIT,39543.06,C1001686,10170.42,10170.42,C3001686,63130.16,102673.22,0,0
16,CASH_IN,63519.32,C1001687,362315.67,298796.35,C3001687,627757.08,691276.4,0,0
29,DEBIT,56457.72,C1001688,17775.94,17775.94,C3001688,144628.34,201086.06,0,0
19,TRANSFER,106218.72,C1001689,498690.56,392471.84,C3001689,503897.2,610115.92,0,0
4,CASH_IN,10431.97,C1001690,436318.34,425886.37,C3001690,155746.93,166178.9,0,0
29,TRANSFER,31791.38,C1001691,148671.87,116880.49,C3001691,128078.51,159869.89,0,0
28,PAYMENT,162557.34,C1001692,128705.62,128705.62,M2001692,12168.35,174725.69,0,0
18,TRANSFER,26607.54,C1001693,190720.54,164113.0,C3001693,630238.81,656846.35,0,0
2,DEBIT,46755.91,C1001694,178083.48,131327.57,C3001694,359022.62,405778.53,0,0
1,CASH_OUT,90728.78,C1001695,186168.91,95440.13,C3001695,105188.28,195917.06,0,0
15,TRANSFER,103472.47,C1001696,159138.27,55665.8,C3001696,322837.78,426310.25,0,0
5,CASH_OUT,152745.73,C1001697,310566.7,157820.97,C3001697,168944.09,321689.82,0,0
20,PAYMENT,89521.75,C1001698,82131.83,82131.83,M2001698,941694.83,1031216.58,0,0
11,CASH_IN,157993.94,C1001699,422990.65,264996.71,C3001699,320004.89,477998.83,0,0
10,CASH_IN,123707.43,C1001700,406201.24,282493.81,C3001700,333953.52,457660.95,0,0
2,CASH_OUT,22708.64,C1001701,238241.6,215532.96,C3001701,839858.0,862566.64,0,0
3,CASH_IN,31350.65,C1001702,426364.98,395014.33,C3001702,647755.76,679106.41,0,0
23,TRANSFER,87463.04,C1001703,123572.54,36109.5,C3001703,710171.61,797634.65,0,0
23,CASH_OUT,79438.19,C1001704,8782.73,8782.73,C3001704,636001.8,715439.99,0,0
12,DEBIT,148734.5,C1001705,309603.96,160869.46,C3001705,946196.28,1094930.78,0,0
20,TRANSFER,116189.35,C1001706,228954.7,112765.35,C3001706,207000.83,323190.18,0,0
5,TRANSFER,77687.8,C1001707,283582.27,205894.47,C3001707,989039.24,1066727.04,0,0
5,TRANSFER,34234.98,C1001708,449669.7,415434.72,C3001708,830956.18,865191.16,0,0
6,DEBIT,45444.74,C1001709,484962.79,439518.05,C3001709,588972.59,634417.33,0,0
30,PAYMENT,115142.65,C1001710,317226.57,202083.92,M2001710,662371.62,777514.27,0,0
9,CASH_IN,84745.42,C1001711,382027.79,297282.37,C3001711,648825.88,733571.3,0,0
2,CASH_OUT,103034.01,C1001712,41904.22,41904.22,C3001712,58396.22,161430.23,0,0
21,PAYMENT,34218.42,C1001713,80357.79,46139.37,M2001713,218016.5,252234.92,0,0
12,CASH_OUT,132614.96,C1001714,366602.4,233987.44,C3001714,961470.88,1094085.84,0,0
3,CASH_IN,170522.49,C1001715,215682.73,45160.24,C3001715,534364.43,704886.92,0,0
20,DEBIT,51662.11,C1001716,222982.64,171320.53,C3001716,378353.6,430015.71,0,0
26,TRANSFER,98353.69,C1001717,154303.84,55950.15,C3001717,762038.46,860392.15,0,0
22,TRANSFER,195107.91,C1001718,303678.19,108570.28,C3001718,524518.94,719626.85,0,1
12,DEBIT,66715.02,C1001719,92582.52,25867.5,C3001719,13162.77,79877.79,0,0
24,PAYMENT,119049.76,C1001720,313458.14,194408.38,M2001720,736237.6,855287.36,0,0
17,PAYMENT,18130.12,C1001721,86899.43,68769.31,M2001721,732217.56,750347.68,0,0
10,CASH_OUT,121242.4,C1001722,31913.02,31913.02,C3001722,165148.71,286391.11,0,0
30,DEBIT,18017.39,C1001723,165178.84,147161.45,C3001723,956660.09,974677.48,0,0
24,PAYMENT,191851.16,C1001724,115570.17,115570.17,M2001724,223908.13,415759.29,0,1
27,DEBIT,143160.96,C1001725,444495.82,301334.86,C3001725,457749.37,600910.33,0,0
14,CASH_IN,157653.14,C1001726,27476.73,27476.73,C3001726,114735.96,272389.1,0,0
23,TRANSFER,140850.46,C1001727,88306.85,88306.85,C3001727,603282.32,744132.78,0,0
17,TRANSFER,117986.83,C1001728,274359.8,156372.97,C3001728,375451.12,493437.95,0,0
18,TRANSFER,90037.56,C1001729,240533.6,150496.04,C3001729,353173.46,443211.02,0,0
19,DEBIT,171688.84,C1001730,22926.01,22926.01,C3001730,826976.88,998665.72,0,0
17,DEBIT,191371.45,C1001731,3626.21,3626.21,C3001731,9561.71,200933.16,0,1
14,CASH_OUT,99857.33,C1001732,494033.97,394176.64,C3001732,797946.77,897804.1,0,0
9,TRANSFER,186313.86,C1001733,329417.35,143103.49,C3001733,571448.57,757762.43,1,0
8,CASH_OUT,116708.25,C1001734,182703.07,65994.82,C3001734,986098.51,1102806.76,0,0
2,TRANSFER,107723.0,C1001735,235216.12,127493.12,C3001735,589443.22,697166.22,0,0
13,CASH_OUT,90951.1,C1001736,133275.06,42323.96,C3001736,55379.13,146330.23,0,0
25,CASH_OUT,41936.62,C1001737,172436.89,130500.27,C3001737,50645.33,92581.95,0,0
7,CASH_IN,843.56,C1001738,324522.23,323678.67,C3001738,883152.99,883996.55,0,0
9,CASH_OUT,48377.09,C1001739,441405.9,393028.81,C3001739,841214.15,889591.24,0,0
22,DEBIT,101993.66,C1001740,92065.01,92065.01,C3001740,345890.08,447883.74,0,0
22,CASH_OUT,76053.99,C1001741,420180.75,344126.76,C3001741,618032.48,694086.47,0,0
11,TRANSFER,89752.2,C1001742,60778.31,60778.31,C3001742,489591.36,579343.56,0,0
14,CASH_OUT,196131.58,C1001743,107496.11,107496.11,C3001743,967164.06,1163295.64,0,1
4,PAYMENT,70119.45,C1001744,18587.64,18587.64,M2001744,949960.9,1020080.35,0,0
26,TRANSFER,90491.37,C1001745,70405.93,70405.93,C3001745,983839.01,1074330.38,0,0
26,PAYMENT,26789.76,C1001746,458651.57,431861.81,M2001746,866448.78,893238.54,0,0
29,TRANSFER,9686.75,C1001747,229719.37,220032.62,C3001747,909551.59,919238.34,0,0
13,DEBIT,155104.36,C1001748,38832.93,38832.93,C3001748,217278.78,372383.14,0,0
2,DEBIT,114179.57,C1001749,479863.42,365683.85,C3001749,831006.79,945186.36,0,0
23,DEBIT,152164.89,C1001750,439496.15,287331.26,C3001750,708857.11,861022.0,0,0
5,PAYMENT,30057.57,C1001751,377341.26,347283.69,M2001751,962786.51,992844.08,0,0
11,CASH_IN,114408.57,C1001752,466736.4,352327.83,C3001752,571261.83,685670.4,0,0
6,TRANSFER,50803.13,C1001753,110064.71,59261.58,C3001753,85167.17,135970.3,0,0
18,DEBIT,45689.56,C1001754,418184.65,372495.09,C3001754,597398.89,643088.45,0,0
21,TRANSFER,2404.05,C1001755,344995.6,342591.55,C3001755,686580.93,688984.98,0,0
10,PAYMENT,26155.11,C1001756,434879.62,408724.51,M2001756,220321.03,246476.14,0,0
4,CASH_IN,61922.7,C1001757,398455.78,336533.08,C3001757,394113.38,456036.08,0,0
9,PAYMENT,23464.06,C1001758,173247.53,149783.47,M2001758,598503.41,621967.47,0,0
6,TRANSFER,197173.1,C1001759,387199.27,190026.17,C3001759,374105.74,571278.84,1,1
2,CASH_IN,61795.67,C1001760,131228.15,69432.48,C3001760,374947.72,436743.39,0,0
17,CASH_IN,26151.76,C1001761,164296.08,138144.32,C3001761,133086.64,159238.4,0,0
5,PAYMENT,39896.55,C1001762,53952.86,14056.31,M2001762,940746.72,980643.27,0,0
25,DEBIT,117581.88,C1001763,467538.31,349956.43,C3001763,750494.38,868076.26,0,0
6,TRANSFER,12902.3,C1001764,145501.68,132599.38,C3001764,1243.44,14145.74,0,0
26,CASH_OUT,172500.58,C1001765,260311.23,87810.65,C3001765,765613.28,938113.86,1,0
12,CASH_OUT,192303.79,C1001766,195666.42,3362.63,C3001766,739794.99,932098.78,1,1
23,PAYMENT,49424.81,C1001767,479964.06,430539.25,M2001767,9730.96,59155.77,0,0
21,TRANSFER,90074.04,C1001768,167524.59,77450.55,C3001768,369604.3,459678.34,0,0
10,TRANSFER,4524.68,C1001769,389272.91,384748.23,C3001769,606747.69,611272.37,0,0
22,PAYMENT,128177.97,C1001770,427708.08,299530.11,M2001770,452750.65,580928.62,0,0
21,TRANSFER,82843.82,C1001771,217803.25,134959.43,C3001771,777986.12,860829.94,0,0
27,DEBIT,54084.69,C1001772,189085.91,135001.22,C3001772,425458.33,479543.02,0,0
25,PAYMENT,41446.74,C1001773,373872.91,332426.17,M2001773,153862.97,195309.71,0,0
6,DEBIT,130839.21,C1001774,456447.99,325608.78,C3001774,976415.62,1107254.83,0,0
27,TRANSFER,83301.78,C1001775,377465.87,294164.09,C3001775,242039.99,325341.77,0,0
8,PAYMENT,36013.89,C1001776,113563.18,77549.29,M2001776,717692.31,753706.2,0,0
2,TRANSFER,137852.91,C1001777,444153.87,306300.96,C3001777,143156.31,281009.22,0,0
12,PAYMENT,113057.95,C1001778,193790.83,80732.88,M2001778,329012.61,442070.56,0,0
13,TRANSFER,171748.54,C1001779,288114.71,116366.17,C3001779,442027.61,613776.15,1,0
25,DEBIT,23583.43,C1001780,415717.81,392134.38,C3001780,192232.0,215815.43,0,0
21,DEBIT,157154.75,C1001781,94197.38,94197.38,C3001781,449959.58,607114.33,0,0
7,TRANSFER,134736.01,C1001782,392255.07,257519.06,C3001782,157162.82,291898.83,0,0
10,PAYMENT,23090.69,C1001783,298081.4,274990.71,M2001783,559006.54,582097.23,0,0
13,CASH_OUT,138994.66,C1001784,446670.82,307676.16,C3001784,663713.25,802707.91,0,0
17,DEBIT,88365.3,C1001785,85985.2,85985.2,C3001785,62434.28,150799.58,0,0
26,DEBIT,189002.46,C1001786,210341.12,21338.66,C3001786,871132.12,1060134.58,0,0
21,CASH_OUT,28408.11,C1001787,416421.55,388013.44,C3001787,185140.89,213549.0,0,0
28,TRANSFER,128602.39,C1001788,9615.85,9615.85,C3001788,225362.43,353964.82,0,0
30,PAYMENT,76457.81,C1001789,56100.68,56100.68,M2001789,661349.84,737807.65,0,0
26,TRANSFER,191367.25,C1001790,495282.61,303915.36,C3001790,468751.06,660118.31,1,1
14,CASH_IN,66061.98,C1001791,140197.09,74135.11,C3001791,499395.6,565457.58,0,0
2,DEBIT,192440.96,C1001792,487771.6,295330.64,C3001792,128154.98,320595.94,0,1
28,CASH_IN,180307.02,C1001793,91265.78,91265.78,C3001793,805735.82,986042.84,0,0
22,DEBIT,54149.61,C1001794,180547.22,126397.61,C3001794,617054.25,671203.86,0,0
11,DEBIT,160728.0,C1001795,376434.72,215706.72,C3001795,135382.04,296110.04,0,0
1,CASH_IN,199121.28,C1001796,328889.2,129767.92,C3001796,373999.37,573120.65,0,1
19,CASH_IN,50607.33,C1001797,290561.2,239953.87,C3001797,810409.93,861017.26,0,0
21,TRANSFER,87411.76,C1001798,264949.59,177537.83,C3001798,568355.05,655766.81,0,0
4,CASH_IN,104084.13,C1001799,421720.22,317636.09,C3001799,108648.78,212732.91,0,0
19,TRANSFER,59056.73,C1001800,117474.28,58417.55,C3001800,372777.05,431833.78,0,0
26,TRANSFER,3151.44,C1001801,221235.46,218084.02,C3001801,242694.4,245845.84,0,0
29,TRANSFER,44103.84,C1001802,77726.15,33622.31,C3001802,517465.55,561569.39,0,0
21,DEBIT,56459.18,C1001803,297970.8,241511.62,C3001803,843361.13,899820.31,0,0
11,DEBIT,88775.58,C1001804,125272.21,36496.63,C3001804,436267.13,525042.71,0,0
8,CASH_IN,34303.39,C1001805,166921.03,132617.64,C3001805,433342.03,467645.42,0,0
11,DEBIT,174663.55,C1001806,235625.36,60961.81,C3001806,905350.9,1080014.45,0,0
4,CASH_IN,141011.74,C1001807,13385.29,13385.29,C3001807,576185.41,717197.15,0,0
17,DEBIT,17131.58,C1001808,45968.97,28837.39,C3001808,566191.09,583322.67,0,0
27,PAYMENT,130053.48,C1001809,342964.61,212911.13,M2001809,261909.89,391963.37,0,0
7,PAYMENT,130765.93,C1001810,214484.99,83719.06,M2001810,607722.75,738488.68,0,0
8,CASH_IN,191248.61,C1001811,432395.11,241146.5,C3001811,575910.47,767159.08,0,1
3,DEBIT,703.87,C1001812,347336.0,346632.13,C3001812,396851.47,397555.34,0,0
22,DEBIT,49661.7,C1001813,4050.47,4050.47,C3001813,990695.57,1040357.27,0,0
2,TRANSFER,185565.52,C1001814,308356.17,122790.65,C3001814,881890.96,1067456.48,0,0
23,CASH_OUT,186433.57,C1001815,46862.43,46862.43,C3001815,749586.29,936019.86,1,0
15,CASH_IN,144145.23,C1001816,390466.59,246321.36,C3001816,537345.59,681490.82,0,0
24,CASH_OUT,153176.09,C1001817,495753.84,342577.75,C3001817,462059.8,615235.89,0,0
22,CASH_OUT,18387.44,C1001818,265599.4,247211.96,C3001818,184897.4,203284.84,0,0
22,CASH_IN,102823.78,C1001819,341389.75,238565.97,C3001819,305737.47,408561.25,0,0
5,DEBIT,46393.44,C1001820,118657.08,72263.64,C3001820,773960.8,820354.24,0,0
24,CASH_IN,36325.49,C1001821,218798.87,182473.38,C3001821,453748.95,490074.44,0,0
1,CASH_OUT,162079.63,C1001822,428047.67,265968.04,C3001822,882269.52,1044349.15,0,0
26,DEBIT,27094.12,C1001823,83711.47,56617.35,C3001823,147911.14,175005.26,0,0
4,PAYMENT,93783.46,C1001824,132767.8,38984.34,M2001824,508347.1,602130.56,0,0
15,CASH_IN,187721.79,C1001825,222716.84,34995.05,C3001825,646965.68,834687.47,0,0
20,CASH_IN,37247.83,C1001826,356124.45,318876.62,C3001826,516848.46,554096.29,0,0
19,DEBIT,195600.89,C1001827,187941.98,187941.98,C3001827,889226.89,1084827.78,0,1
3,PAYMENT,198858.17,C1001828,463866.14,265007.97,M2001828,989563.28,1188421.45,0,1
20,PAYMENT,111167.87,C1001829,47228.53,47228.53,M2001829,115834.66,227002.53,0,0
11,DEBIT,34111.53,C1001830,185402.1,151290.57,C3001830,129954.9,164066.43,0,0
17,TRANSFER,63289.37,C1001831,354477.06,291187.69,C3001831,130324.11,193613.48,0,0
30,CASH_IN,84956.12,C1001832,112993.38,28037.26,C3001832,681177.1,766133.22,0,0
27,CASH_IN,61933.91,C1001833,328206.57,266272.66,C3001833,372676.1,434610.01,0,0
13,CASH_OUT,56199.05,C1001834,82108.48,25909.43,C3001834,733314.66,789513.71,0,0
11,DEBIT,194448.72,C1001835,27990.14,27990.14,C3001835,405471.47,599920.19,0,1
2,CASH_OUT,30757.63,C1001836,60507.86,29750.23,C3001836,627606.72,658364.35,0,0
9,CASH_OUT,146692.25,C1001837,464992.39,318300.14,C3001837,769858.01,916550.26,0,0
26,PAYMENT,182.02,C1001838,275875.44,275693.42,M2001838,548215.91,548397.93,0,0
2,CASH_IN,119276.92,C1001839,398172.89,278895.97,C3001839,539503.59,658780.51,0,0
21,CASH_OUT,183197.01,C1001840,166327.25,166327.25,C3001840,88234.33,271431.34,0,0
9,PAYMENT,57658.03,C1001841,296329.32,238671.29,M2001841,410781.74,468439.77,0,0
9,DEBIT,37186.64,C1001842,247476.07,210289.43,C3001842,545777.15,582963.79,0,0
8,CASH_OUT,130370.79,C1001843,472868.98,342498.19,C3001843,461980.83,592351.62,0,0
17,CASH_IN,142549.02,C1001844,373787.32,231238.3,C3001844,900782.0,1043331.02,0,0
1,CASH_OUT,137637.3,C1001845,365271.32,227634.02,C3001845,906530.63,1044167.93,0,0
25,DEBIT,63931.44,C1001846,23176.63,23176.63,C3001846,821917.38,885848.82,0,0
29,CASH_OUT,50515.26,C1001847,274834.83,224319.57,C3001847,375298.08,425813.34,0,0
11,CASH_IN,191188.17,C1001848,233495.73,42307.56,C3001848,717299.15,908487.32,0,1
8,PAYMENT,184667.57,C1001849,463921.13,279253.56,M2001849,395288.46,579956.03,0,0
10,CASH_IN,91517.59,C1001850,128670.99,37153.4,C3001850,232593.6,324111.19,0,0
25,PAYMENT,169254.15,C1001851,134916.73,134916.73,M2001851,342902.64,512156.79,0,0
7,TRANSFER,90519.46,C1001852,205673.12,115153.66,C3001852,70964.63,161484.09,0,0
3,CASH_IN,84935.36,C1001853,121684.86,36749.5,C3001853,331777.51,416712.87,0,0
3,CASH_IN,31436.91,C1001854,64591.96,33155.05,C3001854,460742.22,492179.13,0,0
18,DEBIT,85338.57,C1001855,428707.42,343368.85,C3001855,955480.89,1040819.46,0,0
5,CASH_OUT,107529.65,C1001856,279138.26,171608.61,C3001856,313410.59,420940.24,0,0
12,PAYMENT,4598.62,C1001857,430681.36,426082.74,M2001857,902453.54,907052.16,0,0
12,PAYMENT,88878.19,C1001858,415567.38,326689.19,M2001858,228858.28,317736.47,0,0
19,DEBIT,156293.11,C1001859,141021.18,141021.18,C3001859,190968.9,347262.01,0,0
30,DEBIT,136041.21,C1001860,273868.72,137827.51,C3001860,518995.46,655036.67,0,0
6,CASH_OUT,127067.88,C1001861,41608.85,41608.85,C3001861,672511.37,799579.25,0,0
2,CASH_OUT,181920.13,C1001862,457625.94,275705.81,C3001862,44332.25,226252.38,1,0
12,CASH_IN,3704.6,C1001863,202131.36,198426.76,C3001863,221065.87,224770.47,0,0
19,TRANSFER,111453.81,C1001864,196838.09,85384.28,C3001864,455683.67,567137.48,0,0
5,CASH_OUT,157491.03,C1001865,151377.69,151377.69,C3001865,331004.34,488495.37,1,0
12,DEBIT,108312.94,C1001866,230331.87,122018.93,C3001866,712621.08,820934.02,0,0
27,CASH_OUT,64846.72,C1001867,125879.69,61032.97,C3001867,511160.6,576007.32,0,0
27,PAYMENT,27336.49,C1001868,187426.14,160089.65,M2001868,160359.11,187695.6,0,0
17,TRANSFER,177523.86,C1001869,399973.52,222449.66,C3001869,894465.38,1071989.24,1,0
29,CASH_IN,94205.4,C1001870,417127.75,322922.35,C3001870,292905.68,387111.08,0,0
17,PAYMENT,175635.23,C1001871,152091.24,152091.24,M2001871,731131.11,906766.34,0,0
10,PAYMENT,117211.84,C1001872,234507.22,117295.38,M2001872,779915.78,897127.62,0,0
25,TRANSFER,134871.0,C1001873,436909.89,302038.89,C3001873,963157.7,1098028.7,0,0
23,CASH_IN,160871.8,C1001874,26336.67,26336.67,C3001874,498507.47,659379.27,0,0
17,DEBIT,131865.19,C1001875,444572.48,312707.29,C3001875,615835.52,747700.71,0,0
15,CASH_IN,79671.16,C1001876,109592.17,29921.01,C3001876,334876.29,414547.45,0,0
12,CASH_OUT,102775.31,C1001877,339269.62,236494.31,C3001877,678179.29,780954.6,0,0
30,PAYMENT,160628.8,C1001878,291275.85,130647.05,M2001878,463383.49,624012.29,0,0
16,CASH_OUT,74792.69,C1001879,276470.37,201677.68,C3001879,437652.36,512445.05,0,0
24,DEBIT,77685.48,C1001880,429680.11,351994.63,C3001880,855467.53,933153.01,0,0
19,CASH_OUT,19228.45,C1001881,50786.07,31557.62,C3001881,50168.84,69397.29,0,0
8,CASH_IN,182925.43,C1001882,173514.01,173514.01,C3001882,881962.43,1064887.86,0,0
21,CASH_OUT,18298.16,C1001883,269126.37,250828.21,C3001883,852069.84,870368.0,0,0
17,DEBIT,129677.01,C1001884,405644.43,275967.42,C3001884,506366.25,636043.26,0,0
23,DEBIT,82697.58,C1001885,108221.54,25523.96,C3001885,490202.85,572900.43,0,0
5,DEBIT,81183.32,C1001886,401464.92,320281.6,C3001886,361807.37,442990.69,0,0
22,CASH_IN,135942.41,C1001887,199819.24,63876.83,C3001887,994173.79,1130116.2,0,0
16,DEBIT,13512.04,C1001888,94456.93,80944.89,C3001888,111169.33,124681.37,0,0
6,PAYMENT,118781.79,C1001889,379493.22,260711.43,M2001889,590215.24,708997.03,0,0
8,DEBIT,154429.15,C1001890,45449.45,45449.45,C3001890,681681.59,836110.74,0,0
25,CASH_OUT,165659.73,C1001891,257383.69,91723.96,C3001891,934330.01,1099989.74,0,0
18,CASH_OUT,34189.02,C1001892,31937.89,31937.89,C3001892,780203.5,814392.52,0,0
25,CASH_OUT,179494.07,C1001893,178208.93,178208.93,C3001893,643847.2,823341.27,1,0
12,CASH_IN,131263.6,C1001894,300538.4,169274.8,C3001894,116812.32,248075.92,0,0
15,CASH_OUT,176382.77,C1001895,278057.77,101675.0,C3001895,373733.52,550116.29,1,0
27,CASH_IN,97107.62,C1001896,202327.71,105220.09,C3001896,138841.64,235949.26,0,0
26,CASH_IN,108452.47,C1001897,214524.0,106071.53,C3001897,881212.73,989665.2,0,0
9,DEBIT,183815.75,C1001898,113384.78,113384.78,C3001898,749621.16,933436.91,0,0
13,PAYMENT,179991.92,C1001899,227941.29,47949.37,M2001899,757536.79,937528.71,0,0
26,DEBIT,89687.36,C1001900,476627.43,386940.07,C3001900,652256.52,741943.88,0,0
15,DEBIT,54955.09,C1001901,425226.46,370271.37,C3001901,507043.54,561998.63,0,0
10,CASH_IN,78694.77,C1001902,72616.43,72616.43,C3001902,149971.06,228665.83,0,0
16,CASH_IN,77614.09,C1001903,14890.39,14890.39,C3001903,329694.89,407308.98,0,0
7,CASH_OUT,57444.69,C1001904,466762.16,409317.47,C3001904,136915.79,194360.48,0,0
17,CASH_OUT,53789.06,C1001905,263374.87,209585.81,C3001905,724913.14,778702.2,0,0
23,DEBIT,172226.48,C1001906,268918.91,96692.43,C3001906,160228.78,332455.26,0,0
26,TRANSFER,14065.4,C1001907,390359.0,376293.6,C3001907,702113.55,716178.95,0,0
21,TRANSFER,135554.48,C1001908,157344.49,21790.01,C3001908,692255.39,827809.87,0,0
22,CASH_OUT,34646.73,C1001909,240953.78,206307.05,C3001909,459304.48,493951.21,0,0
26,TRANSFER,68966.73,C1001910,484331.46,415364.73,C3001910,135228.65,204195.38,0,0
7,CASH_OUT,12402.45,C1001911,336074.34,323671.89,C3001911,314800.83,327203.28,0,0
14,CASH_IN,54067.73,C1001912,76872.52,22804.79,C3001912,320093.11,374160.84,0,0
15,DEBIT,153707.37,C1001913,66613.37,66613.37,C3001913,700385.13,854092.5,0,0
21,PAYMENT,177014.56,C1001914,102132.38,102132.38,M2001914,113743.02,290757.58,0,0
7,DEBIT,44383.28,C1001915,383355.84,338972.56,C3001915,829068.65,873451.93,0,0
9,CASH_OUT,92763.21,C1001916,147688.5,54925.29,C3001916,761007.29,853770.5,0,0
19,CASH_OUT,94117.78,C1001917,10694.42,10694.42,C3001917,186306.92,280424.7,0,0
16,DEBIT,174727.7,C1001918,472087.18,297359.48,C3001918,719164.38,893892.08,0,0
8,CASH_OUT,152583.53,C1001919,84856.71,84856.71,C3001919,668513.18,821096.71,0,0
18,TRANSFER,102664.14,C1001920,4779.09,4779.09,C3001920,748120.8,850784.94,0,0
27,TRANSFER,134182.37,C1001921,118565.8,118565.8,C3001921,188928.56,323110.93,0,0
23,CASH_OUT,169486.28,C1001922,117514.39,117514.39,C3001922,157590.32,327076.6,0,0
29,CASH_OUT,2006.84,C1001923,211002.63,208995.79,C3001923,236483.99,238490.83,0,0
18,TRANSFER,80637.72,C1001924,460194.92,379557.2,C3001924,365871.7,446509.42,0,0
30,CASH_OUT,181457.91,C1001925,439592.46,258134.55,C3001925,793664.98,975122.89,1,0
20,CASH_OUT,148088.57,C1001926,228447.28,80358.71,C3001926,737923.94,886012.51,0,0
7,DEBIT,108613.99,C1001927,205449.95,96835.96,C3001927,925451.59,1034065.58,0,0
3,PAYMENT,105975.94,C1001928,277504.54,171528.6,M2001928,58629.56,164605.5,0,0
18,TRANSFER,69619.24,C1001929,121727.01,52107.77,C3001929,11556.28,81175.52,0,0
27,DEBIT,104152.05,C1001930,26092.5,26092.5,C3001930,699138.83,803290.88,0,0
10,PAYMENT,131111.1,C1001931,469612.07,338500.97,M2001931,279287.5,410398.6,0,0
7,CASH_OUT,83730.77,C1001932,93349.49,9618.72,C3001932,334078.9,417809.67,0,0
17,CASH_OUT,142859.21,C1001933,99200.36,99200.36,C3001933,546802.03,689661.24,0,0
14,DEBIT,172260.32,C1001934,236230.16,63969.84,C3001934,102413.12,274673.44,0,0
24,CASH_OUT,31021.5,C1001935,245806.67,214785.17,C3001935,642694.42,673715.92,0,0
3,CASH_IN,90364.25,C1001936,9217.1,9217.1,C3001936,325147.45,415511.7,0,0
12,DEBIT,81663.22,C1001937,73977.37,73977.37,C3001937,632715.12,714378.34,0,0
28,PAYMENT,137524.21,C1001938,189077.41,51553.2,M2001938,834006.91,971531.12,0,0
13,DEBIT,50048.51,C1001939,341865.35,291816.84,C3001939,171111.33,221159.84,0,0
2,TRANSFER,128086.16,C1001940,114209.23,114209.23,C3001940,930873.09,1058959.25,0,0
3,DEBIT,175510.1,C1001941,211507.22,35997.12,C3001941,530688.14,706198.24,0,0
5,CASH_OUT,83684.51,C1001942,278672.53,194988.02,C3001942,922927.77,1006612.28,0,0
11,CASH_OUT,182212.04,C1001943,444296.25,262084.21,C3001943,207730.08,389942.12,1,0
8,CASH_IN,198633.43,C1001944,163035.25,163035.25,C3001944,604562.66,803196.09,0,1
26,CASH_IN,21307.8,C1001945,66779.13,45471.33,C3001945,403887.12,425194.92,0,0
23,CASH_IN,46687.33,C1001946,244636.11,197948.78,C3001946,774222.19,820909.52,0,0
23,PAYMENT,190080.91,C1001947,373360.8,183279.89,M2001947,605908.94,795989.85,0,1
12,CASH_IN,191669.7,C1001948,54929.88,54929.88,C3001948,494515.46,686185.16,0,1
7,PAYMENT,19631.68,C1001949,212341.75,192710.07,M2001949,912985.41,932617.09,0,0
15,CASH_IN,3098.2,C1001950,8892.57,5794.37,C3001950,377117.06,380215.26,0,0
24,PAYMENT,32303.89,C1001951,16779.59,16779.59,M2001951,219980.2,252284.09,0,0
17,DEBIT,199202.96,C1001952,241476.68,42273.72,C3001952,608101.19,807304.15,0,1
4,DEBIT,36081.92,C1001953,149098.65,113016.73,C3001953,624028.44,660110.36,0,0
29,CASH_OUT,100559.27,C1001954,422553.65,321994.38,C3001954,439094.62,539653.89,0,0
22,PAYMENT,169698.7,C1001955,301077.15,131378.45,M2001955,486610.04,656308.74,0,0
25,TRANSFER,4178.28,C1001956,226966.48,222788.2,C3001956,959553.41,963731.69,0,0
13,CASH_OUT,120937.35,C1001957,203967.69,83030.34,C3001957,732685.69,853623.04,0,0
18,DEBIT,55477.39,C1001958,248622.74,193145.35,C3001958,110601.75,166079.14,0,0
1,PAYMENT,172480.75,C1001959,20219.42,20219.42,M2001959,212130.07,384610.82,0,0
16,CASH_IN,56763.88,C1001960,446396.68,389632.8,C3001960,975576.63,1032340.51,0,0
13,TRANSFER,137382.47,C1001961,499151.58,361769.11,C3001961,726465.55,863848.02,0,0
10,DEBIT,134876.5,C1001962,90743.56,90743.56,C3001962,915045.13,1049921.63,0,0
12,CASH_OUT,44376.56,C1001963,60191.48,15814.92,C3001963,303861.46,348238.02,0,0
30,PAYMENT,7056.36,C1001964,71788.73,64732.37,M2001964,741866.86,748923.22,0,0
2,TRANSFER,81908.99,C1001965,330513.53,248604.54,C3001965,714002.71,795911.7,0,0
23,PAYMENT,57909.71,C1001966,330720.42,272810.71,M2001966,294689.99,352599.7,0,0
3,CASH_IN,161814.65,C1001967,423962.08,262147.43,C3001967,550816.33,712630.98,0,0
10,CASH_OUT,160092.8,C1001968,375913.19,215820.39,C3001968,627415.11,787507.91,1,0
2,PAYMENT,91459.09,C1001969,224844.84,133385.75,M2001969,481131.81,572590.9,0,0
30,DEBIT,121341.79,C1001970,306427.68,185085.89,C3001970,827178.71,948520.5,0,0
27,CASH_OUT,120891.48,C1001971,344142.34,223250.86,C3001971,832869.04,953760.52,0,0
23,DEBIT,165448.91,C1001972,256368.24,90919.33,C3001972,850600.55,1016049.46,0,0
13,PAYMENT,85057.98,C1001973,237825.49,152767.51,M2001973,803423.57,888481.55,0,0
13,CASH_OUT,55161.79,C1001974,322548.72,267386.93,C3001974,488083.48,543245.27,0,0
18,DEBIT,53080.48,C1001975,278737.27,225656.79,C3001975,381438.3,434518.78,0,0
3,CASH_IN,107284.84,C1001976,321971.15,214686.31,C3001976,831376.28,938661.12,0,0
27,CASH_IN,89884.73,C1001977,306427.39,216542.66,C3001977,490201.46,580086.19,0,0
7,PAYMENT,88080.14,C1001978,359598.28,271518.14,M2001978,246371.4,334451.54,0,0
14,CASH_OUT,18318.35,C1001979,321401.75,303083.4,C3001979,507343.53,525661.88,0,0
20,TRANSFER,143748.89,C1001980,259871.24,116122.35,C3001980,141849.82,285598.71,0,0
29,CASH_OUT,42825.96,C1001981,340898.41,298072.45,C3001981,691629.49,734455.45,0,0
30,CASH_IN,39471.03,C1001982,224740.98,185269.95,C3001982,335921.28,375392.31,0,0
17,DEBIT,82610.39,C1001983,120835.61,38225.22,C3001983,260658.8,343269.19,0,0
29,TRANSFER,45632.89,C1001984,709.11,709.11,C3001984,956508.75,1002141.64,0,0
30,PAYMENT,116813.27,C1001985,279982.07,163168.8,M2001985,776881.0,893694.27,0,0
21,TRANSFER,74355.52,C1001986,295327.61,220972.09,C3001986,787069.5,861425.02,0,0
12,PAYMENT,89837.45,C1001987,486024.48,396187.03,M2001987,623721.97,713559.42,0,0
25,TRANSFER,107480.15,C1001988,180739.17,73259.02,C3001988,839172.81,946652.96,0,0
16,PAYMENT,40786.75,C1001989,197066.62,156279.87,M2001989,759162.48,799949.23,0,0
24,PAYMENT,31234.75,C1001990,100899.79,69665.04,M2001990,598773.7,630008.45,0,0
12,TRANSFER,176096.34,C1001991,35267.15,35267.15,C3001991,961124.4,1137220.74,1,0
15,TRANSFER,86801.37,C1001992,386402.25,299600.88,C3001992,191594.95,278396.32,0,0
25,PAYMENT,82477.51,C1001993,124840.53,42363.02,M2001993,943379.72,1025857.23,0,0
10,CASH_IN,7218.87,C1001994,304452.43,297233.56,C3001994,401438.16,408657.03,0,0
30,TRANSFER,99645.46,C1001995,343886.52,244241.06,C3001995,528398.98,628044.44,0,0
25,CASH_OUT,110878.53,C1001996,235618.34,124739.81,C3001996,122739.32,233617.85,0,0
7,DEBIT,111812.29,C1001997,438176.06,326363.77,C3001997,540107.44,651919.73,0,0
20,PAYMENT,141435.53,C1001998,221897.42,80461.89,M2001998,611206.75,752642.28,0,0
5,PAYMENT,35578.62,C1001999,142454.31,106875.69,M2001999,997701.54,1033280.16,0,0
1,DEBIT,50519.4,C1002000,448007.76,397488.36,C3002000,975192.41,1025711.81,0,0
30,CASH_IN,162165.02,C1002001,430782.14,268617.12,C3002001,966397.29,1128562.31,0,0
17,DEBIT,189439.41,C1002002,82019.97,82019.97,C3002002,348388.06,537827.47,0,0
3,TRANSFER,27272.96,C1002003,12980.51,12980.51,C3002003,991266.5,1018539.46,0,0
13,DEBIT,99580.15,C1002004,44992.78,44992.78,C3002004,455478.15,555058.3,0,0
14,PAYMENT,42913.83,C1002005,143273.7,100359.87,M2002005,851836.26,894750.09,0,0
24,DEBIT,12108.63,C1002006,486129.9,474021.27,C3002006,216319.97,228428.6,0,0
30,CASH_OUT,65168.12,C1002007,279258.08,214089.96,C3002007,505833.18,571001.3,0,0
18,TRANSFER,28823.16,C1002008,186630.87,157807.71,C3002008,966012.1,994835.26,0,0
4,DEBIT,142015.62,C1002009,444358.05,302342.43,C3002009,947031.4,1089047.02,0,0
18,PAYMENT,106791.71,C1002010,226568.17,119776.46,M2002010,683734.88,790526.59,0,0
30,TRANSFER,28852.51,C1002011,157619.31,128766.8,C3002011,797814.32,826666.83,0,0
5,PAYMENT,1947.39,C1002012,470609.76,468662.37,M2002012,176426.7,178374.09,0,0
25,CASH_IN,161650.59,C1002013,424758.83,263108.24,C3002013,721658.55,883309.14,0,0
16,CASH_OUT,35321.26,C1002014,421834.19,386512.93,C3002014,618050.81,653372.07,0,0
1,CASH_IN,121282.71,C1002015,256142.37,134859.66,C3002015,91551.74,212834.45,0,0
21,CASH_OUT,67450.69,C1002016,394719.2,327268.51,C3002016,113159.01,180609.7,0,0
14,DEBIT,117138.64,C1002017,89676.68,89676.68,C3002017,108443.62,225582.26,0,0
15,TRANSFER,63199.16,C1002018,286611.48,223412.32,C3002018,724356.93,787556.09,0,0
9,DEBIT,17479.22,C1002019,491922.96,474443.74,C3002019,141715.21,159194.43,0,0
15,CASH_OUT,44667.71,C1002020,145479.22,100811.51,C3002020,467732.27,512399.98,0,0
17,CASH_OUT,37692.91,C1002021,397176.16,359483.25,C3002021,356981.81,394674.72,0,0
25,CASH_OUT,85661.07,C1002022,245239.2,159578.13,C3002022,550504.14,636165.21,0,0
24,PAYMENT,131690.93,C1002023,19902.84,19902.84,M2002023,706476.49,838167.42,0,0
4,TRANSFER,52834.83,C1002024,381509.7,328674.87,C3002024,684722.54,737557.37,0,0
12,DEBIT,2512.78,C1002025,84284.57,81771.79,C3002025,515519.92,518032.7,0,0
27,DEBIT,103835.58,C1002026,315736.78,211901.2,C3002026,464334.87,568170.45,0,0
26,CASH_IN,121191.32,C1002027,42832.1,42832.1,C3002027,397815.6,519006.92,0,0
5,CASH_OUT,192577.81,C1002028,473433.7,280855.89,C3002028,861909.95,1054487.76,1,1
29,CASH_OUT,117935.21,C1002029,145861.94,27926.73,C3002029,330851.8,448787.01,0,0
5,CASH_OUT,94287.39,C1002030,113232.35,18944.96,C3002030,259365.82,353653.21,0,0
11,DEBIT,114722.99,C1002031,64568.2,64568.2,C3002031,743315.49,858038.48,0,0
28,CASH_IN,185587.34,C1002032,473001.1,287413.76,C3002032,359763.46,545350.8,0,0
6,PAYMENT,165692.79,C1002033,355951.87,190259.08,M2002033,846998.6,1012691.39,0,0
7,TRANSFER,64663.45,C1002034,370830.44,306166.99,C3002034,327888.72,392552.17,0,0
24,PAYMENT,47527.15,C1002035,249702.28,202175.13,M2002035,701944.82,749471.97,0,0
14,DEBIT,52600.46,C1002036,237363.89,184763.43,C3002036,45109.01,97709.47,0,0
24,CASH_OUT,100933.77,C1002037,55010.62,55010.62,C3002037,385562.88,486496.65,0,0
11,TRANSFER,148835.49,C1002038,279920.55,131085.06,C3002038,343230.17,492065.66,0,0
30,DEBIT,100693.52,C1002039,123458.25,22764.73,C3002039,816678.74,917372.26,0,0
13,DEBIT,13652.5,C1002040,488572.67,474920.17,C3002040,967055.4,980707.9,0,0
2,DEBIT,144743.78,C1002041,398290.47,253546.69,C3002041,460881.28,605625.06,0,0
25,TRANSFER,161213.43,C1002042,206496.03,45282.6,C3002042,824836.28,986049.71,0,0
7,TRANSFER,57970.62,C1002043,75670.63,17700.01,C3002043,699694.7,757665.32,0,0
20,CASH_IN,132858.74,C1002044,392665.85,259807.11,C3002044,967385.99,1100244.73,0,0
4,CASH_IN,85375.72,C1002045,61026.88,61026.88,C3002045,811108.51,896484.23,0,0
27,PAYMENT,177834.96,C1002046,94666.88,94666.88,M2002046,77478.07,255313.03,0,0
8,TRANSFER,169060.59,C1002047,105760.26,105760.26,C3002047,713281.72,882342.31,1,0
20,TRANSFER,105133.86,C1002048,278445.32,173311.46,C3002048,535499.72,640633.58,0,0
29,TRANSFER,138331.96,C1002049,393528.33,255196.37,C3002049,16436.06,154768.02,0,0
22,CASH_IN,176681.61,C1002050,157157.44,157157.44,C3002050,251312.96,427994.57,0,0
21,DEBIT,99193.83,C1002051,42334.91,42334.91,C3002051,921755.25,1020949.08,0,0
19,CASH_OUT,62718.82,C1002052,232269.23,169550.41,C3002052,926061.37,988780.19,0,0
13,CASH_IN,150757.86,C1002053,374055.12,223297.26,C3002053,798850.46,949608.32,0,0
14,TRANSFER,44091.24,C1002054,110831.92,66740.68,C3002054,981779.6,1025870.84,0,0
10,CASH_IN,77767.38,C1002055,109962.27,32194.89,C3002055,806545.22,884312.6,0,0
11,PAYMENT,173158.87,C1002056,473613.51,300454.64,M2002056,10204.19,183363.06,0,0
2,TRANSFER,144912.03,C1002057,477076.86,332164.83,C3002057,287834.34,432746.37,0,0
25,PAYMENT,80821.82,C1002058,495232.87,414411.05,M2002058,30624.18,111446.0,0,0
26,TRANSFER,43027.43,C1002059,403829.8,360802.37,C3002059,94107.97,137135.4,0,0
9,CASH_IN,71258.08,C1002060,94092.08,22834.0,C3002060,218840.82,290098.9,0,0
17,DEBIT,56892.42,C1002061,105990.76,49098.34,C3002061,503558.55,560450.97,0,0
26,CASH_OUT,35300.25,C1002062,170112.62,134812.37,C3002062,847532.0,882832.25,0,0
3,PAYMENT,148692.25,C1002063,159066.27,10374.02,M2002063,861966.76,1010659.01,0,0
24,CASH_IN,50488.77,C1002064,478263.87,427775.1,C3002064,616201.86,666690.63,0,0
6,DEBIT,90888.08,C1002065,394536.99,303648.91,C3002065,928175.94,1019064.02,0,0
5,CASH_IN,77233.3,C1002066,362004.4,284771.1,C3002066,500062.33,577295.63,0,0
5,PAYMENT,196417.27,C1002067,92981.61,92981.61,M2002067,889036.04,1085453.31,0,1
22,CASH_OUT,78279.34,C1002068,454762.78,376483.44,C3002068,454065.26,532344.6,0,0
15,CASH_IN,16088.5,C1002069,413935.19,397846.69,C3002069,277225.01,293313.51,0,0
23,TRANSFER,18056.17,C1002070,81820.92,63764.75,C3002070,916412.92,934469.09,0,0
17,DEBIT,118191.67,C1002071,435585.17,317393.5,C3002071,387935.08,506126.75,0,0
9,CASH_IN,119912.77,C1002072,136123.77,16211.0,C3002072,503404.11,623316.88,0,0
3,DEBIT,83809.92,C1002073,40434.87,40434.87,C3002073,328860.63,412670.55,0,0
20,TRANSFER,86425.55,C1002074,328411.15,241985.6,C3002074,662837.6,749263.15,0,0
26,CASH_OUT,10881.12,C1002075,326902.33,316021.21,C3002075,995031.23,1005912.35,0,0
17,CASH_OUT,103357.65,C1002076,47466.0,47466.0,C3002076,25513.55,128871.2,0,0
29,TRANSFER,100997.42,C1002077,159425.9,58428.48,C3002077,899848.01,1000845.43,0,0
27,DEBIT,29994.91,C1002078,496407.23,466412.32,C3002078,3926.06,33920.97,0,0
10,CASH_IN,20857.49,C1002079,339213.33,318355.84,C3002079,364227.88,385085.37,0,0
3,TRANSFER,24802.14,C1002080,365037.58,340235.44,C3002080,168606.81,193408.95,0,0
18,PAYMENT,20295.55,C1002081,106458.64,86163.09,M2002081,757341.78,777637.33,0,0
18,DEBIT,121980.67,C1002082,39391.04,39391.04,C3002082,50610.84,172591.51,0,0
30,CASH_OUT,39376.88,C1002083,138450.84,99073.96,C3002083,553484.95,592861.83,0,0
17,TRANSFER,50360.89,C1002084,124449.19,74088.3,C3002084,294926.13,345287.02,0,0
24,CASH_OUT,34797.07,C1002085,117272.05,82474.98,C3002085,133670.25,168467.32,0,0
3,DEBIT,191571.28,C1002086,96377.16,96377.16,C3002086,771818.21,963389.49,0,1
3,CASH_OUT,170938.03,C1002087,287377.85,116439.82,C3002087,217416.83,388354.86,1,0
6,TRANSFER,46175.92,C1002088,164051.74,117875.82,C3002088,223675.21,269851.13,0,0
13,DEBIT,65580.5,C1002089,410172.51,344592.01,C3002089,275076.79,340657.29,0,0
24,PAYMENT,42057.58,C1002090,91973.71,49916.13,M2002090,586766.76,628824.34,0,0
29,TRANSFER,98426.0,C1002091,232313.54,133887.54,C3002091,659665.93,758091.93,0,0
15,CASH_IN,4020.15,C1002092,6828.92,2808.77,C3002092,17602.52,21622.67,0,0
25,TRANSFER,134306.46,C1002093,240841.16,106534.7,C3002093,241869.64,376176.1,0,0
9,DEBIT,104679.31,C1002094,27919.11,27919.11,C3002094,430970.84,535650.15,0,0
4,TRANSFER,179737.92,C1002095,488861.76,309123.84,C3002095,331976.95,511714.87,1,0
14,PAYMENT,32962.1,C1002096,395296.06,362333.96,M2002096,884170.66,917132.76,0,0
5,PAYMENT,160841.44,C1002097,245055.74,84214.3,M2002097,787708.73,948550.17,0,0
2,CASH_IN,158413.01,C1002098,43293.68,43293.68,C3002098,625890.22,784303.23,0,0
11,CASH_OUT,25523.52,C1002099,296222.72,270699.2,C3002099,338042.42,363565.94,0,0
9,DEBIT,79771.99,C1002100,379381.88,299609.89,C3002100,700672.34,780444.33,0,0
24,DEBIT,34113.51,C1002101,95358.63,61245.12,C3002101,843638.01,877751.52,0,0
3,CASH_OUT,51018.63,C1002102,284104.17,233085.54,C3002102,594830.38,645849.01,0,0
27,PAYMENT,52722.91,C1002103,407105.45,354382.54,M2002103,784461.47,837184.38,0,0
28,PAYMENT,111291.66,C1002104,384123.89,272832.23,M2002104,749104.96,860396.62,0,0
29,TRANSFER,82341.05,C1002105,401496.01,319154.96,C3002105,571737.31,654078.36,0,0
9,CASH_IN,189551.79,C1002106,439661.71,250109.92,C3002106,312183.22,501735.01,0,0
3,CASH_IN,25361.39,C1002107,468841.05,443479.66,C3002107,745782.16,771143.55,0,0
25,CASH_IN,194741.06,C1002108,202760.58,8019.52,C3002108,206796.37,401537.43,0,1
2,TRANSFER,46204.66,C1002109,284384.55,238179.89,C3002109,779488.35,825693.01,0,0
12,CASH_IN,154597.5,C1002110,395329.76,240732.26,C3002110,804546.69,959144.19,0,0
10,CASH_OUT,67860.09,C1002111,348569.91,280709.82,C3002111,822144.88,890004.97,0,0
9,TRANSFER,28701.97,C1002112,497760.11,469058.14,C3002112,472915.97,501617.94,0,0
15,CASH_OUT,171592.05,C1002113,6838.83,6838.83,C3002113,192480.77,364072.82,1,0
8,TRANSFER,61841.29,C1002114,177566.61,115725.32,C3002114,99723.6,161564.89,0,0
25,CASH_IN,131805.2,C1002115,140513.96,8708.76,C3002115,743361.25,875166.45,0,0
5,CASH_OUT,113332.09,C1002116,131157.93,17825.84,C3002116,886261.38,999593.47,0,0
11,CASH_OUT,94404.09,C1002117,111264.89,16860.8,C3002117,650838.36,745242.45,0,0
27,CASH_OUT,99214.31,C1002118,354561.92,255347.61,C3002118,144160.06,243374.37,0,0
2,TRANSFER,146474.36,C1002119,42379.74,42379.74,C3002119,934896.45,1081370.81,0,0
24,DEBIT,17645.81,C1002120,370804.42,353158.61,C3002120,989102.01,1006747.82,0,0
28,CASH_IN,133669.31,C1002121,346712.92,213043.61,C3002121,433378.61,567047.92,0,0
15,CASH_OUT,179172.84,C1002122,125402.07,125402.07,C3002122,594825.29,773998.13,1,0
6,DEBIT,11651.86,C1002123,126416.89,114765.03,C3002123,777228.52,788880.38,0,0
8,CASH_IN,28216.6,C1002124,314430.29,286213.69,C3002124,736389.79,764606.39,0,0
27,CASH_IN,143354.72,C1002125,381085.55,237730.83,C3002125,967787.19,1111141.91,0,0
5,CASH_OUT,87512.6,C1002126,438242.81,350730.21,C3002126,114883.09,202395.69,0,0
16,CASH_OUT,80769.37,C1002127,426069.78,345300.41,C3002127,580724.87,661494.24,0,0
26,TRANSFER,27479.63,C1002128,482441.5,454961.87,C3002128,691931.42,719411.05,0,0
18,DEBIT,101403.33,C1002129,290692.45,189289.12,C3002129,890098.42,991501.75,0,0
6,DEBIT,25396.41,C1002130,454327.78,428931.37,C3002130,874109.63,899506.04,0,0
5,CASH_OUT,95376.43,C1002131,404256.64,308880.21,C3002131,977999.79,1073376.22,0,0
28,CASH_IN,152746.7,C1002132,447333.81,294587.11,C3002132,512078.45,664825.15,0,0
16,CASH_OUT,51727.05,C1002133,5813.3,5813.3,C3002133,830760.87,882487.92,0,0
13,CASH_IN,96209.16,C1002134,482951.5,386742.34,C3002134,427281.71,523490.87,0,0
28,CASH_IN,198403.99,C1002135,236765.08,38361.09,C3002135,422313.88,620717.87,0,1
5,CASH_OUT,137361.42,C1002136,399091.49,261730.07,C3002136,253348.36,390709.78,0,0
13,PAYMENT,168287.22,C1002137,63602.06,63602.06,M2002137,818237.29,986524.51,0,0
17,DEBIT,83028.04,C1002138,197970.55,114942.51,C3002138,985815.11,1068843.15,0,0
18,CASH_IN,153595.4,C1002139,135730.33,135730.33,C3002139,256341.73,409937.13,0,0
8,CASH_IN,8197.78,C1002140,145829.39,137631.61,C3002140,56131.59,64329.37,0,0
13,PAYMENT,24669.95,C1002141,61627.81,36957.86,M2002141,815542.44,840212.39,0,0
30,TRANSFER,40693.81,C1002142,402881.92,362188.11,C3002142,620230.05,660923.86,0,0
29,PAYMENT,80450.19,C1002143,4621.16,4621.16,M2002143,959698.8,1040148.99,0,0
19,PAYMENT,169164.4,C1002144,156252.73,156252.73,M2002144,252239.22,421403.62,0,0
26,CASH_IN,69318.58,C1002145,87205.27,17886.69,C3002145,71027.66,140346.24,0,0
3,DEBIT,130958.78,C1002146,294519.47,163560.69,C3002146,492442.26,623401.04,0,0
24,PAYMENT,141891.93,C1002147,127126.2,127126.2,M2002147,85466.02,227357.95,0,0
8,TRANSFER,117277.85,C1002148,129499.23,12221.38,C3002148,261790.0,379067.85,0,0
2,CASH_OUT,71512.67,C1002149,244169.07,172656.4,C3002149,125977.86,197490.53,0,0
8,PAYMENT,115452.96,C1002150,326344.52,210891.56,M2002150,224132.18,339585.14,0,0
27,PAYMENT,68518.89,C1002151,60652.35,60652.35,M2002151,106144.65,174663.54,0,0
13,TRANSFER,16866.36,C1002152,87755.73,70889.37,C3002152,953906.0,970772.36,0,0
13,DEBIT,198561.52,C1002153,123587.37,123587.37,C3002153,278562.71,477124.23,0,1
1,PAYMENT,25523.77,C1002154,486874.11,461350.34,M2002154,443897.59,469421.36,0,0
6,PAYMENT,14562.44,C1002155,198576.25,184013.81,M2002155,898611.81,913174.25,0,0
24,DEBIT,175718.3,C1002156,299495.05,123776.75,C3002156,677321.59,853039.89,0,0
19,TRANSFER,60436.75,C1002157,120771.41,60334.66,C3002157,618037.48,678474.23,0,0
16,PAYMENT,130094.37,C1002158,245229.76,115135.39,M2002158,705563.19,835657.56,0,0
8,DEBIT,65868.25,C1002159,37059.59,37059.59,C3002159,828822.26,894690.51,0,0
28,PAYMENT,78351.71,C1002160,17371.07,17371.07,M2002160,877669.27,956020.98,0,0
1,CASH_OUT,52496.38,C1002161,234366.76,181870.38,C3002161,642639.67,695136.05,0,0
27,CASH_IN,68674.5,C1002162,199329.64,130655.14,C3002162,890007.27,958681.77,0,0
27,CASH_OUT,82199.01,C1002163,68440.16,68440.16,C3002163,535397.53,617596.54,0,0
16,PAYMENT,144111.17,C1002164,343800.71,199689.54,M2002164,277290.86,421402.03,0,0
9,TRANSFER,102356.09,C1002165,496451.75,394095.66,C3002165,880076.71,982432.8,0,0
13,CASH_IN,188718.69,C1002166,197823.41,9104.72,C3002166,541472.83,730191.52,0,0
11,CASH_OUT,8471.89,C1002167,312279.32,303807.43,C3002167,906137.59,914609.48,0,0
13,DEBIT,100663.36,C1002168,481487.97,380824.61,C3002168,40167.81,140831.17,0,0
25,TRANSFER,116886.54,C1002169,415767.49,298880.95,C3002169,397515.75,514402.29,0,0
21,CASH_OUT,184047.38,C1002170,231776.11,47728.73,C3002170,947805.02,1131852.4,1,0
10,DEBIT,9926.79,C1002171,368744.74,358817.95,C3002171,249650.09,259576.88,0,0
4,PAYMENT,114742.57,C1002172,64067.52,64067.52,M2002172,941536.25,1056278.82,0,0
27,DEBIT,170740.62,C1002173,256051.93,85311.31,C3002173,953902.46,1124643.08,0,0
6,CASH_OUT,48461.35,C1002174,139530.14,91068.79,C3002174,882142.31,930603.66,0,0
28,CASH_OUT,175270.84,C1002175,80581.84,80581.84,C3002175,563668.05,738938.89,1,0
7,PAYMENT,3906.78,C1002176,213140.45,209233.67,M2002176,646939.45,650846.23,0,0
5,DEBIT,146517.68,C1002177,65507.28,65507.28,C3002177,869617.0,1016134.68,0,0
11,DEBIT,186629.33,C1002178,349492.55,162863.22,C3002178,775897.08,962526.41,0,0
13,PAYMENT,131473.81,C1002179,228120.02,96646.21,M2002179,630093.85,761567.66,0,0
26,DEBIT,87861.95,C1002180,265572.32,177710.37,C3002180,982259.41,1070121.36,0,0
25,PAYMENT,9071.72,C1002181,73187.97,64116.25,M2002181,685676.64,694748.36,0,0
19,TRANSFER,184030.75,C1002182,69885.83,69885.83,C3002182,975481.99,1159512.74,1,0
23,CASH_OUT,94112.21,C1002183,291707.72,197595.51,C3002183,57388.47,151500.68,0,0
10,TRANSFER,5896.45,C1002184,492504.87,486608.42,C3002184,138960.37,144856.82,0,0
10,CASH_IN,137995.23,C1002185,48125.29,48125.29,C3002185,451458.85,589454.08,0,0
11,CASH_IN,96419.27,C1002186,142865.71,46446.44,C3002186,384879.46,481298.73,0,0
21,CASH_IN,24956.63,C1002187,434729.56,409772.93,C3002187,782734.84,807691.47,0,0
30,PAYMENT,42932.93,C1002188,36136.01,36136.01,M2002188,160614.03,203546.96,0,0
7,DEBIT,12991.69,C1002189,437942.86,424951.17,C3002189,976095.18,989086.87,0,0
18,TRANSFER,114901.28,C1002190,262142.99,147241.71,C3002190,315065.88,429967.16,0,0
4,TRANSFER,124443.69,C1002191,204133.39,79689.7,C3002191,428923.71,553367.4,0,0
2,TRANSFER,101197.89,C1002192,154840.28,53642.39,C3002192,274745.03,375942.92,0,0
14,TRANSFER,163438.72,C1002193,148558.58,148558.58,C3002193,579363.62,742802.34,1,0
13,CASH_IN,172215.66,C1002194,152901.29,152901.29,C3002194,58628.7,230844.36,0,0
29,TRANSFER,123163.32,C1002195,442401.54,319238.22,C3002195,149677.51,272840.83,0,0
12,DEBIT,2650.02,C1002196,361897.62,359247.6,C3002196,745797.7,748447.72,0,0
7,CASH_IN,139076.41,C1002197,334861.5,195785.09,C3002197,186500.58,325576.99,0,0
2,TRANSFER,83658.04,C1002198,399374.57,315716.53,C3002198,235514.45,319172.49,0,0
13,PAYMENT,113154.94,C1002199,128557.33,15402.39,M2002199,792982.24,906137.18,0,0
14,CASH_OUT,129851.21,C1002200,309021.41,179170.2,C3002200,93301.18,223152.39,0,0
27,CASH_OUT,70112.3,C1002201,230033.12,159920.82,C3002201,437473.82,507586.12,0,0
17,CASH_OUT,183427.99,C1002202,391220.82,207792.83,C3002202,23063.39,206491.38,1,0
9,CASH_IN,26881.58,C1002203,154628.06,127746.48,C3002203,346807.4,373688.98,0,0
17,TRANSFER,134335.21,C1002204,321589.31,187254.1,C3002204,698981.4,833316.61,0,0
8,CASH_IN,971.48,C1002205,441106.21,440134.73,C3002205,90103.28,91074.76,0,0
2,DEBIT,184937.76,C1002206,201075.24,16137.48,C3002206,888334.63,1073272.39,0,0
28,PAYMENT,22589.58,C1002207,33311.04,10721.46,M2002207,909499.04,932088.62,0,0
24,PAYMENT,19067.36,C1002208,258025.41,238958.05,M2002208,104990.38,124057.74,0,0
13,CASH_OUT,66668.23,C1002209,172986.24,106318.01,C3002209,990732.44,1057400.67,0,0
3,CASH_OUT,74775.9,C1002210,336112.69,261336.79,C3002210,297529.55,372305.45,0,0
16,CASH_OUT,42938.58,C1002211,475516.46,432577.88,C3002211,84101.67,127040.25,0,0
6,TRANSFER,117065.82,C1002212,242804.16,125738.34,C3002212,5067.11,122132.93,0,0
19,DEBIT,88638.53,C1002213,233095.12,144456.59,C3002213,408522.9,497161.43,0,0
30,DEBIT,6931.7,C1002214,327292.4,320360.7,C3002214,629809.99,636741.69,0,0
7,DEBIT,63998.45,C1002215,51748.75,51748.75,C3002215,332179.25,396177.7,0,0
10,DEBIT,162105.54,C1002216,126753.09,126753.09,C3002216,836717.37,998822.91,0,0
9,CASH_OUT,137971.34,C1002217,459489.66,321518.32,C3002217,716606.28,854577.62,0,0
2,PAYMENT,145001.68,C1002218,334971.31,189969.63,M2002218,350161.53,495163.21,0,0
28,CASH_OUT,139653.57,C1002219,6722.02,6722.02,C3002219,734309.67,873963.24,0,0
28,DEBIT,62263.51,C1002220,102312.74,40049.23,C3002220,940487.74,1002751.25,0,0
15,CASH_OUT,20022.82,C1002221,341418.63,321395.81,C3002221,93096.0,113118.82,0,0
30,DEBIT,54566.19,C1002222,382199.6,327633.41,C3002222,306103.96,360670.15,0,0
5,CASH_IN,166373.88,C1002223,419929.79,253555.91,C3002223,463325.94,629699.82,0,0
29,PAYMENT,196096.11,C1002224,146088.4,146088.4,M2002224,497990.13,694086.24,0,1
22,CASH_IN,98820.02,C1002225,465514.3,366694.28,C3002225,542195.64,641015.66,0,0
4,TRANSFER,2039.1,C1002226,276473.45,274434.35,C3002226,300626.91,302666.01,0,0
20,CASH_OUT,28094.96,C1002227,348269.51,320174.55,C3002227,667259.65,695354.61,0,0
4,TRANSFER,64483.91,C1002228,298369.43,233885.52,C3002228,645084.5,709568.41,0,0
18,CASH_OUT,115759.21,C1002229,61370.03,61370.03,C3002229,577821.51,693580.72,0,0
4,CASH_IN,15111.22,C1002230,481557.33,466446.11,C3002230,113761.72,128872.94,0,0
27,DEBIT,188677.12,C1002231,61437.79,61437.79,C3002231,476967.89,665645.01,0,0
17,DEBIT,73080.23,C1002232,127440.98,54360.75,C3002232,356226.89,429307.12,0,0
12,CASH_OUT,182525.59,C1002233,406813.94,224288.35,C3002233,491038.47,673564.06,1,0
22,DEBIT,156126.31,C1002234,309298.48,153172.17,C3002234,921866.44,1077992.75,0,0
17,CASH_IN,151111.91,C1002235,419074.58,267962.67,C3002235,480531.34,631643.25,0,0
10,DEBIT,121383.24,C1002236,257868.09,136484.85,C3002236,13980.79,135364.03,0,0
22,CASH_IN,125394.09,C1002237,188496.62,63102.53,C3002237,438836.74,564230.83,0,0
1,TRANSFER,127636.85,C1002238,460922.75,333285.9,C3002238,820648.18,948285.03,0,0
22,CASH_IN,125781.41,C1002239,18126.16,18126.16,C3002239,780060.92,905842.33,0,0
26,PAYMENT,110790.27,C1002240,428065.11,317274.84,M2002240,513390.07,624180.34,0,0
24,PAYMENT,197284.16,C1002241,115408.89,115408.89,M2002241,249769.01,447053.17,0,1
27,PAYMENT,146484.88,C1002242,424368.16,277883.28,M2002242,465088.66,611573.54,0,0
18,CASH_OUT,155411.58,C1002243,69598.31,69598.31,C3002243,563702.22,719113.8,1,0
18,CASH_OUT,174505.32,C1002244,290109.48,115604.16,C3002244,999871.44,1174376.76,1,0
14,CASH_OUT,43206.39,C1002245,444053.96,400847.57,C3002245,644178.09,687384.48,0,0
15,CASH_IN,16852.45,C1002246,236769.82,219917.37,C3002246,694264.93,711117.38,0,0
29,CASH_OUT,96630.6,C1002247,373283.34,276652.74,C3002247,491454.14,588084.74,0,0
12,TRANSFER,102864.73,C1002248,402335.81,299471.08,C3002248,354489.55,457354.28,0,0
4,PAYMENT,165853.44,C1002249,368247.1,202393.66,M2002249,812952.98,978806.42,0,0
27,CASH_IN,88812.34,C1002250,462664.87,373852.53,C3002250,494932.32,583744.66,0,0
3,PAYMENT,114213.52,C1002251,223417.12,109203.6,M2002251,994690.13,1108903.65,0,0
20,CASH_OUT,105461.48,C1002252,86562.72,86562.72,C3002252,457120.57,562582.05,0,0
29,CASH_IN,7736.74,C1002253,23905.53,16168.79,C3002253,68000.28,75737.02,0,0
12,DEBIT,123081.46,C1002254,123229.93,148.47,C3002254,682578.14,805659.6,0,0
7,TRANSFER,165625.85,C1002255,71598.75,71598.75,C3002255,46641.45,212267.3,1,0
29,CASH_OUT,31584.36,C1002256,278974.37,247390.01,C3002256,250501.6,282085.96,0,0
11,CASH_OUT,118906.91,C1002257,92472.67,92472.67,C3002257,353738.25,472645.16,0,0
1,TRANSFER,118762.75,C1002258,19466.85,19466.85,C3002258,739483.59,858246.34,0,0
6,TRANSFER,32920.57,C1002259,17994.91,17994.91,C3002259,494235.93,527156.5,0,0
15,DEBIT,24780.37,C1002260,415784.75,391004.38,C3002260,28645.93,53426.3,0,0
15,CASH_OUT,196012.38,C1002261,295724.97,99712.59,C3002261,616849.85,812862.23,1,1
19,CASH_OUT,78804.46,C1002262,179042.65,100238.19,C3002262,411436.24,490240.7,0,0
11,PAYMENT,45561.6,C1002263,447114.02,401552.42,M2002263,921834.51,967396.11,0,0
26,CASH_IN,34347.78,C1002264,35098.31,750.53,C3002264,499562.31,533910.09,0,0
23,CASH_IN,133553.58,C1002265,490161.04,356607.46,C3002265,708975.15,842528.73,0,0
26,PAYMENT,121928.11,C1002266,308145.9,186217.79,M2002266,218868.49,340796.6,0,0
2,CASH_IN,128746.07,C1002267,91732.13,91732.13,C3002267,760973.56,889719.63,0,0
14,TRANSFER,17692.4,C1002268,339534.55,321842.15,C3002268,720955.31,738647.71,0,0
2,CASH_IN,178717.56,C1002269,381690.63,202973.07,C3002269,904081.71,1082799.27,0,0
29,CASH_IN,77914.35,C1002270,214671.39,136757.04,C3002270,33821.64,111735.99,0,0
4,PAYMENT,62742.54,C1002271,430816.3,368073.76,M2002271,447500.7,510243.24,0,0
17,DEBIT,92526.05,C1002272,75366.2,75366.2,C3002272,679155.4,771681.45,0,0
3,CASH_IN,78074.21,C1002273,139418.79,61344.58,C3002273,95163.9,173238.11,0,0
13,CASH_IN,172729.04,C1002274,46746.18,46746.18,C3002274,410604.07,583333.11,0,0
9,DEBIT,185859.27,C1002275,105438.92,105438.92,C3002275,942146.6,1128005.87,0,0
7,PAYMENT,60760.3,C1002276,119364.41,58604.11,M2002276,435934.49,496694.79,0,0
15,DEBIT,172800.77,C1002277,458816.6,286015.83,C3002277,985404.78,1158205.55,0,0
23,PAYMENT,156326.47,C1002278,39054.84,39054.84,M2002278,56839.06,213165.53,0,0
29,TRANSFER,186168.45,C1002279,213707.56,27539.11,C3002279,717829.78,903998.23,0,0
29,PAYMENT,49225.49,C1002280,266199.34,216973.85,M2002280,581016.24,630241.73,0,0
11,TRANSFER,115434.13,C1002281,449346.53,333912.4,C3002281,500539.68,615973.81,0,0
20,TRANSFER,54981.46,C1002282,498848.11,443866.65,C3002282,970847.4,1025828.86,0,0
2,PAYMENT,164836.49,C1002283,376694.06,211857.57,M2002283,129650.4,294486.89,0,0
15,CASH_OUT,1164.31,C1002284,485395.5,484231.19,C3002284,895998.95,897163.26,0,0
14,PAYMENT,113007.35,C1002285,393550.57,280543.22,M2002285,691240.41,804247.76,0,0
20,CASH_IN,67906.77,C1002286,481601.32,413694.55,C3002286,258996.07,326902.84,0,0
22,CASH_IN,64604.47,C1002287,353635.36,289030.89,C3002287,901669.15,966273.62,0,0
11,CASH_OUT,129016.77,C1002288,39881.71,39881.71,C3002288,429294.92,558311.69,0,0
27,TRANSFER,170311.74,C1002289,200960.09,30648.35,C3002289,814227.33,984539.07,1,0
3,CASH_OUT,121878.16,C1002290,323298.64,201420.48,C3002290,388836.52,510714.68,0,0
17,CASH_IN,170649.28,C1002291,175359.25,4709.97,C3002291,850930.83,1021580.11,0,0
30,CASH_OUT,52992.96,C1002292,136691.96,83699.0,C3002292,636629.12,689622.08,0,0
12,PAYMENT,103948.42,C1002293,288699.63,184751.21,M2002293,141046.63,244995.05,0,0
24,CASH_OUT,90162.25,C1002294,466750.94,376588.69,C3002294,649663.16,739825.41,0,0
28,TRANSFER,2427.82,C1002295,17490.94,15063.12,C3002295,191344.76,193772.58,0,0
29,PAYMENT,111406.75,C1002296,384615.6,273208.85,M2002296,411922.63,523329.38,0,0
21,DEBIT,132338.71,C1002297,361363.64,229024.93,C3002297,170295.58,302634.29,0,0
15,CASH_IN,118423.69,C1002298,481976.71,363553.02,C3002298,22016.12,140439.81,0,0
16,CASH_IN,147282.35,C1002299,465355.61,318073.26,C3002299,211886.54,359168.89,0,0
5,CASH_OUT,114310.77,C1002300,381116.28,266805.51,C3002300,536372.02,650682.79,0,0
27,PAYMENT,13443.38,C1002301,260204.38,246761.0,M2002301,481560.97,495004.35,0,0
20,DEBIT,23377.46,C1002302,102133.78,78756.32,C3002302,501497.1,524874.56,0,0
6,PAYMENT,119335.27,C1002303,272617.86,153282.59,M2002303,247686.88,367022.15,0,0
19,CASH_IN,55068.34,C1002304,382676.0,327607.66,C3002304,685161.2,740229.54,0,0
25,PAYMENT,16021.06,C1002305,447834.61,431813.55,M2002305,704263.29,720284.35,0,0
5,DEBIT,85977.59,C1002306,394856.0,308878.41,C3002306,357967.83,443945.42,0,0
3,CASH_OUT,110909.09,C1002307,97633.47,97633.47,C3002307,881170.09,992079.18,0,0
27,TRANSFER,65816.32,C1002308,299843.16,234026.84,C3002308,644023.22,709839.54,0,0
1,PAYMENT,144114.7,C1002309,166086.73,21972.03,M2002309,713039.28,857153.98,0,0
26,TRANSFER,128789.74,C1002310,4602.83,4602.83,C3002310,277339.92,406129.66,0,0
28,CASH_IN,66630.39,C1002311,100110.47,33480.08,C3002311,611.64,67242.03,0,0
6,CASH_OUT,150999.02,C1002312,56610.32,56610.32,C3002312,865375.61,1016374.63,0,0
15,CASH_OUT,129774.14,C1002313,421359.56,291585.42,C3002313,822424.38,952198.52,0,0
2,PAYMENT,127525.33,C1002314,129253.13,1727.8,M2002314,123191.89,250717.22,0,0
29,CASH_OUT,110730.2,C1002315,142348.98,31618.78,C3002315,374105.13,484835.33,0,0
3,PAYMENT,2376.79,C1002316,479968.29,477591.5,M2002316,661339.31,663716.1,0,0
17,PAYMENT,139331.79,C1002317,189543.36,50211.57,M2002317,652110.86,791442.65,0,0
25,TRANSFER,75270.75,C1002318,4792.82,4792.82,C3002318,860350.33,935621.08,0,0
24,CASH_OUT,188527.68,C1002319,141923.07,141923.07,C3002319,140268.16,328795.84,1,0
12,PAYMENT,163615.16,C1002320,59649.79,59649.79,M2002320,429939.75,593554.91,0,0
18,TRANSFER,117580.12,C1002321,51404.28,51404.28,C3002321,97224.42,214804.54,0,0
15,DEBIT,50511.18,C1002322,38743.65,38743.65,C3002322,389595.25,440106.43,0,0
12,TRANSFER,40823.11,C1002323,296629.74,255806.63,C3002323,15107.45,55930.56,0,0
16,TRANSFER,68142.93,C1002324,94673.86,26530.93,C3002324,898273.07,966416.0,0,0
27,PAYMENT,95365.93,C1002325,180621.4,85255.47,M2002325,527044.0,622409.93,0,0
8,CASH_IN,59283.5,C1002326,431008.86,371725.36,C3002326,849802.26,909085.76,0,0
28,CASH_IN,103034.41,C1002327,212169.07,109134.66,C3002327,59904.7,162939.11,0,0
14,CASH_IN,33157.55,C1002328,457845.68,424688.13,C3002328,227458.11,260615.66,0,0
25,TRANSFER,195544.79,C1002329,248969.03,53424.24,C3002329,259380.0,454924.79,0,1
17,PAYMENT,21674.12,C1002330,199418.31,177744.19,M2002330,386691.49,408365.61,0,0
29,CASH_OUT,186395.63,C1002331,375194.46,188798.83,C3002331,802866.37,989262.0,0,0
21,TRANSFER,182724.24,C1002332,36587.55,36587.55,C3002332,386557.87,569282.11,0,0
8,TRANSFER,105119.56,C1002333,44739.19,44739.19,C3002333,204653.53,309773.09,0,0
15,PAYMENT,145009.56,C1002334,325986.86,180977.3,M2002334,64990.26,209999.82,0,0
27,DEBIT,87266.05,C1002335,243470.36,156204.31,C3002335,79491.75,166757.8,0,0
14,TRANSFER,126043.91,C1002336,395207.63,269163.72,C3002336,760047.21,886091.12,0,0
18,DEBIT,68181.13,C1002337,458135.42,389954.29,C3002337,444802.99,512984.12,0,0
20,DEBIT,60301.69,C1002338,194183.44,133881.75,C3002338,726181.12,786482.81,0,0
7,CASH_IN,115688.13,C1002339,298205.01,182516.88,C3002339,682287.12,797975.25,0,0
3,PAYMENT,99676.12,C1002340,250348.31,150672.19,M2002340,135362.46,235038.58,0,0
29,DEBIT,115949.32,C1002341,490805.33,374856.01,C3002341,142887.93,258837.25,0,0
12,PAYMENT,57403.45,C1002342,415542.2,358138.75,M2002342,755342.02,812745.47,0,0
21,CASH_IN,73454.87,C1002343,455868.85,382413.98,C3002343,721268.29,794723.16,0,0
24,PAYMENT,16871.2,C1002344,127170.04,110298.84,M2002344,378030.77,394901.97,0,0
28,TRANSFER,10550.05,C1002345,386263.21,375713.16,C3002345,77422.26,87972.31,0,0
26,DEBIT,50766.08,C1002346,132736.61,81970.53,C3002346,12098.02,62864.1,0,0
3,PAYMENT,14941.95,C1002347,104371.27,89429.32,M2002347,288156.95,303098.9,0,0
20,CASH_OUT,20844.56,C1002348,472133.08,451288.52,C3002348,9222.27,30066.83,0,0
14,PAYMENT,162604.39,C1002349,9652.21,9652.21,M2002349,230072.62,392677.01,0,0
15,DEBIT,7870.85,C1002350,482694.35,474823.5,C3002350,419500.74,427371.59,0,0
25,CASH_IN,131822.66,C1002351,74630.95,74630.95,C3002351,121415.77,253238.43,0,0
30,CASH_IN,54584.29,C1002352,409719.04,355134.75,C3002352,104277.76,158862.05,0,0
14,DEBIT,174321.98,C1002353,137961.28,137961.28,C3002353,896437.44,1070759.42,0,0
7,TRANSFER,97049.96,C1002354,175351.16,78301.2,C3002354,585470.03,682519.99,0,0
17,TRANSFER,61184.73,C1002355,108378.86,47194.13,C3002355,934455.69,995640.42,0,0
30,CASH_IN,103576.02,C1002356,292757.02,189181.0,C3002356,345826.16,449402.18,0,0
12,CASH_IN,76453.41,C1002357,174047.77,97594.36,C3002357,677144.94,753598.35,0,0
20,DEBIT,112903.78,C1002358,328696.52,215792.74,C3002358,204691.67,317595.45,0,0
4,TRANSFER,22995.12,C1002359,7823.66,7823.66,C3002359,618340.32,641335.44,0,0
9,CASH_IN,199398.4,C1002360,32187.44,32187.44,C3002360,129585.73,328984.13,0,1
6,TRANSFER,85168.62,C1002361,49830.58,49830.58,C3002361,2080.64,87249.26,0,0
16,CASH_IN,69711.3,C1002362,209496.84,139785.54,C3002362,931531.8,1001243.1,0,0
25,PAYMENT,142070.95,C1002363,407398.09,265327.14,M2002363,554894.38,696965.33,0,0
28,CASH_OUT,72843.49,C1002364,444088.96,371245.47,C3002364,926940.66,999784.15,0,0
22,PAYMENT,166671.53,C1002365,122405.37,122405.37,M2002365,333831.52,500503.05,0,0
22,CASH_IN,90908.72,C1002366,287184.86,196276.14,C3002366,327786.07,418694.79,0,0
21,CASH_OUT,143939.73,C1002367,384182.5,240242.77,C3002367,400655.0,544594.73,0,0
21,CASH_OUT,21579.9,C1002368,144414.71,122834.81,C3002368,706040.98,727620.88,0,0
2,CASH_IN,169239.23,C1002369,204503.87,35264.64,C3002369,565808.63,735047.86,0,0
24,CASH_IN,147170.03,C1002370,261987.1,114817.07,C3002370,925354.91,1072524.94,0,0
8,TRANSFER,42422.18,C1002371,67437.42,25015.24,C3002371,25440.9,67863.08,0,0
11,CASH_IN,29142.67,C1002372,12991.15,12991.15,C3002372,708195.94,737338.61,0,0
13,DEBIT,63326.84,C1002373,76402.9,13076.06,C3002373,330327.69,393654.53,0,0
17,CASH_IN,195216.51,C1002374,313426.81,118210.3,C3002374,180233.65,375450.16,0,1
8,DEBIT,51440.63,C1002375,36809.13,36809.13,C3002375,510395.62,561836.25,0,0
21,CASH_IN,91279.83,C1002376,94848.18,3568.35,C3002376,505063.78,596343.61,0,0
18,TRANSFER,6101.04,C1002377,168926.94,162825.9,C3002377,137011.03,143112.07,0,0
30,DEBIT,79505.78,C1002378,38935.03,38935.03,C3002378,201896.06,281401.84,0,0
18,PAYMENT,114306.87,C1002379,95849.64,95849.64,M2002379,408164.66,522471.53,0,0
14,DEBIT,190629.61,C1002380,455634.89,265005.28,C3002380,408811.41,599441.02,0,1
15,TRANSFER,103395.54,C1002381,9649.57,9649.57,C3002381,317558.14,420953.68,0,0
6,DEBIT,163839.55,C1002382,326715.96,162876.41,C3002382,148545.15,312384.7,0,0
11,CASH_IN,109470.82,C1002383,192204.47,82733.65,C3002383,4373.68,113844.5,0,0
13,CASH_IN,8252.92,C1002384,336324.37,328071.45,C3002384,970235.06,978487.98,0,0
25,TRANSFER,63070.15,C1002385,294345.86,231275.71,C3002385,943499.23,1006569.38,0,0
1,CASH_OUT,115152.35,C1002386,111749.38,111749.38,C3002386,483650.38,598802.73,0,0
28,CASH_IN,190123.73,C1002387,423604.74,233481.01,C3002387,995051.75,1185175.48,0,1
6,PAYMENT,171840.16,C1002388,245970.19,74130.03,M2002388,673654.33,845494.49,0,0
9,TRANSFER,45748.29,C1002389,411268.01,365519.72,C3002389,68857.54,114605.83,0,0
8,DEBIT,44099.96,C1002390,203006.27,158906.31,C3002390,117718.2,161818.16,0,0
11,DEBIT,40314.48,C1002391,492342.78,452028.3,C3002391,916110.84,956425.32,0,0
22,PAYMENT,184507.53,C1002392,385244.68,200737.15,M2002392,630052.2,814559.73,0,0
19,CASH_IN,170547.96,C1002393,482975.1,312427.14,C3002393,843183.63,1013731.59,0,0
24,TRANSFER,154999.2,C1002394,257163.24,102164.04,C3002394,898269.65,1053268.85,0,0
9,PAYMENT,78607.75,C1002395,236845.57,158237.82,M2002395,447942.01,526549.76,0,0
17,CASH_IN,100925.7,C1002396,377726.9,276801.2,C3002396,48525.95,149451.65,0,0
12,TRANSFER,92919.92,C1002397,440145.63,347225.71,C3002397,188280.35,281200.27,0,0
25,DEBIT,50754.28,C1002398,482072.9,431318.62,C3002398,66571.95,117326.23,0,0
14,TRANSFER,101055.11,C1002399,162275.95,61220.84,C3002399,188739.85,289794.96,0,0
15,CASH_OUT,6196.26,C1002400,399352.29,393156.03,C3002400,410532.93,416729.19,0,0
16,TRANSFER,26448.89,C1002401,105322.8,78873.91,C3002401,118196.81,144645.7,0,0
22,CASH_OUT,177329.26,C1002402,272787.17,95457.91,C3002402,166733.25,344062.51,1,0
22,TRANSFER,150360.79,C1002403,89924.07,89924.07,C3002403,445821.78,596182.57,1,0
28,CASH_OUT,84631.39,C1002404,173698.68,89067.29,C3002404,340170.95,424802.34,0,0
20,DEBIT,103478.36,C1002405,465679.18,362200.82,C3002405,467658.12,571136.48,0,0
1,CASH_IN,74062.78,C1002406,73045.35,73045.35,C3002406,429172.03,503234.81,0,0
10,CASH_OUT,148181.9,C1002407,316200.45,168018.55,C3002407,644478.03,792659.93,0,0
8,CASH_OUT,156859.02,C1002408,296477.14,139618.12,C3002408,937189.55,1094048.57,1,0
18,DEBIT,152680.71,C1002409,60369.18,60369.18,C3002409,107864.34,260545.05,0,0
28,CASH_OUT,144550.08,C1002410,162989.52,18439.44,C3002410,99260.15,243810.23,0,0
1,PAYMENT,40980.42,C1002411,281490.75,240510.33,M2002411,852806.11,893786.53,0,0
2,DEBIT,67660.2,C1002412,93589.3,25929.1,C3002412,506396.7,574056.9,0,0
1,PAYMENT,94022.1,C1002413,400311.83,306289.73,M2002413,766405.02,860427.12,0,0
1,DEBIT,66225.52,C1002414,486078.25,419852.73,C3002414,215421.9,281647.42,0,0
9,CASH_OUT,151012.55,C1002415,107379.7,107379.7,C3002415,828862.57,979875.12,1,0
13,PAYMENT,65937.77,C1002416,93455.98,27518.21,M2002416,923846.62,989784.39,0,0
30,CASH_OUT,27732.59,C1002417,227467.54,199734.95,C3002417,635483.02,663215.61,0,0
1,DEBIT,79868.19,C1002418,373882.64,294014.45,C3002418,105879.02,185747.21,0,0
13,CASH_OUT,195984.9,C1002419,140800.31,140800.31,C3002419,895294.81,1091279.71,1,1
20,PAYMENT,45253.69,C1002420,9939.95,9939.95,M2002420,792487.73,837741.42,0,0
26,PAYMENT,122470.52,C1002421,270610.31,148139.79,M2002421,750877.78,873348.3,0,0
22,CASH_OUT,86651.31,C1002422,478300.28,391648.97,C3002422,36728.19,123379.5,0,0
7,TRANSFER,14297.81,C1002423,195638.43,181340.62,C3002423,798962.53,813260.34,0,0
2,DEBIT,97626.53,C1002424,210067.28,112440.75,C3002424,137951.01,235577.54,0,0
6,DEBIT,140462.65,C1002425,484450.86,343988.21,C3002425,222386.18,362848.83,0,0
7,CASH_OUT,102692.67,C1002426,347303.81,244611.14,C3002426,577134.83,679827.5,0,0
26,TRANSFER,174434.0,C1002427,359585.96,185151.96,C3002427,264980.77,439414.77,0,0
14,PAYMENT,57858.51,C1002428,281351.0,223492.49,M2002428,661348.21,719206.72,0,0
26,CASH_IN,17341.21,C1002429,487304.61,469963.4,C3002429,608070.45,625411.66,0,0
18,CASH_IN,187319.47,C1002430,344433.24,157113.77,C3002430,108149.6,295469.07,0,0
15,CASH_OUT,75701.45,C1002431,447516.38,371814.93,C3002431,656014.58,731716.03,0,0
2,TRANSFER,115323.47,C1002432,349689.43,234365.96,C3002432,923954.91,1039278.38,0,0
10,TRANSFER,158421.42,C1002433,367557.91,209136.49,C3002433,161109.91,319531.33,0,0
23,DEBIT,64930.3,C1002434,145205.46,80275.16,C3002434,597062.02,661992.32,0,0
12,PAYMENT,143261.29,C1002435,151739.35,8478.06,M2002435,341865.37,485126.66,0,0
17,TRANSFER,27170.23,C1002436,391492.32,364322.09,C3002436,459611.67,486781.9,0,0
8,CASH_IN,58329.62,C1002437,148353.14,90023.52,C3002437,287000.18,345329.8,0,0
11,PAYMENT,29027.66,C1002438,281385.04,252357.38,M2002438,354130.64,383158.3,0,0
29,PAYMENT,162264.99,C1002439,124676.16,124676.16,M2002439,28911.82,191176.81,0,0
3,CASH_OUT,44607.58,C1002440,408491.69,363884.11,C3002440,981551.74,1026159.32,0,0
27,TRANSFER,143508.97,C1002441,55250.68,55250.68,C3002441,624799.92,768308.89,0,0
6,CASH_OUT,188665.35,C1002442,414723.32,226057.97,C3002442,500705.59,689370.94,1,0
9,TRANSFER,105601.66,C1002443,301364.9,195763.24,C3002443,383715.35,489317.01,0,0
6,DEBIT,108051.84,C1002444,93454.77,93454.77,C3002444,539374.56,647426.4,0,0
9,CASH_OUT,92260.61,C1002445,271017.69,178757.08,C3002445,380106.0,472366.61,0,0
7,CASH_OUT,65245.44,C1002446,141249.42,76003.98,C3002446,359907.93,425153.37,0,0
9,CASH_IN,95183.44,C1002447,161733.67,66550.23,C3002447,463946.54,559129.98,0,0
18,CASH_OUT,120601.23,C1002448,175764.02,55162.79,C3002448,275983.03,396584.26,0,0
12,TRANSFER,197199.72,C1002449,31659.62,31659.62,C3002449,180049.9,377249.62,1,1
8,CASH_IN,187559.14,C1002450,492980.84,305421.7,C3002450,556605.9,744165.04,0,0
8,CASH_OUT,172444.38,C1002451,15767.31,15767.31,C3002451,842765.44,1015209.82,1,0
18,CASH_OUT,177837.19,C1002452,331248.44,153411.25,C3002452,152828.18,330665.37,1,0
28,DEBIT,93623.05,C1002453,185613.82,91990.77,C3002453,32734.34,126357.39,0,0
30,CASH_OUT,131523.12,C1002454,323005.15,191482.03,C3002454,246811.75,378334.87,0,0
20,PAYMENT,179023.84,C1002455,178124.13,178124.13,M2002455,979720.64,1158744.48,0,0
30,CASH_IN,78650.86,C1002456,336875.32,258224.46,C3002456,828758.07,907408.93,0,0
15,PAYMENT,192356.32,C1002457,364617.75,172261.43,M2002457,595866.05,788222.37,0,1
27,CASH_IN,83215.63,C1002458,345276.32,262060.69,C3002458,929248.92,1012464.55,0,0
7,DEBIT,120256.42,C1002459,56980.99,56980.99,C3002459,445279.12,565535.54,0,0
11,CASH_OUT,141989.96,C1002460,328446.62,186456.66,C3002460,983280.6,1125270.56,0,0
20,CASH_OUT,190123.34,C1002461,139993.77,139993.77,C3002461,296302.05,486425.39,1,1
16,CASH_OUT,48998.79,C1002462,14400.69,14400.69,C3002462,240305.75,289304.54,0,0
4,CASH_IN,149251.58,C1002463,207415.34,58163.76,C3002463,638048.2,787299.78,0,0
6,CASH_OUT,104211.04,C1002464,216771.55,112560.51,C3002464,378153.97,482365.01,0,0
26,PAYMENT,53784.57,C1002465,233587.07,179802.5,M2002465,626365.54,680150.11,0,0
22,CASH_OUT,155343.71,C1002466,352412.08,197068.37,C3002466,304995.52,460339.23,1,0
26,DEBIT,110489.23,C1002467,154421.9,43932.67,C3002467,617918.26,728407.49,0,0
3,PAYMENT,132228.67,C1002468,157640.26,25411.59,M2002468,275746.26,407974.93,0,0
9,CASH_OUT,64647.92,C1002469,30276.13,30276.13,C3002469,50972.07,115619.99,0,0
28,CASH_OUT,96306.66,C1002470,343410.61,247103.95,C3002470,912135.9,1008442.56,0,0
10,TRANSFER,123509.11,C1002471,283913.05,160403.94,C3002471,883205.2,1006714.31,0,0
14,CASH_IN,81041.67,C1002472,174712.56,93670.89,C3002472,970798.15,1051839.82,0,0
11,PAYMENT,39754.67,C1002473,352594.49,312839.82,M2002473,716527.18,756281.85,0,0
18,TRANSFER,192331.93,C1002474,268678.87,76346.94,C3002474,682721.18,875053.11,1,1
22,DEBIT,102342.36,C1002475,234622.47,132280.11,C3002475,559003.07,661345.43,0,0
12,CASH_IN,146810.68,C1002476,255662.27,108851.59,C3002476,125942.42,272753.1,0,0
23,PAYMENT,82268.33,C1002477,318174.06,235905.73,M2002477,189235.31,271503.64,0,0
12,CASH_OUT,71090.84,C1002478,330001.3,258910.46,C3002478,289469.69,360560.53,0,0
13,PAYMENT,81492.14,C1002479,144478.91,62986.77,M2002479,890156.36,971648.5,0,0
25,CASH_OUT,81898.41,C1002480,70371.68,70371.68,C3002480,172969.52,254867.93,0,0
13,CASH_IN,108881.61,C1002481,78317.09,78317.09,C3002481,922873.17,1031754.78,0,0
19,CASH_OUT,108739.63,C1002482,319695.44,210955.81,C3002482,522785.73,631525.36,0,0
26,DEBIT,99481.05,C1002483,436436.64,336955.59,C3002483,715569.64,815050.69,0,0
19,CASH_OUT,27043.68,C1002484,204748.14,177704.46,C3002484,110244.49,137288.17,0,0
23,DEBIT,99265.49,C1002485,84760.08,84760.08,C3002485,269033.55,368299.04,0,0
14,CASH_IN,33903.87,C1002486,378301.25,344397.38,C3002486,958518.61,992422.48,0,0
4,CASH_IN,25314.54,C1002487,416244.74,390930.2,C3002487,266149.95,291464.49,0,0
13,PAYMENT,186535.88,C1002488,440291.22,253755.34,M2002488,296521.72,483057.6,0,0
8,DEBIT,121029.51,C1002489,303415.71,182386.2,C3002489,197597.38,318626.89,0,0
29,DEBIT,131932.06,C1002490,430364.28,298432.22,C3002490,129073.67,261005.73,0,0
23,TRANSFER,80418.55,C1002491,7707.48,7707.48,C3002491,233257.64,313676.19,0,0
21,TRANSFER,181805.28,C1002492,53617.9,53617.9,C3002492,642326.89,824132.17,0,0
23,TRANSFER,127622.3,C1002493,46288.03,46288.03,C3002493,455367.73,582990.03,0,0
19,CASH_OUT,153857.06,C1002494,356302.34,202445.28,C3002494,553755.84,707612.9,1,0
12,TRANSFER,73775.64,C1002495,34790.89,34790.89,C3002495,122364.83,196140.47,0,0
18,DEBIT,192006.37,C1002496,248182.19,56175.82,C3002496,802116.45,994122.82,0,1
6,CASH_OUT,164110.21,C1002497,236353.45,72243.24,C3002497,784094.7,948204.91,1,0
18,CASH_IN,170804.3,C1002498,155351.76,155351.76,C3002498,21589.91,192394.21,0,0
19,PAYMENT,34521.63,C1002499,435202.58,400680.95,M2002499,383515.09,418036.72,0,0
22,TRANSFER,54265.55,C1002500,85216.6,30951.05,C3002500,68770.6,123036.15,0,0
5,CASH_IN,57196.76,C1002501,176231.39,119034.63,C3002501,792105.78,849302.54,0,0
24,DEBIT,54254.75,C1002502,387085.75,332831.0,C3002502,737269.68,791524.43,0,0
9,PAYMENT,171096.09,C1002503,15211.16,15211.16,M2002503,901988.09,1073084.18,0,0
27,CASH_IN,6473.77,C1002504,336475.2,330001.43,C3002504,236403.96,242877.73,0,0
3,PAYMENT,15312.39,C1002505,408198.86,392886.47,M2002505,456295.88,471608.27,0,0
28,TRANSFER,54855.58,C1002506,466133.92,411278.34,C3002506,184487.88,239343.46,0,0
10,DEBIT,40054.61,C1002507,438148.32,398093.71,C3002507,371234.93,411289.54,0,0
19,PAYMENT,46448.74,C1002508,159692.06,113243.32,M2002508,522243.25,568691.99,0,0
3,CASH_IN,159608.84,C1002509,293182.07,133573.23,C3002509,53330.79,212939.63,0,0
29,TRANSFER,112669.01,C1002510,38646.75,38646.75,C3002510,714870.41,827539.42,0,0
29,TRANSFER,1253.56,C1002511,128935.0,127681.44,C3002511,543293.36,544546.92,0,0
22,CASH_IN,85921.62,C1002512,47111.19,47111.19,C3002512,828959.02,914880.64,0,0
15,CASH_IN,81636.2,C1002513,157593.65,75957.45,C3002513,271780.5,353416.7,0,0
1,PAYMENT,22877.66,C1002514,437593.61,414715.95,M2002514,903321.11,926198.77,0,0
7,CASH_OUT,135260.74,C1002515,173583.42,38322.68,C3002515,998694.25,1133954.99,0,0
12,TRANSFER,140449.23,C1002516,280949.05,140499.82,C3002516,919298.44,1059747.67,0,0
17,PAYMENT,144206.55,C1002517,216690.42,72483.87,M2002517,777892.48,922099.03,0,0
30,CASH_IN,145721.34,C1002518,229458.26,83736.92,C3002518,812368.8,958090.14,0,0
21,PAYMENT,110.56,C1002519,484786.03,484675.47,M2002519,573744.24,573854.8,0,0
26,CASH_IN,190788.77,C1002520,148077.23,148077.23,C3002520,190153.86,380942.63,0,1
29,DEBIT,162860.33,C1002521,313662.23,150801.9,C3002521,677040.69,839901.02,0,0
24,CASH_IN,180805.94,C1002522,210031.33,29225.39,C3002522,712753.0,893558.94,0,0
20,CASH_IN,3227.09,C1002523,30573.09,27346.0,C3002523,985385.14,988612.23,0,0
5,CASH_IN,186778.37,C1002524,244665.42,57887.05,C3002524,541301.32,728079.69,0,0
4,CASH_OUT,161976.73,C1002525,406671.66,244694.93,C3002525,271369.02,433345.75,1,0
28,CASH_IN,167460.11,C1002526,49376.48,49376.48,C3002526,683672.52,851132.63,0,0
12,TRANSFER,18748.15,C1002527,34795.92,16047.77,C3002527,979375.82,998123.97,0,0
30,TRANSFER,147781.73,C1002528,76815.76,76815.76,C3002528,177213.91,324995.64,0,0
20,PAYMENT,191987.35,C1002529,382200.06,190212.71,M2002529,325997.92,517985.27,0,1
28,CASH_OUT,135741.61,C1002530,361997.69,226256.08,C3002530,541880.95,677622.56,0,0
24,PAYMENT,114155.22,C1002531,282508.88,168353.66,M2002531,170214.63,284369.85,0,0
18,TRANSFER,189131.37,C1002532,234113.2,44981.83,C3002532,22220.64,211352.01,1,0
17,TRANSFER,88643.13,C1002533,444162.91,355519.78,C3002533,336983.12,425626.25,0,0
19,DEBIT,119898.78,C1002534,383348.91,263450.13,C3002534,865370.8,985269.58,0,0
9,CASH_IN,95320.02,C1002535,405971.13,310651.11,C3002535,43468.4,138788.42,0,0
4,TRANSFER,186575.96,C1002536,406631.15,220055.19,C3002536,428929.06,615505.02,1,0
26,PAYMENT,15309.34,C1002537,321358.58,306049.24,M2002537,762200.77,777510.11,0,0
21,PAYMENT,100273.83,C1002538,229007.31,128733.48,M2002538,953182.6,1053456.43,0,0
2,CASH_IN,137421.79,C1002539,432338.88,294917.09,C3002539,985475.4,1122897.19,0,0
4,CASH_IN,158402.12,C1002540,463003.71,304601.59,C3002540,421969.38,580371.5,0,0
2,DEBIT,116645.43,C1002541,11903.02,11903.02,C3002541,950384.29,1067029.72,0,0
15,CASH_OUT,181792.66,C1002542,25777.44,25777.44,C3002542,35418.97,217211.63,0,0
2,PAYMENT,188404.09,C1002543,479371.65,290967.56,M2002543,745916.94,934321.03,0,0
4,CASH_IN,12957.41,C1002544,138580.31,125622.9,C3002544,642746.03,655703.44,0,0
6,PAYMENT,80533.87,C1002545,436684.72,356150.85,M2002545,249521.86,330055.73,0,0
7,CASH_IN,4789.46,C1002546,194397.56,189608.1,C3002546,507318.5,512107.96,0,0
10,TRANSFER,65950.39,C1002547,59550.03,59550.03,C3002547,129553.74,195504.13,0,0
19,PAYMENT,107419.96,C1002548,40221.6,40221.6,M2002548,871597.15,979017.11,0,0
19,TRANSFER,182167.91,C1002549,78253.95,78253.95,C3002549,357898.09,540066.0,1,0
26,PAYMENT,169326.21,C1002550,124946.6,124946.6,M2002550,626044.47,795370.68,0,0
22,CASH_OUT,25587.2,C1002551,244259.18,218671.98,C3002551,158776.29,184363.49,0,0
29,DEBIT,18696.77,C1002552,350748.95,332052.18,C3002552,206164.84,224861.61,0,0
12,TRANSFER,117894.54,C1002553,493199.29,375304.75,C3002553,991956.37,1109850.91,0,0
3,CASH_IN,106470.38,C1002554,220753.37,114282.99,C3002554,753086.39,859556.77,0,0
13,CASH_OUT,53348.89,C1002555,259092.47,205743.58,C3002555,961971.87,1015320.76,0,0
18,PAYMENT,179900.67,C1002556,260907.85,81007.18,M2002556,295851.17,475751.84,0,0
8,TRANSFER,185480.55,C1002557,269717.18,84236.63,C3002557,164562.88,350043.43,1,0
21,PAYMENT,80582.03,C1002558,258870.33,178288.3,M2002558,503068.46,583650.49,0,0
15,PAYMENT,178071.48,C1002559,4387.38,4387.38,M2002559,494668.28,672739.76,0,0
1,PAYMENT,76851.38,C1002560,862.41,862.41,M2002560,174946.51,251797.89,0,0
3,DEBIT,147389.68,C1002561,48833.16,48833.16,C3002561,733219.57,880609.25,0,0
26,DEBIT,95240.85,C1002562,50778.3,50778.3,C3002562,361777.53,457018.38,0,0
8,CASH_IN,24604.37,C1002563,352448.45,327844.08,C3002563,186365.23,210969.6,0,0
4,TRANSFER,185594.05,C1002564,102458.02,102458.02,C3002564,331983.39,517577.44,1,0
16,CASH_OUT,90873.91,C1002565,447357.05,356483.14,C3002565,563658.7,654532.61,0,0
30,CASH_OUT,146923.96,C1002566,464303.16,317379.2,C3002566,726470.93,873394.89,0,0
23,CASH_OUT,73498.05,C1002567,487946.67,414448.62,C3002567,481890.89,555388.94,0,0
10,PAYMENT,3874.29,C1002568,469540.65,465666.36,M2002568,525594.99,529469.28,0,0
12,DEBIT,20196.02,C1002569,135944.16,115748.14,C3002569,138945.94,159141.96,0,0
14,TRANSFER,99294.27,C1002570,254888.42,155594.15,C3002570,914690.92,1013985.19,0,0
14,PAYMENT,138023.87,C1002571,87727.49,87727.49,M2002571,928724.2,1066748.07,0,0
2,DEBIT,67013.59,C1002572,403104.83,336091.24,C3002572,683426.59,750440.18,0,0
23,DEBIT,139128.14,C1002573,444215.85,305087.71,C3002573,17631.41,156759.55,0,0
5,TRANSFER,139757.25,C1002574,425644.42,285887.17,C3002574,537074.22,676831.47,0,0
5,TRANSFER,140816.79,C1002575,216683.47,75866.68,C3002575,629218.97,770035.76,0,0
6,TRANSFER,98555.12,C1002576,379336.94,280781.82,C3002576,994654.22,1093209.34,0,0
13,PAYMENT,182985.74,C1002577,48789.58,48789.58,M2002577,996066.96,1179052.7,0,0
9,CASH_IN,97890.38,C1002578,20122.39,20122.39,C3002578,857611.24,955501.62,0,0
30,TRANSFER,90108.01,C1002579,376618.21,286510.2,C3002579,63830.99,153939.0,0,0
22,CASH_IN,39956.23,C1002580,212677.64,172721.41,C3002580,953276.39,993232.62,0,0
28,PAYMENT,61600.25,C1002581,497774.63,436174.38,M2002581,612661.25,674261.5,0,0
29,CASH_IN,8562.67,C1002582,48627.11,40064.44,C3002582,800886.77,809449.44,0,0
15,CASH_OUT,126743.71,C1002583,427813.84,301070.13,C3002583,407192.85,533936.56,0,0
14,CASH_IN,49782.3,C1002584,239991.53,190209.23,C3002584,319669.47,369451.77,0,0
24,TRANSFER,60900.64,C1002585,413575.1,352674.46,C3002585,463244.15,524144.79,0,0
7,PAYMENT,154185.82,C1002586,408563.64,254377.82,M2002586,146874.51,301060.33,0,0
25,TRANSFER,65511.51,C1002587,457996.0,392484.49,C3002587,357066.14,422577.65,0,0
20,CASH_OUT,48514.96,C1002588,148925.01,100410.05,C3002588,857617.5,906132.46,0,0
2,TRANSFER,33894.64,C1002589,474899.68,441005.04,C3002589,37950.49,71845.13,0,0
7,TRANSFER,154994.19,C1002590,75833.48,75833.48,C3002590,150878.05,305872.24,1,0
6,TRANSFER,26028.28,C1002591,40984.39,14956.11,C3002591,125116.16,151144.44,0,0
17,DEBIT,90805.38,C1002592,215807.76,125002.38,C3002592,403075.54,493880.92,0,0
27,CASH_OUT,101435.33,C1002593,414161.48,312726.15,C3002593,996986.9,1098422.23,0,0
25,TRANSFER,137509.24,C1002594,236710.57,99201.33,C3002594,173357.93,310867.17,0,0
25,TRANSFER,126693.37,C1002595,414643.34,287949.97,C3002595,145482.65,272176.02,0,0
28,TRANSFER,162163.06,C1002596,364843.4,202680.34,C3002596,915055.73,1077218.79,1,0
2,PAYMENT,9045.81,C1002597,104714.19,95668.38,M2002597,882050.52,891096.33,0,0
3,DEBIT,59358.5,C1002598,474440.81,415082.31,C3002598,32240.37,91598.87,0,0
5,PAYMENT,56098.81,C1002599,30390.58,30390.58,M2002599,751705.96,807804.77,0,0
5,DEBIT,29288.78,C1002600,449139.85,419851.07,C3002600,655465.7,684754.48,0,0
1,TRANSFER,57906.73,C1002601,152221.72,94314.99,C3002601,767740.81,825647.54,0,0
8,CASH_OUT,62022.09,C1002602,250074.04,188051.95,C3002602,494502.45,556524.54,0,0
12,CASH_IN,104424.7,C1002603,211175.94,106751.24,C3002603,991379.22,1095803.92,0,0
24,CASH_IN,132774.53,C1002604,85917.28,85917.28,C3002604,43847.02,176621.55,0,0
4,TRANSFER,76281.99,C1002605,179073.43,102791.44,C3002605,234371.59,310653.58,0,0
13,PAYMENT,143922.1,C1002606,96467.22,96467.22,M2002606,396545.99,540468.09,0,0
23,CASH_OUT,67299.45,C1002607,101943.24,34643.79,C3002607,449777.94,517077.39,0,0
15,DEBIT,58127.71,C1002608,93528.42,35400.71,C3002608,921367.4,979495.11,0,0
11,TRANSFER,108283.49,C1002609,244508.69,136225.2,C3002609,560004.36,668287.85,0,0
10,CASH_OUT,4840.9,C1002610,398965.68,394124.78,C3002610,45111.0,49951.9,0,0
3,CASH_OUT,16049.85,C1002611,284485.02,268435.17,C3002611,407862.96,423912.81,0,0
22,DEBIT,83652.11,C1002612,446603.29,362951.18,C3002612,416490.41,500142.52,0,0
14,CASH_OUT,188588.25,C1002613,318272.24,129683.99,C3002613,965490.94,1154079.19,1,0
16,PAYMENT,144330.2,C1002614,344670.06,200339.86,M2002614,599197.09,743527.29,0,0
10,PAYMENT,17716.5,C1002615,333803.61,316087.11,M2002615,635651.07,653367.57,0,0
29,PAYMENT,169278.97,C1002616,224729.6,55450.63,M2002616,713253.03,882532.0,0,0
10,CASH_OUT,146486.92,C1002617,344669.41,198182.49,C3002617,770039.32,916526.24,0,0
12,PAYMENT,122228.21,C1002618,34853.87,34853.87,M2002618,635051.07,757279.28,0,0
30,DEBIT,164076.56,C1002619,429925.74,265849.18,C3002619,237194.35,401270.91,0,0
9,CASH_OUT,80881.56,C1002620,388906.07,308024.51,C3002620,874045.91,954927.47,0,0
1,CASH_IN,44378.06,C1002621,122614.98,78236.92,C3002621,732119.8,776497.86,0,0
5,CASH_OUT,102453.48,C1002622,384016.23,281562.75,C3002622,741870.49,844323.97,0,0
20,DEBIT,109813.47,C1002623,6321.3,6321.3,C3002623,996556.74,1106370.21,0,0
8,CASH_IN,107711.44,C1002624,108623.29,911.85,C3002624,802526.53,910237.97,0,0
11,CASH_OUT,113058.25,C1002625,32568.62,32568.62,C3002625,829151.4,942209.65,0,0
12,PAYMENT,189746.11,C1002626,390113.46,200367.35,M2002626,951405.52,1141151.63,0,0
1,TRANSFER,180458.9,C1002627,377937.08,197478.18,C3002627,151134.0,331592.9,1,0
25,TRANSFER,175155.84,C1002628,406818.01,231662.17,C3002628,497727.38,672883.22,0,0
22,PAYMENT,160303.22,C1002629,2240.85,2240.85,M2002629,580567.02,740870.24,0,0
20,TRANSFER,188691.28,C1002630,250616.36,61925.08,C3002630,329275.73,517967.01,0,0
28,TRANSFER,19789.08,C1002631,352418.1,332629.02,C3002631,839403.34,859192.42,0,0
25,PAYMENT,53098.14,C1002632,77700.56,24602.42,M2002632,762419.62,815517.76,0,0
11,PAYMENT,99061.68,C1002633,324895.36,225833.68,M2002633,720883.07,819944.75,0,0
5,CASH_OUT,169322.25,C1002634,42055.05,42055.05,C3002634,997149.44,1166471.69,0,0
15,CASH_OUT,101082.63,C1002635,90662.93,90662.93,C3002635,259381.37,360464.0,0,0
5,PAYMENT,149632.14,C1002636,237898.41,88266.27,M2002636,735457.25,885089.39,0,0
12,DEBIT,27878.09,C1002637,326782.58,298904.49,C3002637,551404.47,579282.56,0,0
5,TRANSFER,50557.52,C1002638,72934.56,22377.04,C3002638,312989.18,363546.7,0,0
17,CASH_OUT,146382.04,C1002639,92611.67,92611.67,C3002639,160586.87,306968.91,0,0
17,TRANSFER,33030.33,C1002640,102223.18,69192.85,C3002640,895883.84,928914.17,0,0
24,CASH_IN,70336.05,C1002641,119350.4,49014.35,C3002641,595455.48,665791.53,0,0
12,PAYMENT,53046.76,C1002642,113276.92,60230.16,M2002642,824933.84,877980.6,0,0
24,DEBIT,70037.35,C1002643,197574.55,127537.2,C3002643,545344.98,615382.33,0,0
28,CASH_IN,141693.98,C1002644,326894.83,185200.85,C3002644,219977.08,361671.06,0,0
15,CASH_IN,73632.65,C1002645,219015.89,145383.24,C3002645,337548.81,411181.46,0,0
15,CASH_IN,111097.14,C1002646,387986.95,276889.81,C3002646,381538.84,492635.98,0,0
6,PAYMENT,20076.38,C1002647,359634.25,339557.87,M2002647,972934.81,993011.19,0,0
12,CASH_OUT,161023.04,C1002648,63263.46,63263.46,C3002648,5633.28,166656.32,1,0
27,PAYMENT,74040.74,C1002649,24420.81,24420.81,M2002649,985666.02,1059706.76,0,0
29,CASH_OUT,129741.98,C1002650,438970.78,309228.8,C3002650,980461.64,1110203.62,0,0
20,CASH_IN,145105.38,C1002651,39915.53,39915.53,C3002651,996150.79,1141256.17,0,0
18,CASH_IN,42011.22,C1002652,74169.59,32158.37,C3002652,476588.18,518599.4,0,0
14,DEBIT,176946.53,C1002653,11066.64,11066.64,C3002653,963808.97,1140755.5,0,0
2,CASH_OUT,123283.23,C1002654,314168.18,190884.95,C3002654,395599.18,518882.41,0,0
9,CASH_IN,85802.16,C1002655,291185.28,205383.12,C3002655,26294.44,112096.6,0,0
5,TRANSFER,36548.8,C1002656,493451.83,456903.03,C3002656,224347.19,260895.99,0,0
20,DEBIT,188465.96,C1002657,443466.2,255000.24,C3002657,945296.24,1133762.2,0,0
26,PAYMENT,151038.13,C1002658,205421.59,54383.46,M2002658,13764.69,164802.82,0,0
29,DEBIT,41684.11,C1002659,185792.92,144108.81,C3002659,545994.14,587678.25,0,0
1,TRANSFER,67608.38,C1002660,148426.02,80817.64,C3002660,75601.59,143209.97,0,0
23,CASH_OUT,161953.88,C1002661,76203.46,76203.46,C3002661,286396.58,448350.46,0,0
3,PAYMENT,139165.96,C1002662,69041.83,69041.83,M2002662,88092.85,227258.81,0,0
6,PAYMENT,153180.28,C1002663,66141.85,66141.85,M2002663,859528.62,1012708.9,0,0
5,CASH_OUT,88296.1,C1002664,57057.38,57057.38,C3002664,591070.71,679366.81,0,0
21,DEBIT,143323.6,C1002665,120256.02,120256.02,C3002665,902106.47,1045430.07,0,0
27,CASH_IN,77360.1,C1002666,153334.32,75974.22,C3002666,688353.2,765713.3,0,0
5,DEBIT,42331.46,C1002667,480789.49,438458.03,C3002667,971029.13,1013360.59,0,0
1,TRANSFER,126572.14,C1002668,289236.63,162664.49,C3002668,509877.65,636449.79,0,0
17,CASH_IN,195205.18,C1002669,493797.89,298592.71,C3002669,638710.58,833915.76,0,1
19,DEBIT,62189.13,C1002670,186233.47,124044.34,C3002670,576308.82,638497.95,0,0
14,CASH_OUT,92247.82,C1002671,228813.32,136565.5,C3002671,484260.43,576508.25,0,0
12,TRANSFER,134832.87,C1002672,162289.33,27456.46,C3002672,845959.37,980792.24,0,0
10,TRANSFER,108347.11,C1002673,91443.83,91443.83,C3002673,644525.14,752872.25,0,0
20,TRANSFER,168701.22,C1002674,71582.35,71582.35,C3002674,801312.26,970013.48,0,0
21,CASH_IN,152372.37,C1002675,472539.6,320167.23,C3002675,786363.94,938736.31,0,0
18,PAYMENT,11753.61,C1002676,493405.34,481651.73,M2002676,191045.16,202798.77,0,0
24,CASH_IN,199684.4,C1002677,22454.75,22454.75,C3002677,650163.53,849847.93,0,1
27,DEBIT,150505.25,C1002678,75172.94,75172.94,C3002678,199648.02,350153.27,0,0
11,PAYMENT,172794.27,C1002679,211762.05,38967.78,M2002679,583320.48,756114.75,0,0
30,DEBIT,130274.42,C1002680,93166.74,93166.74,C3002680,677434.68,807709.1,0,0
2,PAYMENT,171271.4,C1002681,181940.2,10668.8,M2002681,997235.07,1168506.47,0,0
25,CASH_IN,22565.36,C1002682,64548.17,41982.81,C3002682,30541.98,53107.34,0,0
18,TRANSFER,69612.79,C1002683,228255.88,158643.09,C3002683,91242.39,160855.18,0,0
29,CASH_OUT,175296.55,C1002684,135847.31,135847.31,C3002684,77026.7,252323.25,1,0
25,TRANSFER,40410.88,C1002685,175952.53,135541.65,C3002685,398361.29,438772.17,0,0
7,CASH_IN,15740.6,C1002686,47156.33,31415.73,C3002686,821588.36,837328.96,0,0
24,PAYMENT,157644.98,C1002687,214064.03,56419.05,M2002687,844056.33,1001701.31,0,0
15,TRANSFER,167113.68,C1002688,491628.81,324515.13,C3002688,736979.6,904093.28,1,0
11,CASH_IN,32614.18,C1002689,164416.52,131802.34,C3002689,896878.24,929492.42,0,0
18,DEBIT,170883.76,C1002690,438214.64,267330.88,C3002690,322859.94,493743.7,0,0
23,CASH_OUT,137384.88,C1002691,421599.57,284214.69,C3002691,88154.64,225539.52,0,0
12,TRANSFER,104064.53,C1002692,476029.21,371964.68,C3002692,58153.03,162217.56,0,0
6,PAYMENT,166067.01,C1002693,395054.76,228987.75,M2002693,852132.72,1018199.73,0,0
20,DEBIT,83907.92,C1002694,329798.41,245890.49,C3002694,730436.29,814344.21,0,0
23,CASH_IN,38879.39,C1002695,428292.22,389412.83,C3002695,698615.31,737494.7,0,0
30,CASH_OUT,57042.05,C1002696,37822.34,37822.34,C3002696,339676.34,396718.39,0,0
13,PAYMENT,101082.29,C1002697,231415.33,130333.04,M2002697,379905.19,480987.48,0,0
20,CASH_IN,106313.03,C1002698,494628.12,388315.09,C3002698,958113.53,1064426.56,0,0
16,CASH_IN,161135.61,C1002699,384800.08,223664.47,C3002699,63804.74,224940.35,0,0
18,TRANSFER,158291.41,C1002700,481037.69,322746.28,C3002700,773731.74,932023.15,0,0
10,TRANSFER,116315.17,C1002701,389817.18,273502.01,C3002701,309633.32,425948.49,0,0
28,PAYMENT,156179.02,C1002702,437440.98,281261.96,M2002702,39054.62,195233.64,0,0
23,CASH_IN,38435.51,C1002703,353264.82,314829.31,C3002703,742570.11,781005.62,0,0
8,TRANSFER,10107.9,C1002704,380251.0,370143.1,C3002704,330911.89,341019.79,0,0
18,CASH_OUT,174739.4,C1002705,261589.0,86849.6,C3002705,722147.52,896886.92,1,0
21,CASH_OUT,15203.34,C1002706,462118.85,446915.51,C3002706,707654.38,722857.72,0,0
1,CASH_IN,49413.02,C1002707,412519.46,363106.44,C3002707,534786.88,584199.9,0,0
23,TRANSFER,139094.26,C1002708,421942.48,282848.22,C3002708,777373.13,916467.39,0,0
8,PAYMENT,81948.64,C1002709,336504.55,254555.91,M2002709,581038.32,662986.96,0,0
29,PAYMENT,175275.16,C1002710,152289.97,152289.97,M2002710,286636.85,461912.01,0,0
6,PAYMENT,59666.16,C1002711,17814.9,17814.9,M2002711,734115.3,793781.46,0,0
5,CASH_OUT,2473.08,C1002712,467827.56,465354.48,C3002712,589139.82,591612.9,0,0
15,TRANSFER,60201.06,C1002713,293060.17,232859.11,C3002713,12727.28,72928.34,0,0
22,TRANSFER,115657.2,C1002714,149071.49,33414.29,C3002714,901644.18,1017301.38,0,0
15,CASH_OUT,75250.08,C1002715,74567.55,74567.55,C3002715,545643.62,620893.7,0,0
2,PAYMENT,107021.06,C1002716,414761.58,307740.52,M2002716,868627.27,975648.33,0,0
1,PAYMENT,175331.96,C1002717,418260.1,242928.14,M2002717,882736.84,1058068.8,0,0
23,CASH_IN,182505.76,C1002718,407253.98,224748.22,C3002718,444966.66,627472.42,0,0
23,DEBIT,53268.22,C1002719,322541.35,269273.13,C3002719,507660.0,560928.22,0,0
26,TRANSFER,92481.88,C1002720,183007.69,90525.81,C3002720,415754.39,508236.27,0,0
11,TRANSFER,109873.89,C1002721,152035.14,42161.25,C3002721,449436.78,559310.67,0,0
10,TRANSFER,189827.58,C1002722,4277.39,4277.39,C3002722,895147.16,1084974.74,1,0
30,DEBIT,199723.6,C1002723,416803.78,217080.18,C3002723,788144.01,987867.61,0,1
18,CASH_IN,47157.91,C1002724,43716.35,43716.35,C3002724,126525.68,173683.59,0,0
18,DEBIT,145423.28,C1002725,315377.5,169954.22,C3002725,610307.78,755731.06,0,0
17,PAYMENT,75668.41,C1002726,252037.47,176369.06,M2002726,995906.64,1071575.05,0,0
26,PAYMENT,1720.83,C1002727,263344.68,261623.85,M2002727,595550.7,597271.53,0,0
8,TRANSFER,1949.58,C1002728,463356.42,461406.84,C3002728,785871.63,787821.21,0,0
15,CASH_OUT,92167.14,C1002729,15807.51,15807.51,C3002729,769061.47,861228.61,0,0
8,TRANSFER,97718.15,C1002730,386696.11,288977.96,C3002730,350317.53,448035.68,0,0
17,CASH_OUT,4611.68,C1002731,26026.2,21414.52,C3002731,371849.3,376460.98,0,0
12,DEBIT,137416.79,C1002732,19076.8,19076.8,C3002732,724076.42,861493.21,0,0
27,PAYMENT,58871.28,C1002733,214908.85,156037.57,M2002733,499983.53,558854.81,0,0
8,CASH_OUT,112022.63,C1002734,31537.59,31537.59,C3002734,570570.71,682593.34,0,0
25,DEBIT,60253.72,C1002735,394571.98,334318.26,C3002735,712905.79,773159.51,0,0
14,PAYMENT,33510.15,C1002736,264781.55,231271.4,M2002736,777575.03,811085.18,0,0
4,CASH_OUT,81494.03,C1002737,14519.39,14519.39,C3002737,271516.58,353010.61,0,0
1,TRANSFER,46531.45,C1002738,20250.34,20250.34,C3002738,146793.76,193325.21,0,0
1,TRANSFER,107006.72,C1002739,306334.26,199327.54,C3002739,291794.65,398801.37,0,0
19,TRANSFER,39845.82,C1002740,403055.91,363210.09,C3002740,507538.33,547384.15,0,0
16,DEBIT,101730.35,C1002741,218899.77,117169.42,C3002741,342141.32,443871.67,0,0
14,TRANSFER,31559.97,C1002742,277290.34,245730.37,C3002742,568362.76,599922.73,0,0
21,CASH_IN,134227.84,C1002743,399914.73,265686.89,C3002743,53465.72,187693.56,0,0
16,PAYMENT,150812.14,C1002744,305253.09,154440.95,M2002744,509750.41,660562.55,0,0
5,DEBIT,22167.81,C1002745,112380.12,90212.31,C3002745,367984.91,390152.72,0,0
9,TRANSFER,93613.7,C1002746,306526.01,212912.31,C3002746,534666.75,628280.45,0,0
26,PAYMENT,14267.25,C1002747,314139.73,299872.48,M2002747,422533.35,436800.6,0,0
30,CASH_OUT,119676.67,C1002748,367053.49,247376.82,C3002748,284225.85,403902.52,0,0
28,TRANSFER,52954.42,C1002749,310437.09,257482.67,C3002749,904107.91,957062.33,0,0
2,PAYMENT,105572.13,C1002750,484621.07,379048.94,M2002750,184764.99,290337.12,0,0
18,CASH_IN,103540.46,C1002751,98644.15,98644.15,C3002751,681365.58,784906.04,0,0
6,CASH_OUT,184878.43,C1002752,475545.34,290666.91,C3002752,924644.71,1109523.14,1,0
9,CASH_IN,109861.74,C1002753,269169.75,159308.01,C3002753,538669.96,648531.7,0,0
1,PAYMENT,116641.4,C1002754,335978.07,219336.67,M2002754,876408.49,993049.89,0,0
9,CASH_IN,80390.46,C1002755,49730.8,49730.8,C3002755,124851.48,205241.94,0,0
25,PAYMENT,189821.01,C1002756,190287.97,466.96,M2002756,493788.77,683609.78,0,0
16,PAYMENT,155459.46,C1002757,384689.57,229230.11,M2002757,457025.28,612484.74,0,0
13,CASH_IN,57152.52,C1002758,353455.51,296302.99,C3002758,8118.81,65271.33,0,0
9,PAYMENT,168857.5,C1002759,20069.69,20069.69,M2002759,443257.34,612114.84,0,0
21,TRANSFER,86536.03,C1002760,273297.13,186761.1,C3002760,369029.76,455565.79,0,0
13,PAYMENT,165750.56,C1002761,44139.1,44139.1,M2002761,669798.73,835549.29,0,0
9,DEBIT,164595.32,C1002762,497928.21,333332.89,C3002762,938329.78,1102925.1,0,0
11,PAYMENT,37855.15,C1002763,448648.29,410793.14,M2002763,85791.09,123646.24,0,0
4,DEBIT,140258.11,C1002764,10540.33,10540.33,C3002764,327476.39,467734.5,0,0
2,PAYMENT,58199.53,C1002765,429324.79,371125.26,M2002765,444064.74,502264.27,0,0
29,PAYMENT,59568.78,C1002766,459714.8,400146.02,M2002766,455185.38,514754.16,0,0
6,CASH_IN,59339.98,C1002767,176774.11,117434.13,C3002767,774809.72,834149.7,0,0
14,TRANSFER,145141.09,C1002768,359750.83,214609.74,C3002768,443395.67,588536.76,0,0
4,TRANSFER,46042.23,C1002769,221051.87,175009.64,C3002769,27161.3,73203.53,0,0
6,CASH_OUT,281.08,C1002770,327616.24,327335.16,C3002770,710104.09,710385.17,0,0
19,CASH_IN,143075.85,C1002771,170158.7,27082.85,C3002771,884829.7,1027905.55,0,0
6,CASH_IN,34319.83,C1002772,161279.62,126959.79,C3002772,513904.71,548224.54,0,0
2,TRANSFER,20986.03,C1002773,212216.94,191230.91,C3002773,581108.52,602094.55,0,0
18,CASH_IN,47579.47,C1002774,72783.88,25204.41,C3002774,162936.44,210515.91,0,0
13,TRANSFER,76042.11,C1002775,415569.48,339527.37,C3002775,220645.94,296688.05,0,0
9,CASH_IN,95233.67,C1002776,174348.95,79115.28,C3002776,235170.24,330403.91,0,0
23,PAYMENT,9009.55,C1002777,200074.78,191065.23,M2002777,430741.97,439751.52,0,0
19,TRANSFER,194117.61,C1002778,447027.31,252909.7,C3002778,928145.22,1122262.83,1,1
13,TRANSFER,143241.0,C1002779,248311.91,105070.91,C3002779,521784.77,665025.77,0,0
11,DEBIT,64706.49,C1002780,272126.95,207420.46,C3002780,192097.65,256804.14,0,0
1,CASH_IN,63807.58,C1002781,478249.06,414441.48,C3002781,266087.74,329895.32,0,0
24,CASH_IN,89763.66,C1002782,443363.19,353599.53,C3002782,384015.03,473778.69,0,0
30,TRANSFER,125286.34,C1002783,84733.35,84733.35,C3002783,623258.98,748545.32,0,0
22,PAYMENT,29359.98,C1002784,236607.51,207247.53,M2002784,440033.15,469393.13,0,0
7,PAYMENT,37867.07,C1002785,485648.11,447781.04,M2002785,392444.84,430311.91,0,0
25,PAYMENT,171900.97,C1002786,186183.15,14282.18,M2002786,564728.6,736629.57,0,0
21,CASH_IN,51325.36,C1002787,185786.55,134461.19,C3002787,241834.99,293160.35,0,0
15,DEBIT,76100.98,C1002788,97515.12,21414.14,C3002788,78903.27,155004.25,0,0
1,TRANSFER,174267.24,C1002789,57161.56,57161.56,C3002789,24414.31,198681.55,1,0
12,CASH_OUT,132663.25,C1002790,370152.4,237489.15,C3002790,251259.16,383922.41,0,0
26,DEBIT,68408.2,C1002791,385015.23,316607.03,C3002791,91592.03,160000.23,0,0
7,CASH_OUT,136771.54,C1002792,484506.48,347734.94,C3002792,336340.64,473112.18,0,0
15,DEBIT,4034.67,C1002793,386709.11,382674.44,C3002793,772933.54,776968.21,0,0
21,PAYMENT,147154.97,C1002794,121676.25,121676.25,M2002794,716294.33,863449.3,0,0
19,CASH_IN,97454.51,C1002795,20058.29,20058.29,C3002795,610927.62,708382.13,0,0
28,CASH_OUT,162655.11,C1002796,492718.69,330063.58,C3002796,852500.24,1015155.35,1,0
29,DEBIT,190932.07,C1002797,170225.35,170225.35,C3002797,282067.62,472999.69,0,1
25,CASH_IN,185165.13,C1002798,155985.77,155985.77,C3002798,885053.75,1070218.88,0,0
1,CASH_OUT,181862.08,C1002799,452977.6,271115.52,C3002799,399239.17,581101.25,1,0
17,TRANSFER,102482.77,C1002800,292549.95,190067.18,C3002800,400893.32,503376.09,0,0
17,DEBIT,72092.41,C1002801,107435.59,35343.18,C3002801,405351.61,477444.02,0,0
3,TRANSFER,93060.56,C1002802,444548.12,351487.56,C3002802,98094.37,191154.93,0,0
12,PAYMENT,138010.21,C1002803,496680.43,358670.22,M2002803,975490.5,1113500.71,0,0
6,TRANSFER,176811.16,C1002804,43339.28,43339.28,C3002804,138506.78,315317.94,1,0
26,TRANSFER,41476.56,C1002805,431125.81,389649.25,C3002805,340885.72,382362.28,0,0
11,DEBIT,183646.81,C1002806,195257.85,11611.04,C3002806,319300.32,502947.13,0,0
3,PAYMENT,163054.53,C1002807,262036.22,98981.69,M2002807,74679.43,237733.96,0,0
8,TRANSFER,195773.32,C1002808,457407.99,261634.67,C3002808,152260.13,348033.45,1,1
14,CASH_IN,176062.33,C1002809,486689.6,310627.27,C3002809,44858.34,220920.67,0,0
14,CASH_OUT,56059.47,C1002810,131081.96,75022.49,C3002810,292404.49,348463.96,0,0
10,TRANSFER,21280.59,C1002811,106425.39,85144.8,C3002811,866656.92,887937.51,0,0
2,PAYMENT,22536.99,C1002812,40258.28,17721.29,M2002812,339442.21,361979.2,0,0
14,TRANSFER,58315.54,C1002813,280898.93,222583.39,C3002813,123691.83,182007.37,0,0
9,CASH_OUT,122875.33,C1002814,6802.2,6802.2,C3002814,645693.87,768569.2,0,0
3,PAYMENT,160883.63,C1002815,205949.15,45065.52,M2002815,996600.91,1157484.54,0,0
21,DEBIT,179860.14,C1002816,36692.01,36692.01,C3002816,232323.79,412183.93,0,0
26,PAYMENT,124788.3,C1002817,202612.89,77824.59,M2002817,279571.01,404359.31,0,0
8,DEBIT,1225.7,C1002818,19966.09,18740.39,C3002818,971847.05,973072.75,0,0
16,PAYMENT,37344.72,C1002819,417608.63,380263.91,M2002819,178776.29,216121.01,0,0
2,CASH_OUT,20035.27,C1002820,104869.5,84834.23,C3002820,511214.07,531249.34,0,0
6,CASH_OUT,72728.56,C1002821,164154.36,91425.8,C3002821,239652.13,312380.69,0,0
28,PAYMENT,100320.06,C1002822,435024.0,334703.94,M2002822,932351.9,1032671.96,0,0
21,TRANSFER,8775.1,C1002823,373133.03,364357.93,C3002823,981521.01,990296.11,0,0
29,CASH_OUT,69760.75,C1002824,109519.18,39758.43,C3002824,814697.85,884458.6,0,0
26,DEBIT,35918.02,C1002825,35949.71,31.69,C3002825,314783.82,350701.84,0,0
25,DEBIT,129449.33,C1002826,357836.89,228387.56,C3002826,403487.48,532936.81,0,0
12,CASH_IN,92908.05,C1002827,195351.28,102443.23,C3002827,242305.68,335213.73,0,0
5,DEBIT,99114.0,C1002828,383040.0,283926.0,C3002828,890757.97,989871.97,0,0
2,CASH_IN,85595.59,C1002829,222647.39,137051.8,C3002829,914558.28,1000153.87,0,0
16,PAYMENT,191208.34,C1002830,173001.21,173001.21,M2002830,418870.66,610079.0,0,1
5,PAYMENT,43025.55,C1002831,225602.7,182577.15,M2002831,656533.07,699558.62,0,0
15,PAYMENT,103381.19,C1002832,374279.49,270898.3,M2002832,165553.18,268934.37,0,0
12,TRANSFER,147229.87,C1002833,451110.14,303880.27,C3002833,434935.9,582165.77,0,0
4,TRANSFER,111413.2,C1002834,24883.6,24883.6,C3002834,631499.11,742912.31,0,0
15,CASH_IN,185811.28,C1002835,262055.77,76244.49,C3002835,385403.12,571214.4,0,0
11,DEBIT,75655.87,C1002836,16417.71,16417.71,C3002836,357599.53,433255.4,0,0
16,DEBIT,92788.79,C1002837,234204.77,141415.98,C3002837,998.99,93787.78,0,0
23,PAYMENT,17795.61,C1002838,442641.41,424845.8,M2002838,804293.46,822089.07,0,0
6,CASH_OUT,121838.92,C1002839,180795.13,58956.21,C3002839,889337.61,1011176.53,0,0
14,TRANSFER,57713.57,C1002840,466225.21,408511.64,C3002840,969463.53,1027177.1,0,0
18,TRANSFER,32145.78,C1002841,315304.24,283158.46,C3002841,719271.39,751417.17,0,0
12,PAYMENT,108951.81,C1002842,467077.67,358125.86,M2002842,548792.31,657744.12,0,0
27,TRANSFER,106508.82,C1002843,378583.31,272074.49,C3002843,269284.52,375793.34,0,0
11,PAYMENT,15266.74,C1002844,51717.58,36450.84,M2002844,999299.48,1014566.22,0,0
13,CASH_IN,139673.27,C1002845,115575.68,115575.68,C3002845,589752.85,729426.12,0,0
21,DEBIT,124792.06,C1002846,197085.23,72293.17,C3002846,681154.07,805946.13,0,0
23,CASH_OUT,37884.55,C1002847,85053.44,47168.89,C3002847,682406.16,720290.71,0,0
11,DEBIT,93940.03,C1002848,247455.8,153515.77,C3002848,845251.8,939191.83,0,0
23,DEBIT,144092.55,C1002849,235684.08,91591.53,C3002849,9672.54,153765.09,0,0
16,CASH_IN,105934.2,C1002850,478129.6,372195.4,C3002850,220246.94,326181.14,0,0
15,TRANSFER,79158.27,C1002851,216863.94,137705.67,C3002851,665534.0,744692.27,0,0
21,CASH_OUT,64535.46,C1002852,392813.4,328277.94,C3002852,895145.74,959681.2,0,0
28,TRANSFER,122117.73,C1002853,470955.27,348837.54,C3002853,685338.78,807456.51,0,0
15,DEBIT,187827.83,C1002854,438494.42,250666.59,C3002854,413491.29,601319.12,0,0
25,PAYMENT,134381.79,C1002855,104333.81,104333.81,M2002855,361555.5,495937.29,0,0
4,DEBIT,15041.71,C1002856,248014.95,232973.24,C3002856,737948.01,752989.72,0,0
11,TRANSFER,92190.93,C1002857,173869.89,81678.96,C3002857,741237.7,833428.63,0,0
19,DEBIT,178175.74,C1002858,199929.35,21753.61,C3002858,607057.99,785233.73,0,0
15,PAYMENT,18983.04,C1002859,180403.41,161420.37,M2002859,291467.02,310450.06,0,0
4,CASH_IN,197776.25,C1002860,413179.61,215403.36,C3002860,925154.82,1122931.07,0,1
21,TRANSFER,189818.97,C1002861,226069.53,36250.56,C3002861,551879.94,741698.91,1,0
13,DEBIT,15747.07,C1002862,261847.17,246100.1,C3002862,790492.36,806239.43,0,0
22,TRANSFER,186689.32,C1002863,491223.68,304534.36,C3002863,214308.26,400997.58,1,0
19,CASH_IN,72690.2,C1002864,29989.64,29989.64,C3002864,344040.79,416730.99,0,0
2,DEBIT,168957.36,C1002865,243978.82,75021.46,C3002865,874579.52,1043536.88,0,0
14,DEBIT,83734.83,C1002866,387030.85,303296.02,C3002866,50107.03,133841.86,0,0
29,TRANSFER,88226.94,C1002867,75580.98,75580.98,C3002867,512315.31,600542.25,0,0
4,TRANSFER,126885.19,C1002868,305765.8,178880.61,C3002868,481705.48,608590.67,0,0
16,PAYMENT,154918.04,C1002869,119732.39,119732.39,M2002869,751230.19,906148.23,0,0
21,CASH_IN,6854.45,C1002870,433702.06,426847.61,C3002870,281893.77,288748.22,0,0
20,PAYMENT,118671.88,C1002871,163549.83,44877.95,M2002871,219066.82,337738.7,0,0
14,DEBIT,37427.93,C1002872,164531.41,127103.48,C3002872,926132.84,963560.77,0,0
27,TRANSFER,69255.31,C1002873,299096.94,229841.63,C3002873,571709.65,640964.96,0,0
29,DEBIT,69658.94,C1002874,91781.45,22122.51,C3002874,104689.57,174348.51,0,0
15,DEBIT,93865.16,C1002875,142444.32,48579.16,C3002875,193036.16,286901.32,0,0
28,CASH_OUT,66893.87,C1002876,208315.93,141422.06,C3002876,998826.06,1065719.93,0,0
3,CASH_OUT,21561.49,C1002877,176818.93,155257.44,C3002877,195609.0,217170.49,0,0
8,DEBIT,29211.18,C1002878,262438.61,233227.43,C3002878,610475.51,639686.69,0,0
16,TRANSFER,6784.25,C1002879,299820.07,293035.82,C3002879,420128.08,426912.33,0,0
10,DEBIT,94102.79,C1002880,283333.73,189230.94,C3002880,885599.09,979701.88,0,0
4,CASH_OUT,190894.09,C1002881,327084.16,136190.07,C3002881,755168.59,946062.68,1,1
30,TRANSFER,23223.48,C1002882,153874.76,130651.28,C3002882,596951.4,620174.88,0,0
18,DEBIT,189258.27,C1002883,63213.11,63213.11,C3002883,10738.98,199997.25,0,0
2,CASH_IN,146698.97,C1002884,380403.77,233704.8,C3002884,879795.21,1026494.18,0,0
17,CASH_IN,127536.01,C1002885,425390.19,297854.18,C3002885,444667.47,572203.48,0,0
13,DEBIT,129091.02,C1002886,128503.12,128503.12,C3002886,931577.65,1060668.67,0,0
4,TRANSFER,165362.86,C1002887,203545.98,38183.12,C3002887,495539.01,660901.87,1,0
26,DEBIT,21473.28,C1002888,249284.61,227811.33,C3002888,694224.49,715697.77,0,0
25,DEBIT,101000.39,C1002889,266663.42,165663.03,C3002889,69292.65,170293.04,0,0
30,CASH_OUT,139448.52,C1002890,329745.09,190296.57,C3002890,745151.65,884600.17,0,0
11,CASH_IN,117405.41,C1002891,20801.62,20801.62,C3002891,337996.03,455401.44,0,0
7,CASH_OUT,166572.54,C1002892,360738.54,194166.0,C3002892,351359.01,517931.55,1,0
12,CASH_OUT,14547.11,C1002893,30985.5,16438.39,C3002893,118655.84,133202.95,0,0
10,DEBIT,138171.14,C1002894,234144.28,95973.14,C3002894,146857.15,285028.29,0,0
7,CASH_OUT,106852.14,C1002895,413835.57,306983.43,C3002895,185759.06,292611.2,0,0
13,CASH_IN,75894.26,C1002896,225607.66,149713.4,C3002896,328206.17,404100.43,0,0
7,CASH_OUT,68120.97,C1002897,74544.87,6423.9,C3002897,891969.91,960090.88,0,0
24,CASH_IN,124204.44,C1002898,492516.92,368312.48,C3002898,368260.24,492464.68,0,0
17,CASH_OUT,178209.98,C1002899,444642.73,266432.75,C3002899,724362.71,902572.69,1,0
10,CASH_IN,99285.57,C1002900,385656.82,286371.25,C3002900,82747.5,182033.07,0,0
29,CASH_OUT,164962.16,C1002901,205755.8,40793.64,C3002901,591098.8,756060.96,1,0
10,CASH_OUT,80491.06,C1002902,91922.86,11431.8,C3002902,481891.23,562382.29,0,0
24,TRANSFER,20568.65,C1002903,470705.59,450136.94,C3002903,977957.95,998526.6,0,0
4,CASH_IN,12395.0,C1002904,266175.56,253780.56,C3002904,846207.77,858602.77,0,0
20,CASH_IN,10361.74,C1002905,426177.73,415815.99,C3002905,454829.77,465191.51,0,0
4,CASH_IN,76092.01,C1002906,171047.5,94955.49,C3002906,775142.76,851234.77,0,0
22,PAYMENT,67513.83,C1002907,167644.16,100130.33,M2002907,193038.74,260552.57,0,0
7,CASH_OUT,143615.61,C1002908,492770.24,349154.63,C3002908,562336.33,705951.94,0,0
22,CASH_IN,148590.02,C1002909,260916.52,112326.5,C3002909,74619.06,223209.08,0,0
1,PAYMENT,10265.71,C1002910,70347.71,60082.0,M2002910,348089.03,358354.74,0,0
12,TRANSFER,44302.54,C1002911,109837.34,65534.8,C3002911,225862.18,270164.72,0,0
24,CASH_IN,54924.94,C1002912,240972.14,186047.2,C3002912,718909.82,773834.76,0,0
13,CASH_IN,109567.64,C1002913,21235.46,21235.46,C3002913,490090.69,599658.33,0,0
10,PAYMENT,28988.59,C1002914,231266.99,202278.4,M2002914,751070.48,780059.07,0,0
15,CASH_OUT,26874.85,C1002915,209470.42,182595.57,C3002915,515295.44,542170.29,0,0
27,TRANSFER,188763.4,C1002916,389668.13,200904.73,C3002916,86484.44,275247.84,1,0
13,CASH_IN,160860.16,C1002917,177470.98,16610.82,C3002917,735367.65,896227.81,0,0
23,CASH_OUT,36212.91,C1002918,491274.38,455061.47,C3002918,833229.26,869442.17,0,0
22,TRANSFER,81372.9,C1002919,90384.96,9012.06,C3002919,903531.23,984904.13,0,0
22,DEBIT,71188.84,C1002920,295493.34,224304.5,C3002920,571991.95,643180.79,0,0
21,DEBIT,158221.71,C1002921,44849.65,44849.65,C3002921,753585.36,911807.07,0,0
22,TRANSFER,102091.56,C1002922,366931.99,264840.43,C3002922,752044.34,854135.9,0,0
28,PAYMENT,25657.16,C1002923,497376.84,471719.68,M2002923,155749.76,181406.92,0,0
9,TRANSFER,147824.51,C1002924,409569.32,261744.81,C3002924,164220.69,312045.2,0,0
26,TRANSFER,79437.91,C1002925,277851.77,198413.86,C3002925,70885.51,150323.42,0,0
9,PAYMENT,52658.56,C1002926,242370.68,189712.12,M2002926,319913.64,372572.2,0,0
15,PAYMENT,75162.17,C1002927,417514.98,342352.81,M2002927,473508.59,548670.76,0,0
10,CASH_OUT,99601.54,C1002928,467987.04,368385.5,C3002928,997897.85,1097499.39,0,0
24,CASH_OUT,68688.79,C1002929,494603.26,425914.47,C3002929,430993.34,499682.13,0,0
26,PAYMENT,48456.96,C1002930,198269.61,149812.65,M2002930,726242.59,774699.55,0,0
25,DEBIT,79760.56,C1002931,495458.74,415698.18,C3002931,693397.03,773157.59,0,0
29,DEBIT,3932.66,C1002932,77963.13,74030.47,C3002932,204481.95,208414.61,0,0
10,TRANSFER,154522.32,C1002933,126774.89,126774.89,C3002933,58507.15,213029.47,0,0
8,CASH_IN,34271.88,C1002934,44508.06,10236.18,C3002934,546006.75,580278.63,0,0
24,TRANSFER,8876.53,C1002935,135869.26,126992.73,C3002935,700305.59,709182.12,0,0
16,TRANSFER,130774.37,C1002936,383968.78,253194.41,C3002936,998251.79,1129026.16,0,0
17,CASH_IN,154809.83,C1002937,426462.18,271652.35,C3002937,358611.05,513420.88,0,0
26,PAYMENT,162784.44,C1002938,389446.32,226661.88,M2002938,896364.56,1059149.0,0,0
27,DEBIT,98752.49,C1002939,315532.89,216780.4,C3002939,381932.46,480684.95,0,0
5,TRANSFER,41153.1,C1002940,256983.26,215830.16,C3002940,689411.71,730564.81,0,0
4,CASH_IN,147471.81,C1002941,354352.14,206880.33,C3002941,598252.93,745724.74,0,0
18,CASH_OUT,139972.64,C1002942,195416.77,55444.13,C3002942,52978.79,192951.43,0,0
24,TRANSFER,49329.52,C1002943,420654.18,371324.66,C3002943,78388.43,127717.95,0,0
19,DEBIT,180691.21,C1002944,338595.05,157903.84,C3002944,20764.09,201455.3,0,0
4,PAYMENT,20963.85,C1002945,348902.35,327938.5,M2002945,370834.08,391797.93,0,0
28,TRANSFER,196539.38,C1002946,267968.0,71428.62,C3002946,745801.05,942340.43,0,1
7,TRANSFER,172063.54,C1002947,442614.49,270550.95,C3002947,172755.39,344818.93,0,0
10,CASH_IN,137610.94,C1002948,126007.37,126007.37,C3002948,605852.97,743463.91,0,0
25,CASH_OUT,187756.1,C1002949,190573.83,2817.73,C3002949,288827.78,476583.88,0,0
18,CASH_OUT,144490.0,C1002950,388821.28,244331.28,C3002950,796992.62,941482.62,0,0
19,PAYMENT,38172.35,C1002951,246374.45,208202.1,M2002951,798396.15,836568.5,0,0
4,DEBIT,88487.01,C1002952,444607.01,356120.0,C3002952,775414.51,863901.52,0,0
10,PAYMENT,14393.45,C1002953,173199.66,158806.21,M2002953,524833.51,539226.96,0,0
1,TRANSFER,77992.52,C1002954,184665.08,106672.56,C3002954,284566.71,362559.23,0,0
23,TRANSFER,148346.44,C1002955,444367.89,296021.45,C3002955,809444.04,957790.48,0,0
18,CASH_OUT,77350.03,C1002956,232185.16,154835.13,C3002956,186100.56,263450.59,0,0
5,DEBIT,66125.81,C1002957,258062.29,191936.48,C3002957,289759.6,355885.41,0,0
15,CASH_IN,119111.61,C1002958,166381.86,47270.25,C3002958,183947.71,303059.32,0,0
17,DEBIT,174453.69,C1002959,138334.97,138334.97,C3002959,674210.16,848663.85,0,0
3,TRANSFER,9611.88,C1002960,327974.36,318362.48,C3002960,686236.03,695847.91,0,0
12,CASH_IN,77155.54,C1002961,59920.33,59920.33,C3002961,652509.99,729665.53,0,0
2,DEBIT,31732.32,C1002962,439636.32,407904.0,C3002962,415601.47,447333.79,0,0
1,DEBIT,139101.31,C1002963,389601.57,250500.26,C3002963,100171.01,239272.32,0,0
23,CASH_IN,21234.34,C1002964,95374.13,74139.79,C3002964,911169.58,932403.92,0,0
21,TRANSFER,132995.07,C1002965,347009.97,214014.9,C3002965,507730.96,640726.03,0,0
17,DEBIT,57307.56,C1002966,301316.46,244008.9,C3002966,406972.19,464279.75,0,0
22,CASH_IN,39863.47,C1002967,92267.53,52404.06,C3002967,588824.89,628688.36,0,0
16,TRANSFER,187276.88,C1002968,136601.75,136601.75,C3002968,192790.44,380067.32,1,0
5,CASH_IN,3803.06,C1002969,204493.25,200690.19,C3002969,132548.78,136351.84,0,0
15,CASH_IN,87611.68,C1002970,349621.37,262009.69,C3002970,405525.22,493136.9,0,0
3,DEBIT,4423.24,C1002971,319361.7,314938.46,C3002971,227220.69,231643.93,0,0
28,TRANSFER,96770.25,C1002972,266117.42,169347.17,C3002972,244290.29,341060.54,0,0
7,DEBIT,100259.37,C1002973,384205.27,283945.9,C3002973,892511.49,992770.86,0,0
11,PAYMENT,64400.33,C1002974,378968.87,314568.54,M2002974,530759.18,595159.51,0,0
10,PAYMENT,26519.14,C1002975,308929.58,282410.44,M2002975,483469.06,509988.2,0,0
9,TRANSFER,75339.87,C1002976,393495.04,318155.17,C3002976,689479.59,764819.46,0,0
14,CASH_IN,134485.36,C1002977,167131.69,32646.33,C3002977,951548.11,1086033.47,0,0
13,DEBIT,156500.92,C1002978,440624.76,284123.84,C3002978,112198.56,268699.48,0,0
29,DEBIT,106197.05,C1002979,307455.04,201257.99,C3002979,833534.57,939731.62,0,0
25,TRANSFER,118007.9,C1002980,411181.76,293173.86,C3002980,584019.18,702027.08,0,0
30,TRANSFER,40203.21,C1002981,273139.55,232936.34,C3002981,146165.35,186368.56,0,0
25,PAYMENT,57537.33,C1002982,109219.12,51681.79,M2002982,297149.32,354686.65,0,0
2,CASH_OUT,32462.93,C1002983,271205.06,238742.13,C3002983,482361.42,514824.35,0,0
3,TRANSFER,49934.14,C1002984,185555.83,135621.69,C3002984,691177.14,741111.28,0,0
7,CASH_OUT,45054.87,C1002985,348749.52,303694.65,C3002985,242607.02,287661.89,0,0
21,TRANSFER,103937.81,C1002986,237896.9,133959.09,C3002986,534878.82,638816.63,0,0
18,CASH_IN,112581.48,C1002987,418056.4,305474.92,C3002987,684671.63,797253.11,0,0
3,CASH_IN,188994.99,C1002988,339036.26,150041.27,C3002988,448740.75,637735.74,0,0
10,PAYMENT,39194.57,C1002989,342272.22,303077.65,M2002989,863025.96,902220.53,0,0
22,PAYMENT,128370.97,C1002990,108577.67,108577.67,M2002990,869459.1,997830.07,0,0
29,CASH_OUT,163470.13,C1002991,492124.88,328654.75,C3002991,470691.22,634161.35,1,0
7,TRANSFER,112092.27,C1002992,420837.6,308745.33,C3002992,972925.71,1085017.98,0,0
9,DEBIT,51075.23,C1002993,394502.44,343427.21,C3002993,75585.09,126660.32,0,0
17,PAYMENT,52583.79,C1002994,165107.61,112523.82,M2002994,3362.38,55946.17,0,0
11,DEBIT,7946.69,C1002995,267815.83,259869.14,C3002995,380668.26,388614.95,0,0
7,DEBIT,61158.3,C1002996,68551.59,7393.29,C3002996,601097.06,662255.36,0,0
24,TRANSFER,148946.28,C1002997,269237.99,120291.71,C3002997,629200.16,778146.44,0,0
28,CASH_OUT,9598.8,C1002998,72944.62,63345.82,C3002998,476445.74,486044.54,0,0
14,TRANSFER,43937.13,C1002999,276518.92,232581.79,C3002999,124883.31,168820.44,0,0
19,PAYMENT,141275.88,C1003000,324360.94,183085.06,M2003000,170497.52,311773.4,0,0
4,DEBIT,156552.05,C1003001,195097.98,38545.93,C3003001,852147.98,1008700.03,0,0
26,TRANSFER,91118.15,C1003002,249272.44,158154.29,C3003002,867911.13,959029.28,0,0
6,TRANSFER,139645.06,C1003003,437826.69,298181.63,C3003003,673898.54,813543.6,0,0
10,TRANSFER,77651.64,C1003004,54281.57,54281.57,C3003004,664217.97,741869.61,0,0
7,PAYMENT,32066.66,C1003005,395866.45,363799.79,M2003005,597682.13,629748.79,0,0
13,CASH_OUT,79690.08,C1003006,85377.28,5687.2,C3003006,202925.89,282615.97,0,0
14,TRANSFER,116035.57,C1003007,18353.99,18353.99,C3003007,428250.7,544286.27,0,0
4,PAYMENT,189615.85,C1003008,92787.3,92787.3,M2003008,695894.65,885510.5,0,0
8,DEBIT,13843.32,C1003009,382521.59,368678.27,C3003009,537252.27,551095.59,0,0
5,CASH_IN,101528.08,C1003010,202563.04,101034.96,C3003010,18580.33,120108.41,0,0
1,PAYMENT,65851.06,C1003011,436260.26,370409.2,M2003011,953556.81,1019407.87,0,0
4,CASH_IN,101711.51,C1003012,262353.77,160642.26,C3003012,844816.05,946527.56,0,0
3,TRANSFER,4892.69,C1003013,11125.18,6232.49,C3003013,260545.01,265437.7,0,0
9,TRANSFER,62673.77,C1003014,358356.8,295683.03,C3003014,616458.94,679132.71,0,0
8,PAYMENT,163991.64,C1003015,55116.45,55116.45,M2003015,923239.38,1087231.02,0,0
1,CASH_IN,110832.95,C1003016,394689.82,283856.87,C3003016,96011.01,206843.96,0,0
27,TRANSFER,90171.44,C1003017,84051.27,84051.27,C3003017,503029.48,593200.92,0,0
6,DEBIT,57176.46,C1003018,172723.19,115546.73,C3003018,456243.03,513419.49,0,0
9,CASH_OUT,59678.7,C1003019,380635.71,320957.01,C3003019,410205.01,469883.71,0,0
7,CASH_OUT,76681.98,C1003020,477115.68,400433.7,C3003020,835588.61,912270.59,0,0
4,TRANSFER,167130.58,C1003021,185716.98,18586.4,C3003021,380646.15,547776.73,1,0
13,CASH_IN,193445.92,C1003022,414700.11,221254.19,C3003022,63663.33,257109.25,0,1
17,TRANSFER,87787.21,C1003023,95396.13,7608.92,C3003023,65837.74,153624.95,0,0
28,CASH_IN,78731.23,C1003024,403589.89,324858.66,C3003024,42744.61,121475.84,0,0
2,DEBIT,169325.5,C1003025,328747.03,159421.53,C3003025,409145.42,578470.92,0,0
28,CASH_IN,85438.37,C1003026,96371.75,10933.38,C3003026,718406.28,803844.65,0,0
5,TRANSFER,110448.43,C1003027,151251.98,40803.55,C3003027,203722.46,314170.89,0,0
12,DEBIT,46265.24,C1003028,65885.44,19620.2,C3003028,646468.52,692733.76,0,0
27,PAYMENT,148726.16,C1003029,191483.51,42757.35,M2003029,687088.47,835814.63,0,0
21,CASH_OUT,106444.46,C1003030,101824.32,101824.32,C3003030,255202.12,361646.58,0,0
8,TRANSFER,161826.01,C1003031,321998.98,160172.97,C3003031,600557.66,762383.67,0,0
6,TRANSFER,156168.47,C1003032,497252.55,341084.08,C3003032,684868.34,841036.81,0,0
8,TRANSFER,43079.45,C1003033,6004.58,6004.58,C3003033,466613.62,509693.07,0,0
18,DEBIT,143155.55,C1003034,270459.91,127304.36,C3003034,336716.6,479872.15,0,0
3,PAYMENT,160030.88,C1003035,286833.3,126802.42,M2003035,619151.55,779182.43,0,0
22,CASH_IN,69286.84,C1003036,457104.39,387817.55,C3003036,977847.09,1047133.93,0,0
12,PAYMENT,34604.56,C1003037,253002.67,218398.11,M2003037,426841.41,461445.97,0,0
29,DEBIT,626.17,C1003038,271850.71,271224.54,C3003038,391735.1,392361.27,0,0
26,TRANSFER,90235.64,C1003039,235826.4,145590.76,C3003039,464266.9,554502.54,0,0
3,CASH_OUT,70551.3,C1003040,134452.15,63900.85,C3003040,76218.39,146769.69,0,0
22,TRANSFER,111026.48,C1003041,28014.57,28014.57,C3003041,553163.28,664189.76,0,0
6,CASH_IN,37689.41,C1003042,204328.84,166639.43,C3003042,328697.39,366386.8,0,0
2,CASH_OUT,171947.14,C1003043,26295.74,26295.74,C3003043,121422.12,293369.26,0,0
23,TRANSFER,51625.27,C1003044,275246.23,223620.96,C3003044,466256.74,517882.01,0,0
12,CASH_OUT,45363.28,C1003045,153646.82,108283.54,C3003045,3383.99,48747.27,0,0
2,PAYMENT,96194.74,C1003046,266801.2,170606.46,M2003046,401785.25,497979.99,0,0
6,DEBIT,99820.32,C1003047,67148.48,67148.48,C3003047,105735.27,205555.59,0,0
17,TRANSFER,43095.54,C1003048,466314.98,423219.44,C3003048,24292.7,67388.24,0,0
3,CASH_IN,54444.96,C1003049,447260.62,392815.66,C3003049,824475.05,878920.01,0,0
2,PAYMENT,34024.08,C1003050,94998.25,60974.17,M2003050,916248.8,950272.88,0,0
23,TRANSFER,143720.19,C1003051,171722.14,28001.95,C3003051,207674.65,351394.84,0,0
30,PAYMENT,154040.8,C1003052,306746.39,152705.59,M2003052,539298.26,693339.06,0,0
20,CASH_IN,92519.47,C1003053,47843.1,47843.1,C3003053,277958.16,370477.63,0,0
8,TRANSFER,142846.0,C1003054,177283.91,34437.91,C3003054,493577.44,636423.44,0,0
22,CASH_IN,147213.48,C1003055,125556.14,125556.14,C3003055,436631.32,583844.8,0,0
12,CASH_OUT,27741.28,C1003056,457758.36,430017.08,C3003056,269051.06,296792.34,0,0
26,CASH_IN,193238.99,C1003057,426255.32,233016.33,C3003057,700393.58,893632.57,0,1
4,CASH_OUT,164224.29,C1003058,289916.37,125692.08,C3003058,126490.96,290715.25,1,0
5,TRANSFER,40976.24,C1003059,260173.17,219196.93,C3003059,53072.78,94049.02,0,0
13,CASH_OUT,37314.39,C1003060,465362.9,428048.51,C3003060,767675.43,804989.82,0,0
29,TRANSFER,25219.66,C1003061,466213.89,440994.23,C3003061,665930.03,691149.69,0,0
15,TRANSFER,27761.87,C1003062,484665.06,456903.19,C3003062,498526.12,526287.99,0,0
25,DEBIT,149657.54,C1003063,62689.44,62689.44,C3003063,467789.77,617447.31,0,0
23,TRANSFER,93983.89,C1003064,80278.91,80278.91,C3003064,497411.38,591395.27,0,0
16,CASH_OUT,156608.54,C1003065,338368.35,181759.81,C3003065,437024.08,593632.62,0,0
10,DEBIT,149276.35,C1003066,270717.24,121440.89,C3003066,392892.3,542168.65,0,0
30,DEBIT,120962.08,C1003067,9232.95,9232.95,C3003067,499690.6,620652.68,0,0
30,TRANSFER,137304.68,C1003068,30987.52,30987.52,C3003068,528515.17,665819.85,0,0
25,CASH_IN,3769.31,C1003069,444040.19,440270.88,C3003069,691902.31,695671.62,0,0
23,CASH_IN,62424.35,C1003070,434435.4,372011.05,C3003070,711207.16,773631.51,0,0
16,DEBIT,127600.65,C1003071,178635.46,51034.81,C3003071,377629.08,505229.73,0,0
12,TRANSFER,1968.06,C1003072,445525.31,443557.25,C3003072,413540.52,415508.58,0,0
17,CASH_IN,6692.09,C1003073,296837.54,290145.45,C3003073,373697.17,380389.26,0,0
16,TRANSFER,170392.41,C1003074,402952.82,232560.41,C3003074,536535.77,706928.18,0,0
12,TRANSFER,136836.57,C1003075,213715.54,76878.97,C3003075,453353.54,590190.11,0,0
8,DEBIT,53147.41,C1003076,56699.16,3551.75,C3003076,889596.46,942743.87,0,0
20,DEBIT,137623.77,C1003077,216863.53,79239.76,C3003077,696361.27,833985.04,0,0
3,PAYMENT,158512.09,C1003078,228649.9,70137.81,M2003078,898656.38,1057168.47,0,0
16,CASH_IN,61428.18,C1003079,275472.1,214043.92,C3003079,709136.99,770565.17,0,0
30,CASH_IN,7303.87,C1003080,52791.36,45487.49,C3003080,970992.15,978296.02,0,0
13,CASH_IN,186562.55,C1003081,495700.93,309138.38,C3003081,635736.78,822299.33,0,0
23,CASH_OUT,69101.45,C1003082,122068.41,52966.96,C3003082,963550.14,1032651.59,0,0
28,TRANSFER,21385.7,C1003083,99276.2,77890.5,C3003083,158169.89,179555.59,0,0
19,DEBIT,98422.19,C1003084,263401.46,164979.27,C3003084,52477.68,150899.87,0,0
8,CASH_IN,153716.71,C1003085,268604.09,114887.38,C3003085,579125.19,732841.9,0,0
22,PAYMENT,44407.3,C1003086,219910.37,175503.07,M2003086,983493.21,1027900.51,0,0
5,CASH_IN,53971.06,C1003087,385946.07,331975.01,C3003087,417605.25,471576.31,0,0
20,TRANSFER,48618.73,C1003088,258327.2,209708.47,C3003088,212043.36,260662.09,0,0
8,TRANSFER,198335.44,C1003089,304847.73,106512.29,C3003089,521541.45,719876.89,0,1
24,DEBIT,39561.01,C1003090,361873.19,322312.18,C3003090,648798.62,688359.63,0,0
12,CASH_OUT,115146.49,C1003091,12512.55,12512.55,C3003091,315178.7,430325.19,0,0
1,DEBIT,185060.4,C1003092,285322.09,100261.69,C3003092,714769.36,899829.76,0,0
25,CASH_IN,29464.62,C1003093,442097.24,412632.62,C3003093,975114.51,1004579.13,0,0
30,PAYMENT,194173.75,C1003094,8694.37,8694.37,M2003094,896963.12,1091136.87,0,1
21,DEBIT,189500.7,C1003095,202591.05,13090.35,C3003095,291585.37,481086.07,0,0
20,CASH_OUT,176925.94,C1003096,463113.73,286187.79,C3003096,326723.68,503649.62,1,0
6,DEBIT,42989.85,C1003097,176577.2,133587.35,C3003097,371541.22,414531.07,0,0
22,TRANSFER,126847.61,C1003098,229364.41,102516.8,C3003098,394552.78,521400.39,0,0
18,CASH_IN,152202.21,C1003099,490770.7,338568.49,C3003099,100319.5,252521.71,0,0
8,CASH_IN,197206.98,C1003100,99661.93,99661.93,C3003100,761962.84,959169.82,0,1
7,CASH_IN,36166.72,C1003101,32627.59,32627.59,C3003101,365339.26,401505.98,0,0
1,CASH_IN,153228.58,C1003102,429711.3,276482.72,C3003102,879819.98,1033048.56,0,0
21,CASH_IN,67826.35,C1003103,434232.67,366406.32,C3003103,926940.62,994766.97,0,0
16,CASH_IN,35207.73,C1003104,236038.92,200831.19,C3003104,24431.31,59639.04,0,0
12,PAYMENT,84333.25,C1003105,257103.59,172770.34,M2003105,988503.07,1072836.32,0,0
6,CASH_OUT,158787.8,C1003106,417903.18,259115.38,C3003106,710022.73,868810.53,1,0
20,CASH_IN,93023.48,C1003107,369279.75,276256.27,C3003107,520392.23,613415.71,0,0
2,CASH_OUT,107550.87,C1003108,132574.5,25023.63,C3003108,389527.61,497078.48,0,0
29,CASH_IN,199032.37,C1003109,8446.68,8446.68,C3003109,518518.13,717550.5,0,1
14,DEBIT,79881.95,C1003110,239850.08,159968.13,C3003110,324624.72,404506.67,0,0
4,CASH_IN,123118.61,C1003111,429456.16,306337.55,C3003111,622687.81,745806.42,0,0
1,TRANSFER,73112.32,C1003112,447917.34,374805.02,C3003112,92980.28,166092.6,0,0
23,PAYMENT,78617.85,C1003113,478113.1,399495.25,M2003113,621122.6,699740.45,0,0
18,DEBIT,139158.59,C1003114,439781.62,300623.03,C3003114,275344.85,414503.44,0,0
13,DEBIT,187583.61,C1003115,290021.78,102438.17,C3003115,17634.83,205218.44,0,0
2,TRANSFER,108517.55,C1003116,222302.8,113785.25,C3003116,552705.77,661223.32,0,0
9,CASH_IN,153703.15,C1003117,387424.92,233721.77,C3003117,578447.76,732150.91,0,0
21,PAYMENT,17932.39,C1003118,369910.82,351978.43,M2003118,426569.0,444501.39,0,0
2,DEBIT,42310.49,C1003119,269071.72,226761.23,C3003119,72286.23,114596.72,0,0
27,PAYMENT,100476.12,C1003120,43663.69,43663.69,M2003120,893342.95,993819.07,0,0
25,DEBIT,4100.34,C1003121,463040.67,458940.33,C3003121,611430.81,615531.15,0,0
9,CASH_IN,50645.71,C1003122,227801.27,177155.56,C3003122,115713.3,166359.01,0,0
1,DEBIT,103528.52,C1003123,181666.89,78138.37,C3003123,510930.58,614459.1,0,0
11,DEBIT,3090.74,C1003124,314783.7,311692.96,C3003124,497254.32,500345.06,0,0
3,CASH_OUT,52982.8,C1003125,336918.98,283936.18,C3003125,60401.87,113384.67,0,0
20,CASH_IN,102854.76,C1003126,105343.96,2489.2,C3003126,606859.7,709714.46,0,0
30,TRANSFER,114672.53,C1003127,418469.42,303796.89,C3003127,808326.4,922998.93,0,0
23,TRANSFER,185157.76,C1003128,144968.55,144968.55,C3003128,749008.05,934165.81,1,0
26,CASH_IN,129104.59,C1003129,93341.96,93341.96,C3003129,202969.41,332074.0,0,0
4,TRANSFER,83005.69,C1003130,203199.93,120194.24,C3003130,862292.53,945298.22,0,0
18,CASH_IN,186077.2,C1003131,365280.04,179202.84,C3003131,342542.17,528619.37,0,0
23,TRANSFER,156998.11,C1003132,482729.09,325730.98,C3003132,946508.38,1103506.49,0,0
6,CASH_OUT,40081.78,C1003133,404640.63,364558.85,C3003133,71747.96,111829.74,0,0
3,TRANSFER,26255.39,C1003134,470174.19,443918.8,C3003134,486208.69,512464.08,0,0
22,DEBIT,135194.75,C1003135,70302.9,70302.9,C3003135,597124.38,732319.13,0,0
11,CASH_IN,112020.64,C1003136,35588.4,35588.4,C3003136,247650.1,359670.74,0,0
15,PAYMENT,157955.76,C1003137,278852.38,120896.62,M2003137,771380.19,929335.95,0,0
22,PAYMENT,147787.13,C1003138,145148.74,145148.74,M2003138,626895.68,774682.81,0,0
28,CASH_IN,125079.79,C1003139,414027.49,288947.7,C3003139,18109.44,143189.23,0,0
5,CASH_OUT,197277.8,C1003140,335993.94,138716.14,C3003140,608368.59,805646.39,1,1
20,TRANSFER,106764.59,C1003141,485364.08,378599.49,C3003141,491478.23,598242.82,0,0
10,CASH_OUT,22709.84,C1003142,127396.18,104686.34,C3003142,196029.2,218739.04,0,0
12,PAYMENT,165671.89,C1003143,242892.06,77220.17,M2003143,995748.23,1161420.12,0,0
15,CASH_IN,50445.49,C1003144,250620.24,200174.75,C3003144,897162.19,947607.68,0,0
17,CASH_IN,155482.7,C1003145,119588.4,119588.4,C3003145,292507.7,447990.4,0,0
10,CASH_OUT,191425.71,C1003146,295046.7,103620.99,C3003146,541070.92,732496.63,0,1
6,CASH_OUT,139389.42,C1003147,221642.99,82253.57,C3003147,316502.14,455891.56,0,0
18,TRANSFER,119246.43,C1003148,223360.78,104114.35,C3003148,775495.75,894742.18,0,0
13,DEBIT,92131.2,C1003149,181368.32,89237.12,C3003149,930331.43,1022462.63,0,0
3,DEBIT,72945.53,C1003150,8464.68,8464.68,C3003150,358828.61,431774.14,0,0
30,TRANSFER,70665.65,C1003151,261047.62,190381.97,C3003151,805584.25,876249.9,0,0
24,DEBIT,127310.9,C1003152,167623.92,40313.02,C3003152,498407.54,625718.44,0,0
10,PAYMENT,150279.5,C1003153,659.93,659.93,M2003153,396578.56,546858.06,0,0
30,DEBIT,135735.56,C1003154,153971.85,18236.29,C3003154,938421.85,1074157.41,0,0
14,TRANSFER,39762.18,C1003155,139314.17,99551.99,C3003155,510404.69,550166.87,0,0
6,DEBIT,98848.04,C1003156,196724.08,97876.04,C3003156,467410.5,566258.54,0,0
3,CASH_IN,158348.85,C1003157,65925.99,65925.99,C3003157,672434.4,830783.25,0,0
16,CASH_OUT,95193.25,C1003158,253841.91,158648.66,C3003158,261234.2,356427.45,0,0
7,PAYMENT,107370.99,C1003159,346220.18,238849.19,M2003159,324792.87,432163.86,0,0
20,CASH_IN,154250.1,C1003160,315092.78,160842.68,C3003160,932045.84,1086295.94,0,0
14,CASH_IN,132286.93,C1003161,401877.47,269590.54,C3003161,678529.85,810816.78,0,0
9,TRANSFER,81928.05,C1003162,226004.14,144076.09,C3003162,826637.15,908565.2,0,0
15,CASH_OUT,179093.0,C1003163,259545.87,80452.87,C3003163,271111.76,450204.76,1,0
21,CASH_OUT,32597.16,C1003164,405200.97,372603.81,C3003164,543790.19,576387.35,0,0
3,PAYMENT,199103.74,C1003165,213850.59,14746.85,M2003165,971396.27,1170500.01,0,1
2,TRANSFER,23858.63,C1003166,350799.67,326941.04,C3003166,318703.9,342562.53,0,0
27,PAYMENT,3088.5,C1003167,217301.18,214212.68,M2003167,160476.48,163564.98,0,0
2,DEBIT,178014.78,C1003168,208868.1,30853.32,C3003168,510886.01,688900.79,0,0
3,CASH_IN,49066.21,C1003169,380102.81,331036.6,C3003169,387821.09,436887.3,0,0
18,PAYMENT,145966.96,C1003170,87418.46,87418.46,M2003170,159577.23,305544.19,0,0
14,CASH_IN,162221.97,C1003171,169292.99,7071.02,C3003171,888551.38,1050773.35,0,0
20,TRANSFER,171811.38,C1003172,112086.14,112086.14,C3003172,990723.91,1162535.29,1,0
18,DEBIT,198319.69,C1003173,179554.97,179554.97,C3003173,568582.18,766901.87,0,1
10,TRANSFER,58878.54,C1003174,115187.41,56308.87,C3003174,774676.77,833555.31,0,0
25,DEBIT,142077.64,C1003175,289702.82,147625.18,C3003175,859038.37,1001116.01,0,0
2,DEBIT,23168.43,C1003176,399085.4,375916.97,C3003176,700982.01,724150.44,0,0
25,CASH_IN,81421.18,C1003177,393306.53,311885.35,C3003177,44156.05,125577.23,0,0
29,TRANSFER,169609.54,C1003178,182250.48,12640.94,C3003178,157634.23,327243.77,1,0
22,TRANSFER,73594.84,C1003179,494380.2,420785.36,C3003179,70989.19,144584.03,0,0
1,PAYMENT,118259.97,C1003180,296927.18,178667.21,M2003180,9879.61,128139.58,0,0
4,TRANSFER,100804.31,C1003181,199700.15,98895.84,C3003181,305996.41,406800.72,0,0
14,PAYMENT,129225.71,C1003182,417769.64,288543.93,M2003182,392355.96,521581.67,0,0
1,CASH_OUT,194581.59,C1003183,364937.01,170355.42,C3003183,241029.73,435611.32,1,1
14,CASH_OUT,11241.53,C1003184,374637.67,363396.14,C3003184,64604.65,75846.18,0,0
16,CASH_OUT,114834.91,C1003185,98069.67,98069.67,C3003185,529863.09,644698.0,0,0
22,TRANSFER,172619.45,C1003186,234162.15,61542.7,C3003186,273319.32,445938.77,1,0
14,TRANSFER,96328.4,C1003187,430914.07,334585.67,C3003187,796037.15,892365.55,0,0
29,PAYMENT,15797.58,C1003188,252019.0,236221.42,M2003188,8052.62,23850.2,0,0
20,DEBIT,112151.82,C1003189,341726.37,229574.55,C3003189,842527.05,954678.87,0,0
3,PAYMENT,66481.57,C1003190,293966.87,227485.3,M2003190,954753.68,1021235.25,0,0
3,CASH_OUT,31072.86,C1003191,421178.39,390105.53,C3003191,716135.06,747207.92,0,0
9,PAYMENT,169822.0,C1003192,142280.42,142280.42,M2003192,733644.07,903466.07,0,0
6,DEBIT,104367.74,C1003193,287737.64,183369.9,C3003193,933562.31,1037930.05,0,0
25,TRANSFER,186661.95,C1003194,61617.33,61617.33,C3003194,209071.29,395733.24,1,0
13,PAYMENT,161222.7,C1003195,345105.39,183882.69,M2003195,994565.57,1155788.27,0,0
21,CASH_OUT,138625.06,C1003196,365983.92,227358.86,C3003196,773481.2,912106.26,0,0
2,CASH_OUT,1104.6,C1003197,21418.66,20314.06,C3003197,726570.71,727675.31,0,0
8,TRANSFER,85621.91,C1003198,337895.48,252273.57,C3003198,361090.58,446712.49,0,0
21,PAYMENT,39577.51,C1003199,207345.08,167767.57,M2003199,545777.49,585355.0,0,0
2,DEBIT,182168.5,C1003200,62048.44,62048.44,C3003200,653917.79,836086.29,0,0
4,TRANSFER,34999.34,C1003201,209953.77,174954.43,C3003201,620342.86,655342.2,0,0
25,PAYMENT,57283.4,C1003202,97116.46,39833.06,M2003202,704984.64,762268.04,0,0
15,CASH_IN,103415.67,C1003203,207779.77,104364.1,C3003203,82381.74,185797.41,0,0
4,CASH_OUT,52746.39,C1003204,192169.51,139423.12,C3003204,355648.43,408394.82,0,0
13,DEBIT,42051.95,C1003205,369195.82,327143.87,C3003205,434000.02,476051.97,0,0
28,DEBIT,119859.96,C1003206,387107.78,267247.82,C3003206,260629.3,380489.26,0,0
12,DEBIT,17877.01,C1003207,303514.33,285637.32,C3003207,172627.27,190504.28,0,0
28,CASH_OUT,11727.73,C1003208,11343.42,11343.42,C3003208,138927.48,150655.21,0,0
13,PAYMENT,74511.83,C1003209,465511.14,390999.31,M2003209,366383.39,440895.22,0,0
14,TRANSFER,144160.82,C1003210,343116.64,198955.82,C3003210,493441.7,637602.52,0,0
20,PAYMENT,111005.87,C1003211,17097.72,17097.72,M2003211,62976.44,173982.31,0,0
18,TRANSFER,84633.01,C1003212,409416.45,324783.44,C3003212,946458.09,1031091.1,0,0
29,DEBIT,113193.74,C1003213,100133.08,100133.08,C3003213,765243.32,878437.06,0,0
28,PAYMENT,73153.75,C1003214,289610.59,216456.84,M2003214,730851.77,804005.52,0,0
6,DEBIT,187235.65,C1003215,233317.18,46081.53,C3003215,172860.52,360096.17,0,0
29,CASH_IN,11075.49,C1003216,209919.39,198843.9,C3003216,603800.77,614876.26,0,0
11,DEBIT,134710.96,C1003217,444856.86,310145.9,C3003217,529724.95,664435.91,0,0
30,DEBIT,178267.4,C1003218,218680.65,40413.25,C3003218,982468.85,1160736.25,0,0
2,TRANSFER,160796.55,C1003219,37672.06,37672.06,C3003219,747671.77,908468.32,1,0
28,CASH_IN,36889.8,C1003220,473319.36,436429.56,C3003220,575761.88,612651.68,0,0
23,DEBIT,59255.68,C1003221,460267.62,401011.94,C3003221,850812.67,910068.35,0,0
19,DEBIT,143437.88,C1003222,342216.34,198778.46,C3003222,155094.27,298532.15,0,0
19,CASH_IN,16945.68,C1003223,233946.26,217000.58,C3003223,15216.53,32162.21,0,0
5,CASH_IN,162391.15,C1003224,46429.74,46429.74,C3003224,690233.33,852624.48,0,0
19,PAYMENT,143809.5,C1003225,395374.06,251564.56,M2003225,98311.46,242120.96,0,0
2,TRANSFER,145948.37,C1003226,37738.96,37738.96,C3003226,115433.64,261382.01,0,0
10,CASH_IN,20138.25,C1003227,34300.49,14162.24,C3003227,744680.73,764818.98,0,0
25,CASH_IN,143580.33,C1003228,268691.92,125111.59,C3003228,270534.84,414115.17,0,0
2,CASH_OUT,135995.64,C1003229,80064.12,80064.12,C3003229,628631.22,764626.86,0,0
30,CASH_IN,166201.41,C1003230,3865.13,3865.13,C3003230,917406.93,1083608.34,0,0
11,TRANSFER,8415.03,C1003231,211556.72,203141.69,C3003231,316474.53,324889.56,0,0
18,DEBIT,4719.82,C1003232,68608.62,63888.8,C3003232,217144.16,221863.98,0,0
29,DEBIT,74664.12,C1003233,80257.71,5593.59,C3003233,106562.88,181227.0,0,0
24,DEBIT,29842.78,C1003234,38455.32,8612.54,C3003234,130462.36,160305.14,0,0
15,DEBIT,111721.06,C1003235,102546.88,102546.88,C3003235,62222.7,173943.76,0,0
9,CASH_OUT,183478.05,C1003236,357742.09,174264.04,C3003236,87642.38,271120.43,1,0
23,CASH_IN,78356.8,C1003237,404463.65,326106.85,C3003237,432004.59,510361.39,0,0
19,DEBIT,169005.58,C1003238,226266.82,57261.24,C3003238,320865.05,489870.63,0,0
9,PAYMENT,148.15,C1003239,253276.91,253128.76,M2003239,706560.81,706708.96,0,0
3,DEBIT,33786.08,C1003240,16327.52,16327.52,C3003240,870241.66,904027.74,0,0
21,CASH_IN,6181.67,C1003241,34658.13,28476.46,C3003241,784773.2,790954.87,0,0
9,DEBIT,65696.62,C1003242,128783.86,63087.24,C3003242,530637.26,596333.88,0,0
28,CASH_OUT,181647.1,C1003243,271949.21,90302.11,C3003243,102442.12,284089.22,1,0
30,TRANSFER,19480.73,C1003244,369775.57,350294.84,C3003244,709767.28,729248.01,0,0
14,TRANSFER,121321.31,C1003245,302501.53,181180.22,C3003245,362828.72,484150.03,0,0
19,CASH_IN,90354.04,C1003246,196063.93,105709.89,C3003246,85650.39,176004.43,0,0
7,TRANSFER,187699.8,C1003247,59162.04,59162.04,C3003247,842466.41,1030166.21,1,0
16,TRANSFER,24591.58,C1003248,390386.62,365795.04,C3003248,338216.52,362808.1,0,0
16,PAYMENT,42484.37,C1003249,181893.03,139408.66,M2003249,218248.83,260733.2,0,0
28,CASH_IN,6005.44,C1003250,368027.01,362021.57,C3003250,871452.06,877457.5,0,0
1,CASH_IN,86843.66,C1003251,256489.42,169645.76,C3003251,902133.87,988977.53,0,0
4,TRANSFER,55638.8,C1003252,369331.03,313692.23,C3003252,338970.84,394609.64,0,0
4,TRANSFER,173994.2,C1003253,453644.78,279650.58,C3003253,354801.42,528795.62,0,0
7,TRANSFER,121027.67,C1003254,460514.76,339487.09,C3003254,579628.53,700656.2,0,0
8,CASH_OUT,122856.74,C1003255,267553.39,144696.65,C3003255,733441.49,856298.23,0,0
17,DEBIT,106428.95,C1003256,255754.18,149325.23,C3003256,63149.2,169578.15,0,0
5,CASH_OUT,18460.88,C1003257,132839.23,114378.35,C3003257,593343.66,611804.54,0,0
7,CASH_IN,89059.23,C1003258,467899.92,378840.69,C3003258,952820.06,1041879.29,0,0
28,PAYMENT,199901.09,C1003259,228959.58,29058.49,M2003259,262093.9,461994.99,0,1
20,DEBIT,167062.34,C1003260,63795.62,63795.62,C3003260,908827.21,1075889.55,0,0
29,PAYMENT,178702.46,C1003261,216352.46,37650.0,M2003261,950168.34,1128870.8,0,0
20,CASH_IN,164662.95,C1003262,63526.63,63526.63,C3003262,269153.64,433816.59,0,0
4,CASH_IN,20698.03,C1003263,251265.84,230567.81,C3003263,754201.87,774899.9,0,0
28,PAYMENT,45566.91,C1003264,280637.76,235070.85,M2003264,238775.01,284341.92,0,0
6,PAYMENT,724.02,C1003265,168877.88,168153.86,M2003265,737611.16,738335.18,0,0
7,PAYMENT,60771.67,C1003266,35825.31,35825.31,M2003266,797419.97,858191.64,0,0
18,CASH_IN,21810.62,C1003267,471751.77,449941.15,C3003267,247205.7,269016.32,0,0
5,TRANSFER,94611.39,C1003268,386676.56,292065.17,C3003268,715869.54,810480.93,0,0
20,PAYMENT,135457.78,C1003269,419440.54,283982.76,M2003269,812104.54,947562.32,0,0
30,DEBIT,174913.61,C1003270,183434.2,8520.59,C3003270,358578.87,533492.48,0,0
29,CASH_IN,149868.51,C1003271,380415.52,230547.01,C3003271,167702.78,317571.29,0,0
3,CASH_OUT,187723.26,C1003272,242686.45,54963.19,C3003272,91964.57,279687.83,0,0
7,CASH_OUT,10874.27,C1003273,100541.74,89667.47,C3003273,575381.7,586255.97,0,0
27,DEBIT,2534.75,C1003274,62211.69,59676.94,C3003274,978098.12,980632.87,0,0
28,TRANSFER,132301.49,C1003275,172525.43,40223.94,C3003275,822950.32,955251.81,0,0
22,PAYMENT,57941.55,C1003276,68776.06,10834.51,M2003276,435839.64,493781.19,0,0
14,CASH_IN,50774.85,C1003277,499134.49,448359.64,C3003277,536620.9,587395.75,0,0
7,PAYMENT,66244.33,C1003278,24594.5,24594.5,M2003278,279527.89,345772.22,0,0
5,CASH_IN,54032.23,C1003279,220571.8,166539.57,C3003279,163065.87,217098.1,0,0
29,CASH_OUT,102336.14,C1003280,226046.76,123710.62,C3003280,482081.16,584417.3,0,0
22,PAYMENT,88085.67,C1003281,150315.96,62230.29,M2003281,463501.57,551587.24,0,0
5,DEBIT,102534.47,C1003282,285675.78,183141.31,C3003282,521929.95,624464.42,0,0
30,TRANSFER,134575.45,C1003283,74988.51,74988.51,C3003283,952804.59,1087380.04,0,0
23,DEBIT,77487.39,C1003284,391956.19,314468.8,C3003284,603895.3,681382.69,0,0
2,TRANSFER,50336.41,C1003285,166223.86,115887.45,C3003285,605771.84,656108.25,0,0
30,PAYMENT,33323.49,C1003286,295671.29,262347.8,M2003286,128024.76,161348.25,0,0
27,PAYMENT,69959.88,C1003287,357819.62,287859.74,M2003287,996488.87,1066448.75,0,0
21,TRANSFER,148387.11,C1003288,444521.06,296133.95,C3003288,772844.94,921232.05,0,0
22,CASH_OUT,151365.31,C1003289,417893.72,266528.41,C3003289,877203.34,1028568.65,1,0
6,CASH_IN,133414.39,C1003290,304154.51,170740.12,C3003290,414300.41,547714.8,0,0
15,DEBIT,46882.23,C1003291,194196.59,147314.36,C3003291,502128.1,549010.33,0,0
21,DEBIT,117658.44,C1003292,251602.34,133943.9,C3003292,522083.81,639742.25,0,0
10,DEBIT,114180.86,C1003293,384367.4,270186.54,C3003293,194094.54,308275.4,0,0
23,PAYMENT,96904.81,C1003294,438772.77,341867.96,M2003294,689489.16,786393.97,0,0
26,DEBIT,110040.8,C1003295,51890.96,51890.96,C3003295,902976.72,1013017.52,0,0
24,CASH_IN,98408.95,C1003296,192428.13,94019.18,C3003296,163705.82,262114.77,0,0
7,CASH_IN,113134.73,C1003297,388058.3,274923.57,C3003297,86318.27,199453.0,0,0
5,TRANSFER,143129.64,C1003298,215825.88,72696.24,C3003298,738218.91,881348.55,0,0
1,PAYMENT,22014.68,C1003299,166113.88,144099.2,M2003299,273201.83,295216.51,0,0
13,CASH_IN,149950.19,C1003300,205661.35,55711.16,C3003300,623862.54,773812.73,0,0
21,CASH_OUT,27263.64,C1003301,301422.37,274158.73,C3003301,695758.34,723021.98,0,0
26,PAYMENT,13418.94,C1003302,499902.57,486483.63,M2003302,321910.76,335329.7,0,0
18,PAYMENT,195218.33,C1003303,246496.21,51277.88,M2003303,815144.6,1010362.93,0,1
13,CASH_IN,191402.65,C1003304,104247.24,104247.24,C3003304,549988.98,741391.63,0,1
21,CASH_OUT,12181.27,C1003305,81423.29,69242.02,C3003305,868999.41,881180.68,0,0
21,TRANSFER,88706.36,C1003306,21174.87,21174.87,C3003306,763293.55,851999.91,0,0
18,CASH_IN,37330.36,C1003307,279408.62,242078.26,C3003307,868575.63,905905.99,0,0
5,CASH_OUT,97120.44,C1003308,272286.05,175165.61,C3003308,20161.38,117281.82,0,0
13,PAYMENT,166052.43,C1003309,102616.96,102616.96,M2003309,243506.26,409558.69,0,0
4,CASH_OUT,190127.29,C1003310,347664.7,157537.41,C3003310,90007.94,280135.23,1,1
17,PAYMENT,126887.11,C1003311,370553.52,243666.41,M2003311,442083.02,568970.13,0,0
3,CASH_IN,70845.74,C1003312,129549.1,58703.36,C3003312,889960.12,960805.86,0,0
17,CASH_IN,120704.78,C1003313,172049.88,51345.1,C3003313,467540.26,588245.04,0,0
28,DEBIT,62469.06,C1003314,495235.84,432766.78,C3003314,849713.04,912182.1,0,0
11,DEBIT,181973.75,C1003315,187132.23,5158.48,C3003315,327178.24,509151.99,0,0
21,DEBIT,174093.05,C1003316,380400.84,206307.79,C3003316,339570.07,513663.12,0,0
20,CASH_IN,111690.53,C1003317,226362.71,114672.18,C3003317,895561.73,1007252.26,0,0
23,TRANSFER,65027.3,C1003318,396672.41,331645.11,C3003318,425817.15,490844.45,0,0
21,CASH_IN,58748.6,C1003319,384511.62,325763.02,C3003319,789765.49,848514.09,0,0
26,CASH_OUT,6780.26,C1003320,333878.01,327097.75,C3003320,236643.55,243423.81,0,0
30,CASH_IN,163182.59,C1003321,427389.17,264206.58,C3003321,948800.83,1111983.42,0,0
4,CASH_IN,90131.6,C1003322,469609.25,379477.65,C3003322,574578.25,664709.85,0,0
2,PAYMENT,65094.07,C1003323,289991.66,224897.59,M2003323,759323.57,824417.64,0,0
20,PAYMENT,94274.96,C1003324,118734.45,24459.49,M2003324,89515.7,183790.66,0,0
16,PAYMENT,163765.72,C1003325,199314.48,35548.76,M2003325,492664.23,656429.95,0,0
28,CASH_IN,25010.38,C1003326,379152.86,354142.48,C3003326,901038.5,926048.88,0,0
18,TRANSFER,171545.43,C1003327,325441.74,153896.31,C3003327,877038.63,1048584.06,1,0
8,CASH_OUT,179512.02,C1003328,88899.17,88899.17,C3003328,46813.96,226325.98,0,0
3,CASH_OUT,189346.91,C1003329,25619.77,25619.77,C3003329,303698.47,493045.38,0,0
9,TRANSFER,79557.85,C1003330,341480.8,261922.95,C3003330,443320.01,522877.86,0,0
29,TRANSFER,43506.37,C1003331,125539.51,82033.14,C3003331,172264.81,215771.18,0,0
20,CASH_OUT,74790.8,C1003332,249835.12,175044.32,C3003332,729998.31,804789.11,0,0
29,DEBIT,66649.13,C1003333,373373.39,306724.26,C3003333,184512.0,251161.13,0,0
6,PAYMENT,35313.17,C1003334,281333.39,246020.22,M2003334,346639.69,381952.86,0,0
10,PAYMENT,121492.61,C1003335,41651.29,41651.29,M2003335,663280.64,784773.25,0,0
21,CASH_OUT,95377.17,C1003336,92790.12,92790.12,C3003336,482089.34,577466.51,0,0
10,TRANSFER,173153.63,C1003337,109664.09,109664.09,C3003337,738571.04,911724.67,0,0
13,DEBIT,6518.71,C1003338,128932.13,122413.42,C3003338,961207.9,967726.61,0,0
17,CASH_OUT,128809.2,C1003339,282701.7,153892.5,C3003339,116546.69,245355.89,0,0
9,PAYMENT,152613.48,C1003340,251982.89,99369.41,M2003340,709567.72,862181.2,0,0
17,CASH_IN,151921.37,C1003341,101580.02,101580.02,C3003341,230344.16,382265.53,0,0
24,TRANSFER,177226.19,C1003342,33777.42,33777.42,C3003342,414476.73,591702.92,0,0
9,CASH_IN,145833.85,C1003343,85716.1,85716.1,C3003343,32862.73,178696.58,0,0
9,CASH_OUT,185569.23,C1003344,492190.66,306621.43,C3003344,135907.38,321476.61,0,0
1,PAYMENT,66598.05,C1003345,234273.47,167675.42,M2003345,319777.29,386375.34,0,0
2,DEBIT,100691.56,C1003346,433672.75,332981.19,C3003346,341985.81,442677.37,0,0
28,CASH_IN,2914.52,C1003347,424376.23,421461.71,C3003347,899585.22,902499.74,0,0
16,DEBIT,1490.82,C1003348,255759.78,254268.96,C3003348,741812.91,743303.73,0,0
29,PAYMENT,48101.31,C1003349,353343.85,305242.54,M2003349,972182.97,1020284.28,0,0
1,CASH_IN,20251.36,C1003350,96376.01,76124.65,C3003350,599071.51,619322.87,0,0
10,DEBIT,52116.25,C1003351,344198.35,292082.1,C3003351,241713.73,293829.98,0,0
18,DEBIT,35490.95,C1003352,136192.29,100701.34,C3003352,327655.03,363145.98,0,0
26,CASH_IN,5801.15,C1003353,416031.05,410229.9,C3003353,319835.92,325637.07,0,0
28,PAYMENT,181869.9,C1003354,41862.07,41862.07,M2003354,326494.33,508364.23,0,0
8,DEBIT,1743.8,C1003355,386569.34,384825.54,C3003355,672964.17,674707.97,0,0
21,CASH_OUT,147242.82,C1003356,49968.45,49968.45,C3003356,530807.93,678050.75,0,0
28,CASH_IN,30514.36,C1003357,440594.62,410080.26,C3003357,385424.18,415938.54,0,0
11,TRANSFER,182454.7,C1003358,152102.26,152102.26,C3003358,149089.77,331544.47,1,0
23,TRANSFER,178569.91,C1003359,327196.68,148626.77,C3003359,22139.16,200709.07,1,0
2,PAYMENT,130814.84,C1003360,243751.14,112936.3,M2003360,218834.68,349649.52,0,0
8,CASH_OUT,134479.61,C1003361,183151.57,48671.96,C3003361,107471.4,241951.01,0,0
27,DEBIT,1167.29,C1003362,322720.92,321553.63,C3003362,785445.03,786612.32,0,0
22,TRANSFER,196975.83,C1003363,473761.49,276785.66,C3003363,112497.96,309473.79,1,1
8,PAYMENT,175578.74,C1003364,20634.87,20634.87,M2003364,724228.24,899806.98,0,0
17,CASH_OUT,179031.73,C1003365,459426.43,280394.7,C3003365,385658.69,564690.42,0,0
15,CASH_OUT,131882.98,C1003366,304540.83,172657.85,C3003366,73378.39,205261.37,0,0
17,PAYMENT,69022.91,C1003367,403657.15,334634.24,M2003367,812730.05,881752.96,0,0
28,PAYMENT,178740.36,C1003368,191937.48,13197.12,M2003368,579630.57,758370.93,0,0
23,DEBIT,58374.23,C1003369,235921.49,177547.26,C3003369,235761.51,294135.74,0,0
24,PAYMENT,112586.04,C1003370,434425.38,321839.34,M2003370,894681.17,1007267.21,0,0
13,DEBIT,20036.22,C1003371,207423.98,187387.76,C3003371,45258.31,65294.53,0,0
19,DEBIT,184398.93,C1003372,267329.78,82930.85,C3003372,201819.61,386218.54,0,0
5,CASH_IN,28240.01,C1003373,10097.46,10097.46,C3003373,752046.93,780286.94,0,0
12,CASH_OUT,45056.87,C1003374,79299.0,34242.13,C3003374,709377.93,754434.8,0,0
1,CASH_OUT,111671.02,C1003375,320843.25,209172.23,C3003375,289271.69,400942.71,0,0
23,CASH_OUT,152842.19,C1003376,358488.45,205646.26,C3003376,62024.88,214867.07,1,0
5,CASH_IN,123908.33,C1003377,291300.47,167392.14,C3003377,858078.07,981986.4,0,0
8,DEBIT,46503.57,C1003378,71655.02,25151.45,C3003378,313697.64,360201.21,0,0
13,DEBIT,288.51,C1003379,222702.71,222414.2,C3003379,195713.41,196001.92,0,0
8,PAYMENT,151454.4,C1003380,177547.38,26092.98,M2003380,516061.82,667516.22,0,0
25,CASH_IN,197042.94,C1003381,247830.67,50787.73,C3003381,910227.2,1107270.14,0,1
23,PAYMENT,162001.63,C1003382,435164.52,273162.89,M2003382,43546.58,205548.21,0,0
11,CASH_IN,92095.3,C1003383,387930.72,295835.42,C3003383,765804.09,857899.39,0,0
1,PAYMENT,180763.08,C1003384,41994.75,41994.75,M2003384,572473.23,753236.31,0,0
13,TRANSFER,82028.55,C1003385,445154.6,363126.05,C3003385,425449.12,507477.67,0,0
19,CASH_OUT,105034.32,C1003386,235883.58,130849.26,C3003386,744080.44,849114.76,0,0
24,CASH_OUT,95478.24,C1003387,371931.07,276452.83,C3003387,965824.42,1061302.66,0,0
3,DEBIT,89580.01,C1003388,70019.62,70019.62,C3003388,229206.21,318786.22,0,0
24,TRANSFER,155060.63,C1003389,335359.76,180299.13,C3003389,143647.37,298708.0,1,0
17,CASH_OUT,105401.1,C1003390,118163.01,12761.91,C3003390,912881.75,1018282.85,0,0
5,DEBIT,63411.75,C1003391,219190.45,155778.7,C3003391,668953.08,732364.83,0,0
20,TRANSFER,51705.82,C1003392,8431.44,8431.44,C3003392,437986.02,489691.84,0,0
21,CASH_OUT,7645.69,C1003393,75805.32,68159.63,C3003393,573259.57,580905.26,0,0
8,PAYMENT,116680.71,C1003394,46040.25,46040.25,M2003394,745613.91,862294.62,0,0
26,CASH_IN,46069.29,C1003395,119872.09,73802.8,C3003395,773031.9,819101.19,0,0
14,TRANSFER,29711.97,C1003396,50009.05,20297.08,C3003396,919894.18,949606.15,0,0
4,DEBIT,130800.61,C1003397,345955.01,215154.4,C3003397,426842.79,557643.4,0,0
11,TRANSFER,136273.73,C1003398,14519.95,14519.95,C3003398,293410.91,429684.64,0,0
20,DEBIT,150455.76,C1003399,308870.25,158414.49,C3003399,639664.27,790120.03,0,0
15,TRANSFER,100765.02,C1003400,70353.92,70353.92,C3003400,415727.9,516492.92,0,0
19,DEBIT,178821.52,C1003401,472580.73,293759.21,C3003401,594598.45,773419.97,0,0
7,CASH_OUT,187274.92,C1003402,466547.04,279272.12,C3003402,419985.8,607260.72,1,0
19,PAYMENT,161493.45,C1003403,112751.55,112751.55,M2003403,152995.79,314489.24,0,0
28,CASH_OUT,127155.14,C1003404,307210.65,180055.51,C3003404,469426.75,596581.89,0,0
19,PAYMENT,60813.82,C1003405,14002.66,14002.66,M2003405,690917.82,751731.64,0,0
11,CASH_OUT,196590.69,C1003406,465894.27,269303.58,C3003406,799283.81,995874.5,1,1
26,CASH_OUT,54899.82,C1003407,261493.65,206593.83,C3003407,493326.28,548226.1,0,0
5,TRANSFER,40611.12,C1003408,21611.58,21611.58,C3003408,165237.89,205849.01,0,0
5,CASH_IN,88486.61,C1003409,171250.0,82763.39,C3003409,414687.71,503174.32,0,0
30,DEBIT,11462.43,C1003410,38424.73,26962.3,C3003410,786293.93,797756.36,0,0
22,DEBIT,195701.04,C1003411,196472.22,771.18,C3003411,412859.27,608560.31,0,1
8,DEBIT,117727.87,C1003412,334963.17,217235.3,C3003412,696530.79,814258.66,0,0
10,PAYMENT,111434.72,C1003413,234944.95,123510.23,M2003413,507213.68,618648.4,0,0
6,DEBIT,131193.68,C1003414,191861.09,60667.41,C3003414,241223.13,372416.81,0,0
15,DEBIT,99455.03,C1003415,59578.52,59578.52,C3003415,796150.51,895605.54,0,0
16,TRANSFER,6509.5,C1003416,122469.52,115960.02,C3003416,84213.45,90722.95,0,0
28,CASH_OUT,122501.03,C1003417,50071.64,50071.64,C3003417,524890.28,647391.31,0,0
17,DEBIT,143263.16,C1003418,403749.37,260486.21,C3003418,208891.03,352154.19,0,0
8,CASH_IN,83408.14,C1003419,67619.91,67619.91,C3003419,67065.63,150473.77,0,0
8,DEBIT,151483.38,C1003420,297686.68,146203.3,C3003420,502933.94,654417.32,0,0
25,PAYMENT,45477.56,C1003421,171370.21,125892.65,M2003421,499562.16,545039.72,0,0
9,PAYMENT,44333.19,C1003422,112989.19,68656.0,M2003422,706900.9,751234.09,0,0
2,PAYMENT,32367.26,C1003423,319734.22,287366.96,M2003423,744750.69,777117.95,0,0
15,DEBIT,74461.75,C1003424,228501.15,154039.4,C3003424,727791.49,802253.24,0,0
18,TRANSFER,169417.71,C1003425,200072.73,30655.02,C3003425,409558.73,578976.44,1,0
3,CASH_IN,165599.62,C1003426,296426.0,130826.38,C3003426,631689.79,797289.41,0,0
17,DEBIT,76626.56,C1003427,245633.81,169007.25,C3003427,576945.24,653571.8,0,0
4,TRANSFER,117864.84,C1003428,151742.1,33877.26,C3003428,421561.76,539426.6,0,0
30,TRANSFER,144191.18,C1003429,279530.64,135339.46,C3003429,597212.69,741403.87,0,0
4,DEBIT,48317.23,C1003430,334749.29,286432.06,C3003430,947247.88,995565.11,0,0
14,DEBIT,33711.4,C1003431,13346.58,13346.58,C3003431,192893.74,226605.14,0,0
9,TRANSFER,194421.99,C1003432,232935.86,38513.87,C3003432,905772.1,1100194.09,1,1
9,TRANSFER,123549.71,C1003433,28841.64,28841.64,C3003433,53455.51,177005.22,0,0
25,TRANSFER,196285.0,C1003434,93202.71,93202.71,C3003434,308389.21,504674.21,1,1
26,DEBIT,67617.42,C1003435,280254.37,212636.95,C3003435,288145.25,355762.67,0,0
23,TRANSFER,140636.04,C1003436,433094.46,292458.42,C3003436,626365.11,767001.15,0,0
30,PAYMENT,44598.47,C1003437,441402.84,396804.37,M2003437,131224.95,175823.42,0,0
18,DEBIT,52313.91,C1003438,34972.01,34972.01,C3003438,882347.61,934661.52,0,0
10,PAYMENT,102429.23,C1003439,209552.54,107123.31,M2003439,828551.41,930980.64,0,0
21,CASH_OUT,63991.66,C1003440,291503.24,227511.58,C3003440,652065.82,716057.48,0,0
4,DEBIT,33607.55,C1003441,73534.95,39927.4,C3003441,458413.83,492021.38,0,0
12,CASH_OUT,52649.85,C1003442,382716.11,330066.26,C3003442,932956.04,985605.89,0,0
27,TRANSFER,7246.1,C1003443,372117.63,364871.53,C3003443,830746.55,837992.65,0,0
8,TRANSFER,140914.28,C1003444,451670.51,310756.23,C3003444,499315.15,640229.43,0,0
2,CASH_IN,98474.12,C1003445,4243.01,4243.01,C3003445,701873.35,800347.47,0,0
22,TRANSFER,18939.19,C1003446,108342.12,89402.93,C3003446,566929.95,585869.14,0,0
13,CASH_OUT,34421.63,C1003447,413593.36,379171.73,C3003447,587942.24,622363.87,0,0
21,TRANSFER,20596.65,C1003448,335290.03,314693.38,C3003448,330976.07,351572.72,0,0
16,DEBIT,122557.3,C1003449,447194.93,324637.63,C3003449,462084.6,584641.9,0,0
28,TRANSFER,18932.65,C1003450,28589.83,9657.18,C3003450,78121.43,97054.08,0,0
2,CASH_IN,150881.04,C1003451,298481.98,147600.94,C3003451,357348.69,508229.73,0,0
11,TRANSFER,4200.13,C1003452,284523.29,280323.16,C3003452,695828.52,700028.65,0,0
10,CASH_OUT,49950.22,C1003453,17837.21,17837.21,C3003453,953216.03,1003166.25,0,0
15,CASH_OUT,178144.27,C1003454,256761.04,78616.77,C3003454,963064.11,1141208.38,1,0
17,TRANSFER,143734.41,C1003455,304760.16,161025.75,C3003455,555722.87,699457.28,0,0
8,CASH_OUT,14686.37,C1003456,95646.59,80960.22,C3003456,606622.25,621308.62,0,0
18,CASH_OUT,164243.11,C1003457,136664.79,136664.79,C3003457,185721.19,349964.3,0,0
23,CASH_IN,98657.72,C1003458,320173.67,221515.95,C3003458,695308.11,793965.83,0,0
9,DEBIT,169371.93,C1003459,234150.47,64778.54,C3003459,70658.79,240030.72,0,0
25,CASH_IN,120187.88,C1003460,429006.83,308818.95,C3003460,284685.69,404873.57,0,0
8,PAYMENT,136398.42,C1003461,171190.88,34792.46,M2003461,668363.35,804761.77,0,0
27,CASH_IN,198700.96,C1003462,133329.83,133329.83,C3003462,310310.13,509011.09,0,1
14,TRANSFER,46543.88,C1003463,492432.97,445889.09,C3003463,49846.87,96390.75,0,0
28,DEBIT,124826.72,C1003464,455567.89,330741.17,C3003464,831870.41,956697.13,0,0
26,TRANSFER,92118.25,C1003465,14496.37,14496.37,C3003465,310330.01,402448.26,0,0
25,PAYMENT,7986.45,C1003466,385364.31,377377.86,M2003466,63105.22,71091.67,0,0
18,DEBIT,2992.68,C1003467,55167.39,52174.71,C3003467,74788.16,77780.84,0,0
22,CASH_OUT,23933.79,C1003468,13742.6,13742.6,C3003468,251758.8,275692.59,0,0
20,CASH_IN,129853.44,C1003469,136847.76,6994.32,C3003469,178015.95,307869.39,0,0
30,TRANSFER,113475.9,C1003470,134672.94,21197.04,C3003470,774300.12,887776.02,0,0
20,PAYMENT,110730.57,C1003471,409659.38,298928.81,M2003471,321684.05,432414.62,0,0
21,CASH_OUT,6468.17,C1003472,355333.62,348865.45,C3003472,804695.79,811163.96,0,0
12,CASH_IN,93913.67,C1003473,490804.71,396891.04,C3003473,173846.0,267759.67,0,0
19,CASH_OUT,184932.1,C1003474,355756.45,170824.35,C3003474,492879.18,677811.28,1,0
14,CASH_IN,79578.61,C1003475,209127.78,129549.17,C3003475,688037.13,767615.74,0,0
17,DEBIT,125022.0,C1003476,349463.83,224441.83,C3003476,651990.85,777012.85,0,0
24,CASH_OUT,155985.75,C1003477,499729.53,343743.78,C3003477,601129.41,757115.16,1,0
21,CASH_OUT,156806.66,C1003478,355070.94,198264.28,C3003478,924821.6,1081628.26,1,0
3,CASH_OUT,103904.09,C1003479,380840.68,276936.59,C3003479,228525.15,332429.24,0,0
26,DEBIT,171604.59,C1003480,469182.51,297577.92,C3003480,493719.2,665323.79,0,0
30,PAYMENT,78336.48,C1003481,56825.63,56825.63,M2003481,883992.55,962329.03,0,0
23,CASH_IN,177749.77,C1003482,352392.15,174642.38,C3003482,77893.77,255643.54,0,0
7,CASH_OUT,48121.41,C1003483,425402.98,377281.57,C3003483,55888.27,104009.68,0,0
17,DEBIT,56115.26,C1003484,477189.3,421074.04,C3003484,233302.29,289417.55,0,0
12,PAYMENT,10718.81,C1003485,105484.64,94765.83,M2003485,633021.22,643740.03,0,0
9,CASH_IN,159136.81,C1003486,251964.5,92827.69,C3003486,259879.63,419016.44,0,0
15,DEBIT,83469.34,C1003487,340277.42,256808.08,C3003487,190239.88,273709.22,0,0
18,CASH_IN,45900.41,C1003488,123733.86,77833.45,C3003488,458802.32,504702.73,0,0
21,CASH_OUT,46434.88,C1003489,300236.43,253801.55,C3003489,613598.07,660032.95,0,0
13,PAYMENT,180289.85,C1003490,128789.39,128789.39,M2003490,248557.71,428847.56,0,0
30,DEBIT,166799.93,C1003491,166728.51,166728.51,C3003491,300691.19,467491.12,0,0
21,PAYMENT,110750.82,C1003492,220759.35,110008.53,M2003492,613559.3,724310.12,0,0
30,CASH_OUT,123260.55,C1003493,264595.05,141334.5,C3003493,945738.42,1068998.97,0,0
8,PAYMENT,94917.68,C1003494,224682.94,129765.26,M2003494,674741.73,769659.41,0,0
14,PAYMENT,78394.14,C1003495,246597.76,168203.62,M2003495,782904.14,861298.28,0,0
8,TRANSFER,183103.83,C1003496,149294.38,149294.38,C3003496,366810.09,549913.92,1,0
14,PAYMENT,25209.98,C1003497,79482.55,54272.57,M2003497,272254.36,297464.34,0,0
7,CASH_IN,83747.51,C1003498,23674.99,23674.99,C3003498,454267.74,538015.25,0,0
23,DEBIT,68977.93,C1003499,97989.36,29011.43,C3003499,807132.83,876110.76,0,0
12,TRANSFER,99680.33,C1003500,290971.82,191291.49,C3003500,456299.64,555979.97,0,0
11,DEBIT,91580.61,C1003501,393057.72,301477.11,C3003501,846725.41,938306.02,0,0
22,DEBIT,103826.02,C1003502,84623.8,84623.8,C3003502,988771.98,1092598.0,0,0
22,CASH_OUT,28069.8,C1003503,54277.68,26207.88,C3003503,72026.67,100096.47,0,0
11,CASH_OUT,102676.99,C1003504,374645.18,271968.19,C3003504,45410.16,148087.15,0,0
25,TRANSFER,48559.52,C1003505,152579.17,104019.65,C3003505,149589.7,198149.22,0,0
22,CASH_OUT,36947.84,C1003506,475749.72,438801.88,C3003506,384369.68,421317.52,0,0
28,CASH_OUT,13060.36,C1003507,357158.99,344098.63,C3003507,131042.21,144102.57,0,0
29,CASH_OUT,152554.25,C1003508,163378.02,10823.77,C3003508,870664.48,1023218.73,1,0
13,DEBIT,85545.64,C1003509,144771.37,59225.73,C3003509,23146.25,108691.89,0,0
18,TRANSFER,125366.07,C1003510,261849.19,136483.12,C3003510,315792.72,441158.79,0,0
2,DEBIT,145545.91,C1003511,39572.33,39572.33,C3003511,184694.63,330240.54,0,0
29,CASH_IN,135895.4,C1003512,58838.26,58838.26,C3003512,931539.33,1067434.73,0,0
21,DEBIT,94153.09,C1003513,87928.94,87928.94,C3003513,669481.0,763634.09,0,0
15,CASH_IN,77640.92,C1003514,387361.8,309720.88,C3003514,912030.26,989671.18,0,0
20,PAYMENT,75254.39,C1003515,256928.68,181674.29,M2003515,972328.71,1047583.1,0,0
27,PAYMENT,128045.75,C1003516,5283.56,5283.56,M2003516,497098.24,625143.99,0,0
18,CASH_IN,99009.39,C1003517,336758.26,237748.87,C3003517,234319.11,333328.5,0,0
15,CASH_IN,169841.54,C1003518,211845.09,42003.55,C3003518,193728.79,363570.33,0,0
19,DEBIT,174952.93,C1003519,255426.18,80473.25,C3003519,222918.86,397871.79,0,0
23,CASH_IN,34195.02,C1003520,107058.12,72863.1,C3003520,708593.31,742788.33,0,0
24,TRANSFER,27333.11,C1003521,275891.11,248558.0,C3003521,40445.73,67778.84,0,0
12,PAYMENT,126117.15,C1003522,489576.62,363459.47,M2003522,51361.07,177478.22,0,0
13,PAYMENT,60315.03,C1003523,36722.35,36722.35,M2003523,608142.94,668457.97,0,0
22,CASH_IN,3812.29,C1003524,141958.7,138146.41,C3003524,642057.15,645869.44,0,0
11,CASH_OUT,177739.67,C1003525,121498.8,121498.8,C3003525,665262.92,843002.59,1,0
5,CASH_OUT,45457.46,C1003526,124274.66,78817.2,C3003526,371880.5,417337.96,0,0
29,CASH_IN,185863.2,C1003527,189353.18,3489.98,C3003527,805944.89,991808.09,0,0
1,TRANSFER,143515.15,C1003528,409054.89,265539.74,C3003528,533624.59,677139.74,0,0
24,CASH_OUT,152554.43,C1003529,456429.34,303874.91,C3003529,105465.63,258020.06,1,0
3,CASH_IN,40372.15,C1003530,101107.54,60735.39,C3003530,797099.31,837471.46,0,0
22,TRANSFER,46915.47,C1003531,271474.97,224559.5,C3003531,953067.79,999983.26,0,0
19,TRANSFER,104301.42,C1003532,318449.49,214148.07,C3003532,60036.31,164337.73,0,0
23,DEBIT,34502.76,C1003533,260913.74,226410.98,C3003533,391351.34,425854.1,0,0
29,TRANSFER,61155.8,C1003534,217038.2,155882.4,C3003534,487516.04,548671.84,0,0
30,CASH_OUT,64360.35,C1003535,95987.75,31627.4,C3003535,146470.76,210831.11,0,0
7,CASH_OUT,32010.02,C1003536,244109.68,212099.66,C3003536,867708.95,899718.97,0,0
12,CASH_IN,41116.05,C1003537,200607.41,159491.36,C3003537,284149.64,325265.69,0,0
15,CASH_IN,157731.51,C1003538,397781.68,240050.17,C3003538,783008.54,940740.05,0,0
25,TRANSFER,33522.45,C1003539,381802.18,348279.73,C3003539,670994.48,704516.93,0,0
5,PAYMENT,5788.63,C1003540,66999.34,61210.71,M2003540,598045.82,603834.45,0,0
15,DEBIT,125908.05,C1003541,44259.53,44259.53,C3003541,192142.85,318050.9,0,0
8,PAYMENT,195199.03,C1003542,454076.97,258877.94,M2003542,220703.52,415902.55,0,1
10,TRANSFER,66309.64,C1003543,267754.19,201444.55,C3003543,47348.4,113658.04,0,0
26,TRANSFER,23819.28,C1003544,428900.47,405081.19,C3003544,240712.43,264531.71,0,0
16,PAYMENT,114120.43,C1003545,29075.56,29075.56,M2003545,345443.61,459564.04,0,0
8,DEBIT,181280.21,C1003546,263257.81,81977.6,C3003546,833145.3,1014425.51,0,0
1,PAYMENT,156833.95,C1003547,269713.26,112879.31,M2003547,366392.67,523226.62,0,0
12,CASH_IN,124540.92,C1003548,430351.02,305810.1,C3003548,754621.78,879162.7,0,0
5,CASH_OUT,63079.79,C1003549,48805.0,48805.0,C3003549,439442.28,502522.07,0,0
3,CASH_IN,108421.85,C1003550,120222.78,11800.93,C3003550,784868.31,893290.16,0,0
1,CASH_OUT,18339.84,C1003551,203269.16,184929.32,C3003551,976271.6,994611.44,0,0
4,TRANSFER,135821.19,C1003552,432920.74,297099.55,C3003552,239841.56,375662.75,0,0
8,DEBIT,145046.69,C1003553,469441.66,324394.97,C3003553,862341.61,1007388.3,0,0
3,PAYMENT,193009.82,C1003554,496362.31,303352.49,M2003554,621824.09,814833.91,0,1
10,DEBIT,52153.43,C1003555,479596.74,427443.31,C3003555,817294.26,869447.69,0,0
2,PAYMENT,3789.44,C1003556,2970.88,2970.88,M2003556,651585.9,655375.34,0,0
11,CASH_IN,109167.13,C1003557,23854.17,23854.17,C3003557,423949.51,533116.64,0,0
25,CASH_IN,141387.42,C1003558,73803.41,73803.41,C3003558,228074.94,369462.36,0,0
10,PAYMENT,158102.45,C1003559,174431.05,16328.6,M2003559,70035.23,228137.68,0,0
21,DEBIT,38828.41,C1003560,414959.02,376130.61,C3003560,535518.36,574346.77,0,0
14,PAYMENT,52424.4,C1003561,446328.1,393903.7,M2003561,990326.09,1042750.49,0,0
7,TRANSFER,102566.93,C1003562,93417.2,93417.2,C3003562,738041.81,840608.74,0,0
27,CASH_IN,66187.1,C1003563,309832.08,243644.98,C3003563,327345.54,393532.64,0,0
27,TRANSFER,172116.25,C1003564,458680.99,286564.74,C3003564,827204.8,999321.05,1,0
2,CASH_IN,94804.65,C1003565,231865.87,137061.22,C3003565,768984.0,863788.65,0,0
9,CASH_IN,159935.77,C1003566,51771.79,51771.79,C3003566,281635.79,441571.56,0,0
16,CASH_OUT,116165.89,C1003567,228906.83,112740.94,C3003567,14307.49,130473.38,0,0
13,TRANSFER,154640.72,C1003568,187897.45,33256.73,C3003568,118162.64,272803.36,1,0
9,TRANSFER,66601.33,C1003569,288829.0,222227.67,C3003569,877306.19,943907.52,0,0
20,CASH_OUT,166300.18,C1003570,219329.34,53029.16,C3003570,836563.04,1002863.22,0,0
4,DEBIT,54987.01,C1003571,8672.96,8672.96,C3003571,295209.0,350196.01,0,0
22,TRANSFER,109265.15,C1003572,496998.87,387733.72,C3003572,285195.43,394460.58,0,0
10,PAYMENT,42880.02,C1003573,271770.12,228890.1,M2003573,792864.99,835745.01,0,0
26,CASH_OUT,95157.75,C1003574,236815.38,141657.63,C3003574,937737.47,1032895.22,0,0
26,TRANSFER,63703.22,C1003575,477308.69,413605.47,C3003575,779137.26,842840.48,0,0
22,DEBIT,53414.02,C1003576,77930.18,24516.16,C3003576,605578.68,658992.7,0,0
12,TRANSFER,193400.31,C1003577,94618.8,94618.8,C3003577,242671.35,436071.66,0,1
17,CASH_IN,32098.81,C1003578,404007.37,371908.56,C3003578,525747.91,557846.72,0,0
14,PAYMENT,157486.43,C1003579,130415.54,130415.54,M2003579,233511.86,390998.29,0,0
14,CASH_OUT,196834.58,C1003580,399613.55,202778.97,C3003580,808011.42,1004846.0,1,1
25,CASH_IN,4078.31,C1003581,135766.74,131688.43,C3003581,386961.08,391039.39,0,0
2,DEBIT,139835.58,C1003582,16593.82,16593.82,C3003582,833697.22,973532.8,0,0
21,CASH_IN,50657.07,C1003583,258507.36,207850.29,C3003583,381609.22,432266.29,0,0
25,CASH_IN,8193.52,C1003584,98343.22,90149.7,C3003584,824149.41,832342.93,0,0
20,DEBIT,80637.63,C1003585,378923.15,298285.52,C3003585,333317.82,413955.45,0,0
11,CASH_IN,187050.04,C1003586,320599.82,133549.78,C3003586,440132.7,627182.74,0,0
16,CASH_OUT,2451.84,C1003587,461801.33,459349.49,C3003587,615488.42,617940.26,0,0
19,TRANSFER,117618.35,C1003588,391494.18,273875.83,C3003588,70287.61,187905.96,0,0
23,CASH_IN,100329.16,C1003589,90387.98,90387.98,C3003589,948207.06,1048536.22,0,0
6,CASH_OUT,174689.49,C1003590,400079.12,225389.63,C3003590,573605.79,748295.28,0,0
24,TRANSFER,16891.94,C1003591,320868.52,303976.58,C3003591,507820.01,524711.95,0,0
19,TRANSFER,136337.05,C1003592,334475.82,198138.77,C3003592,839393.97,975731.02,0,0
5,CASH_IN,136053.93,C1003593,416131.44,280077.51,C3003593,865762.73,1001816.66,0,0
26,CASH_OUT,133849.1,C1003594,286912.03,153062.93,C3003594,522260.4,656109.5,0,0
4,CASH_IN,188472.67,C1003595,233001.76,44529.09,C3003595,927262.33,1115735.0,0,0
15,DEBIT,164635.2,C1003596,318320.52,153685.32,C3003596,64737.77,229372.97,0,0
29,TRANSFER,8490.35,C1003597,148978.71,140488.36,C3003597,113225.79,121716.14,0,0
4,CASH_IN,94269.46,C1003598,91298.57,91298.57,C3003598,596788.23,691057.69,0,0
20,TRANSFER,79650.82,C1003599,308293.92,228643.1,C3003599,354065.86,433716.68,0,0
10,CASH_OUT,62098.43,C1003600,116924.18,54825.75,C3003600,464225.17,526323.6,0,0
24,PAYMENT,90322.21,C1003601,39957.55,39957.55,M2003601,328079.22,418401.43,0,0
22,CASH_IN,76900.42,C1003602,277.09,277.09,C3003602,404725.31,481625.73,0,0
3,CASH_IN,86523.55,C1003603,304159.7,217636.15,C3003603,822646.35,909169.9,0,0
26,TRANSFER,195854.45,C1003604,181074.39,181074.39,C3003604,593476.2,789330.65,1,1
5,CASH_OUT,17817.73,C1003605,376155.49,358337.76,C3003605,997344.55,1015162.28,0,0
6,DEBIT,184453.95,C1003606,187588.2,3134.25,C3003606,786879.2,971333.15,0,0
21,CASH_OUT,96099.32,C1003607,243001.72,146902.4,C3003607,273666.25,369765.57,0,0
22,CASH_IN,124786.07,C1003608,203542.49,78756.42,C3003608,264345.12,389131.19,0,0
8,DEBIT,166053.58,C1003609,325287.4,159233.82,C3003609,335898.27,501951.85,0,0
7,CASH_OUT,72156.56,C1003610,178069.58,105913.02,C3003610,843259.48,915416.04,0,0
21,PAYMENT,86141.34,C1003611,481883.82,395742.48,M2003611,27287.65,113428.99,0,0
10,TRANSFER,81962.74,C1003612,468073.49,386110.75,C3003612,230181.28,312144.02,0,0
6,CASH_OUT,75008.73,C1003613,424013.95,349005.22,C3003613,904918.42,979927.15,0,0
14,CASH_OUT,185113.31,C1003614,460150.14,275036.83,C3003614,639896.44,825009.75,1,0
4,PAYMENT,165803.09,C1003615,224569.84,58766.75,M2003615,226847.1,392650.19,0,0
28,CASH_IN,21889.1,C1003616,268215.2,246326.1,C3003616,219144.97,241034.07,0,0
25,TRANSFER,21713.86,C1003617,371046.3,349332.44,C3003617,862618.1,884331.96,0,0
13,CASH_OUT,85631.12,C1003618,348072.96,262441.84,C3003618,893757.51,979388.63,0,0
20,DEBIT,19821.61,C1003619,445339.3,425517.69,C3003619,256131.09,275952.7,0,0
17,CASH_OUT,123856.71,C1003620,358165.51,234308.8,C3003620,420510.36,544367.07,0,0
23,TRANSFER,28823.95,C1003621,498942.35,470118.4,C3003621,834595.74,863419.69,0,0
7,CASH_OUT,104522.42,C1003622,174252.9,69730.48,C3003622,771007.44,875529.86,0,0
4,PAYMENT,1543.27,C1003623,416498.87,414955.6,M2003623,813916.11,815459.38,0,0
29,CASH_OUT,63387.61,C1003624,348817.41,285429.8,C3003624,518398.19,581785.8,0,0
14,CASH_OUT,135470.43,C1003625,345693.22,210222.79,C3003625,911549.05,1047019.48,0,0
3,DEBIT,96859.38,C1003626,162917.8,66058.42,C3003626,325951.54,422810.92,0,0
24,PAYMENT,195656.07,C1003627,392800.9,197144.83,M2003627,156672.13,352328.2,0,1
5,PAYMENT,174833.35,C1003628,450188.01,275354.66,M2003628,708732.33,883565.68,0,0
16,CASH_OUT,71878.25,C1003629,109274.23,37395.98,C3003629,539354.42,611232.67,0,0
26,DEBIT,9192.76,C1003630,312748.42,303555.66,C3003630,854585.77,863778.53,0,0
23,CASH_OUT,169140.7,C1003631,196067.41,26926.71,C3003631,81159.25,250299.95,1,0
20,CASH_OUT,182255.74,C1003632,494774.06,312518.32,C3003632,843692.4,1025948.14,1,0
4,TRANSFER,164143.42,C1003633,239416.41,75272.99,C3003633,293294.65,457438.07,0,0
24,TRANSFER,25677.19,C1003634,114160.09,88482.9,C3003634,654855.67,680532.86,0,0
30,DEBIT,199583.24,C1003635,190928.81,190928.81,C3003635,40128.79,239712.03,0,1
24,CASH_IN,51790.99,C1003636,326919.19,275128.2,C3003636,609581.3,661372.29,0,0
2,TRANSFER,144868.56,C1003637,38044.69,38044.69,C3003637,717271.69,862140.25,0,0
30,CASH_IN,181616.17,C1003638,301800.96,120184.79,C3003638,368750.21,550366.38,0,0
18,PAYMENT,47213.85,C1003639,465612.38,418398.53,M2003639,215410.71,262624.56,0,0
19,TRANSFER,181660.89,C1003640,425181.39,243520.5,C3003640,537630.68,719291.57,1,0
28,TRANSFER,61965.37,C1003641,33836.77,33836.77,C3003641,833190.8,895156.17,0,0
28,DEBIT,195285.0,C1003642,496694.94,301409.94,C3003642,323547.36,518832.36,0,1
19,CASH_IN,56323.88,C1003643,349363.46,293039.58,C3003643,252469.3,308793.18,0,0
17,TRANSFER,190691.82,C1003644,81140.41,81140.41,C3003644,278935.31,469627.13,1,1
14,TRANSFER,10803.58,C1003645,6208.04,6208.04,C3003645,949132.15,959935.73,0,0
19,DEBIT,141883.48,C1003646,85641.32,85641.32,C3003646,359276.92,501160.4,0,0
22,DEBIT,106469.02,C1003647,419087.96,312618.94,C3003647,3604.24,110073.26,0,0
24,CASH_IN,95627.63,C1003648,10819.66,10819.66,C3003648,781681.21,877308.84,0,0
13,PAYMENT,44776.51,C1003649,116573.65,71797.14,M2003649,699274.8,744051.31,0,0
12,PAYMENT,141148.6,C1003650,378652.8,237504.2,M2003650,128568.26,269716.86,0,0
30,CASH_OUT,38242.82,C1003651,293055.27,254812.45,C3003651,984904.25,1023147.07,0,0
26,TRANSFER,110613.08,C1003652,391367.86,280754.78,C3003652,608062.29,718675.37,0,0
6,CASH_IN,50723.75,C1003653,373075.25,322351.5,C3003653,500779.49,551503.24,0,0
21,TRANSFER,191128.71,C1003654,25300.69,25300.69,C3003654,382219.27,573347.98,0,1
4,CASH_IN,5823.38,C1003655,446255.71,440432.33,C3003655,898672.76,904496.14,0,0
19,CASH_IN,40025.68,C1003656,113515.92,73490.24,C3003656,243963.48,283989.16,0,0
16,CASH_IN,48537.89,C1003657,276696.22,228158.33,C3003657,285768.9,334306.79,0,0
13,TRANSFER,82872.16,C1003658,322144.08,239271.92,C3003658,122410.81,205282.97,0,0
4,DEBIT,46622.78,C1003659,84314.11,37691.33,C3003659,759119.1,805741.88,0,0
30,TRANSFER,98320.68,C1003660,488115.63,389794.95,C3003660,595549.28,693869.96,0,0
23,CASH_IN,174505.86,C1003661,244077.98,69572.12,C3003661,609066.17,783572.03,0,0
17,CASH_OUT,142441.48,C1003662,28821.35,28821.35,C3003662,218470.43,360911.91,0,0
23,PAYMENT,116034.4,C1003663,468631.02,352596.62,M2003663,651168.39,767202.79,0,0
1,CASH_IN,17891.74,C1003664,293133.92,275242.18,C3003664,765458.45,783350.19,0,0
18,CASH_OUT,138829.02,C1003665,349596.6,210767.58,C3003665,357888.53,496717.55,0,0
20,DEBIT,33366.22,C1003666,262587.89,229221.67,C3003666,801347.14,834713.36,0,0
17,CASH_IN,157294.84,C1003667,417368.98,260074.14,C3003667,348790.59,506085.43,0,0
27,CASH_OUT,50086.35,C1003668,16566.73,16566.73,C3003668,758138.46,808224.81,0,0
28,CASH_IN,83468.04,C1003669,134189.18,50721.14,C3003669,33730.11,117198.15,0,0
27,TRANSFER,70158.99,C1003670,234824.18,164665.19,C3003670,551164.6,621323.59,0,0
15,CASH_OUT,171776.9,C1003671,38301.81,38301.81,C3003671,969526.56,1141303.46,0,0
11,TRANSFER,25396.24,C1003672,352953.33,327557.09,C3003672,981244.6,1006640.84,0,0
25,TRANSFER,113172.41,C1003673,196831.71,83659.3,C3003673,281752.58,394924.99,0,0
28,CASH_OUT,28498.12,C1003674,136334.0,107835.88,C3003674,441399.09,469897.21,0,0
22,PAYMENT,140988.69,C1003675,1689.42,1689.42,M2003675,62977.91,203966.6,0,0
13,CASH_OUT,181025.12,C1003676,359915.16,178890.04,C3003676,873341.31,1054366.43,1,0
1,PAYMENT,86978.07,C1003677,416904.65,329926.58,M2003677,568572.15,655550.22,0,0
17,CASH_IN,97669.64,C1003678,197520.27,99850.63,C3003678,385100.68,482770.32,0,0
6,CASH_IN,185491.83,C1003679,282108.99,96617.16,C3003679,112770.56,298262.39,0,0
4,CASH_OUT,104246.18,C1003680,113843.31,9597.13,C3003680,946767.29,1051013.47,0,0
20,CASH_IN,97570.93,C1003681,311098.82,213527.89,C3003681,530219.05,627789.98,0,0
16,DEBIT,115707.99,C1003682,6068.73,6068.73,C3003682,282927.93,398635.92,0,0
15,TRANSFER,137877.02,C1003683,244321.95,106444.93,C3003683,350215.13,488092.15,0,0
27,TRANSFER,21465.99,C1003684,322102.74,300636.75,C3003684,270697.18,292163.17,0,0
15,PAYMENT,164239.99,C1003685,459095.89,294855.9,M2003685,601809.81,766049.8,0,0
6,CASH_IN,87157.45,C1003686,190667.91,103510.46,C3003686,929963.58,1017121.03,0,0
15,PAYMENT,14562.47,C1003687,382595.1,368032.63,M2003687,856693.8,871256.27,0,0
14,TRANSFER,157257.92,C1003688,298843.51,141585.59,C3003688,460380.88,617638.8,1,0
28,TRANSFER,75452.3,C1003689,463506.06,388053.76,C3003689,826499.36,901951.66,0,0
11,CASH_IN,20163.46,C1003690,199188.84,179025.38,C3003690,423105.48,443268.94,0,0
7,DEBIT,126792.43,C1003691,159547.67,32755.24,C3003691,252307.14,379099.57,0,0
9,DEBIT,176038.26,C1003692,443571.0,267532.74,C3003692,983415.12,1159453.38,0,0
26,CASH_IN,177561.93,C1003693,24622.2,24622.2,C3003693,303887.57,481449.5,0,0
16,CASH_IN,191536.93,C1003694,68192.7,68192.7,C3003694,323724.23,515261.16,0,1
5,PAYMENT,173554.32,C1003695,41202.22,41202.22,M2003695,989692.87,1163247.19,0,0
25,CASH_IN,527.97,C1003696,421554.98,421027.01,C3003696,133927.49,134455.46,0,0
20,DEBIT,76110.21,C1003697,5303.71,5303.71,C3003697,760533.99,836644.2,0,0
29,CASH_IN,163726.66,C1003698,430828.58,267101.92,C3003698,935812.76,1099539.42,0,0
10,PAYMENT,73313.98,C1003699,225633.9,152319.92,M2003699,511794.99,585108.97,0,0
18,PAYMENT,120349.55,C1003700,2012.64,2012.64,M2003700,2521.76,122871.31,0,0
3,PAYMENT,121302.76,C1003701,200822.59,79519.83,M2003701,375058.94,496361.7,0,0
13,PAYMENT,73068.56,C1003702,93400.42,20331.86,M2003702,111568.99,184637.55,0,0
11,CASH_OUT,180904.34,C1003703,312200.24,131295.9,C3003703,416187.66,597092.0,0,0
17,CASH_IN,100695.35,C1003704,339679.39,238984.04,C3003704,790026.76,890722.11,0,0
30,TRANSFER,93010.36,C1003705,243763.79,150753.43,C3003705,438711.55,531721.91,0,0
30,CASH_IN,199503.0,C1003706,20259.76,20259.76,C3003706,431925.12,631428.12,0,1
22,CASH_OUT,98750.72,C1003707,328064.4,229313.68,C3003707,556789.48,655540.2,0,0
13,PAYMENT,35761.81,C1003708,421019.39,385257.58,M2003708,581690.58,617452.39,0,0
6,CASH_OUT,102662.58,C1003709,360162.14,257499.56,C3003709,856296.31,958958.89,0,0
17,DEBIT,162821.95,C1003710,414978.96,252157.01,C3003710,308355.44,471177.39,0,0
27,DEBIT,155394.38,C1003711,100254.76,100254.76,C3003711,821671.26,977065.64,0,0
13,CASH_IN,157737.49,C1003712,444443.97,286706.48,C3003712,565933.75,723671.24,0,0
19,CASH_IN,141633.95,C1003713,161096.73,19462.78,C3003713,300529.55,442163.5,0,0
21,TRANSFER,50918.14,C1003714,6702.41,6702.41,C3003714,295126.04,346044.18,0,0
19,TRANSFER,172430.61,C1003715,421695.82,249265.21,C3003715,361137.52,533568.13,1,0
10,DEBIT,178699.35,C1003716,470910.63,292211.28,C3003716,622693.24,801392.59,0,0
3,PAYMENT,38911.12,C1003717,327779.1,288867.98,M2003717,230811.73,269722.85,0,0
14,CASH_OUT,26178.08,C1003718,115718.32,89540.24,C3003718,920333.56,946511.64,0,0
26,TRANSFER,195123.43,C1003719,125872.23,125872.23,C3003719,574912.58,770036.01,0,1
19,TRANSFER,173677.96,C1003720,233296.44,59618.48,C3003720,920015.78,1093693.74,1,0
5,PAYMENT,178657.91,C1003721,448915.54,270257.63,M2003721,46404.36,225062.27,0,0
29,PAYMENT,177286.64,C1003722,74798.83,74798.83,M2003722,342611.37,519898.01,0,0
5,CASH_IN,108383.2,C1003723,412986.83,304603.63,C3003723,22807.66,131190.86,0,0
20,CASH_OUT,129315.71,C1003724,145651.4,16335.69,C3003724,272251.82,401567.53,0,0
17,PAYMENT,109118.03,C1003725,404293.08,295175.05,M2003725,862006.47,971124.5,0,0
21,TRANSFER,10336.15,C1003726,460135.6,449799.45,C3003726,36609.72,46945.87,0,0
10,TRANSFER,149126.07,C1003727,213746.94,64620.87,C3003727,436147.1,585273.17,0,0
5,DEBIT,101115.87,C1003728,182525.33,81409.46,C3003728,117567.07,218682.94,0,0
4,PAYMENT,129577.04,C1003729,401110.66,271533.62,M2003729,416840.66,546417.7,0,0
6,CASH_IN,100577.7,C1003730,264741.44,164163.74,C3003730,838851.58,939429.28,0,0
26,CASH_OUT,98413.08,C1003731,342224.52,243811.44,C3003731,623071.03,721484.11,0,0
4,CASH_IN,34440.64,C1003732,311414.62,276973.98,C3003732,736756.35,771196.99,0,0
30,TRANSFER,55814.87,C1003733,76444.42,20629.55,C3003733,349104.12,404918.99,0,0
7,CASH_IN,31854.65,C1003734,422395.18,390540.53,C3003734,944397.7,976252.35,0,0
7,TRANSFER,39213.69,C1003735,97887.56,58673.87,C3003735,709262.09,748475.78,0,0
18,TRANSFER,194598.18,C1003736,466141.07,271542.89,C3003736,421798.82,616397.0,1,1
3,TRANSFER,30707.38,C1003737,125285.65,94578.27,C3003737,426464.8,457172.18,0,0
1,TRANSFER,53927.16,C1003738,366940.49,313013.33,C3003738,918684.18,972611.34,0,0
24,TRANSFER,118158.87,C1003739,142327.7,24168.83,C3003739,576404.69,694563.56,0,0
25,DEBIT,122074.7,C1003740,158892.7,36818.0,C3003740,706379.21,828453.91,0,0
4,CASH_IN,30879.43,C1003741,155000.93,124121.5,C3003741,417035.22,447914.65,0,0
6,DEBIT,158764.11,C1003742,373946.13,215182.02,C3003742,223692.76,382456.87,0,0
9,DEBIT,157062.05,C1003743,278407.56,121345.51,C3003743,723559.29,880621.34,0,0
22,PAYMENT,47539.81,C1003744,441476.23,393936.42,M2003744,607823.77,655363.58,0,0
14,PAYMENT,57804.39,C1003745,153686.36,95881.97,M2003745,501342.88,559147.27,0,0
28,PAYMENT,187603.77,C1003746,345996.26,158392.49,M2003746,624020.94,811624.71,0,0
12,CASH_OUT,165151.72,C1003747,376474.3,211322.58,C3003747,208285.59,373437.31,1,0
28,PAYMENT,139589.63,C1003748,75741.06,75741.06,M2003748,793938.71,933528.34,0,0
25,CASH_IN,16538.42,C1003749,200294.68,183756.26,C3003749,948162.81,964701.23,0,0
20,DEBIT,83710.99,C1003750,241408.75,157697.76,C3003750,891103.14,974814.13,0,0
24,CASH_IN,111904.44,C1003751,177843.69,65939.25,C3003751,321435.75,433340.19,0,0
25,PAYMENT,37563.52,C1003752,161056.3,123492.78,M2003752,406005.77,443569.29,0,0
4,CASH_OUT,89700.49,C1003753,343209.95,253509.46,C3003753,808402.3,898102.79,0,0
21,CASH_OUT,120245.07,C1003754,107933.2,107933.2,C3003754,595117.13,715362.2,0,0
30,DEBIT,65542.6,C1003755,354695.37,289152.77,C3003755,547914.44,613457.04,0,0
24,CASH_IN,156210.87,C1003756,467522.1,311311.23,C3003756,926641.97,1082852.84,0,0
12,TRANSFER,168105.87,C1003757,282598.76,114492.89,C3003757,536024.96,704130.83,1,0
10,CASH_IN,64789.53,C1003758,305717.12,240927.59,C3003758,514938.68,579728.21,0,0
30,PAYMENT,167747.57,C1003759,34466.35,34466.35,M2003759,42018.59,209766.16,0,0
22,TRANSFER,20804.96,C1003760,432238.45,411433.49,C3003760,69416.96,90221.92,0,0
28,CASH_OUT,167562.05,C1003761,142723.89,142723.89,C3003761,7420.31,174982.36,1,0
7,DEBIT,30634.81,C1003762,307525.58,276890.77,C3003762,913244.23,943879.04,0,0
3,DEBIT,16677.14,C1003763,489556.08,472878.94,C3003763,408386.66,425063.8,0,0
23,CASH_OUT,128390.9,C1003764,297751.3,169360.4,C3003764,468561.38,596952.28,0,0
28,PAYMENT,94440.28,C1003765,362354.74,267914.46,M2003765,845386.95,939827.23,0,0
14,CASH_OUT,181587.33,C1003766,222659.81,41072.48,C3003766,609246.31,790833.64,1,0
24,PAYMENT,72701.52,C1003767,30182.92,30182.92,M2003767,609501.6,682203.12,0,0
10,TRANSFER,57501.74,C1003768,398799.67,341297.93,C3003768,296534.43,354036.17,0,0
16,CASH_OUT,100196.91,C1003769,17499.42,17499.42,C3003769,833908.37,934105.28,0,0
16,PAYMENT,91243.64,C1003770,350328.91,259085.27,M2003770,165829.98,257073.62,0,0
22,TRANSFER,68951.17,C1003771,11460.79,11460.79,C3003771,53149.59,122100.76,0,0
10,CASH_OUT,138778.89,C1003772,431152.62,292373.73,C3003772,191603.36,330382.25,0,0
25,DEBIT,151936.41,C1003773,78818.02,78818.02,C3003773,267737.22,419673.63,0,0
13,CASH_OUT,170611.5,C1003774,257135.75,86524.25,C3003774,282311.06,452922.56,1,0
6,CASH_IN,194574.04,C1003775,298575.35,104001.31,C3003775,670513.6,865087.64,0,1
12,CASH_OUT,53404.57,C1003776,228772.7,175368.13,C3003776,217824.59,271229.16,0,0
9,CASH_IN,143247.09,C1003777,170381.74,27134.65,C3003777,676658.3,819905.39,0,0
13,TRANSFER,78912.22,C1003778,233907.15,154994.93,C3003778,91132.17,170044.39,0,0
4,CASH_OUT,135448.69,C1003779,155707.88,20259.19,C3003779,147202.46,282651.15,0,0
24,TRANSFER,95248.74,C1003780,219061.17,123812.43,C3003780,508821.45,604070.19,0,0
11,TRANSFER,198755.24,C1003781,179456.5,179456.5,C3003781,921895.8,1120651.04,1,1
20,PAYMENT,145807.54,C1003782,283102.41,137294.87,M2003782,859567.59,1005375.13,0,0
18,TRANSFER,190503.01,C1003783,118962.08,118962.08,C3003783,968753.44,1159256.45,1,1
26,TRANSFER,167010.41,C1003784,494328.28,327317.87,C3003784,650479.07,817489.48,1,0
11,CASH_OUT,180589.91,C1003785,250434.98,69845.07,C3003785,675814.87,856404.78,1,0
25,CASH_OUT,162902.4,C1003786,97081.04,97081.04,C3003786,625023.0,787925.4,0,0
21,DEBIT,91885.91,C1003787,238533.37,146647.46,C3003787,622818.92,714704.83,0,0
4,PAYMENT,50432.51,C1003788,433207.56,382775.05,M2003788,147120.35,197552.86,0,0
18,TRANSFER,74127.0,C1003789,10903.4,10903.4,C3003789,543738.96,617865.96,0,0
1,PAYMENT,4145.22,C1003790,339777.06,335631.84,M2003790,386067.93,390213.15,0,0
27,CASH_IN,104846.23,C1003791,273983.9,169137.67,C3003791,442537.22,547383.45,0,0
7,TRANSFER,101061.05,C1003792,84779.0,84779.0,C3003792,523600.57,624661.62,0,0
6,PAYMENT,105097.57,C1003793,408738.22,303640.65,M2003793,128396.17,233493.74,0,0
15,DEBIT,194808.84,C1003794,184442.31,184442.31,C3003794,359487.73,554296.57,0,1
18,DEBIT,182299.66,C1003795,146901.01,146901.01,C3003795,63449.56,245749.22,0,0
24,TRANSFER,32426.38,C1003796,414062.6,381636.22,C3003796,979668.13,1012094.51,0,0
11,CASH_IN,73839.62,C1003797,319262.52,245422.9,C3003797,118528.03,192367.65,0,0
20,DEBIT,84848.84,C1003798,449129.54,364280.7,C3003798,258524.74,343373.58,0,0
24,DEBIT,72170.53,C1003799,314941.85,242771.32,C3003799,891292.93,963463.46,0,0
15,CASH_IN,159719.34,C1003800,370408.83,210689.49,C3003800,482710.05,642429.39,0,0
16,PAYMENT,104855.13,C1003801,418222.95,313367.82,M2003801,135637.2,240492.33,0,0
7,DEBIT,114462.75,C1003802,27369.82,27369.82,C3003802,384230.54,498693.29,0,0
21,CASH_OUT,170617.41,C1003803,388024.48,217407.07,C3003803,115867.99,286485.4,1,0
10,DEBIT,161205.04,C1003804,306853.24,145648.2,C3003804,200216.0,361421.04,0,0
26,PAYMENT,26529.08,C1003805,34753.9,8224.82,M2003805,52029.85,78558.93,0,0
12,PAYMENT,142811.53,C1003806,254288.96,111477.43,M2003806,438227.49,581039.02,0,0
24,TRANSFER,87143.68,C1003807,41229.04,41229.04,C3003807,806636.12,893779.8,0,0
14,CASH_OUT,59000.32,C1003808,367973.6,308973.28,C3003808,585969.18,644969.5,0,0
25,PAYMENT,10098.76,C1003809,273250.86,263152.1,M2003809,606345.31,616444.07,0,0
5,CASH_IN,97501.19,C1003810,476786.77,379285.58,C3003810,200584.03,298085.22,0,0
26,CASH_OUT,71151.79,C1003811,91567.69,20415.9,C3003811,343893.84,415045.63,0,0
21,CASH_OUT,50377.46,C1003812,303016.73,252639.27,C3003812,845242.1,895619.56,0,0
18,CASH_IN,138964.88,C1003813,105791.07,105791.07,C3003813,87856.18,226821.06,0,0
5,DEBIT,153920.13,C1003814,307032.49,153112.36,C3003814,857930.65,1011850.78,0,0
3,CASH_IN,49033.42,C1003815,361324.85,312291.43,C3003815,483690.03,532723.45,0,0
23,CASH_IN,9984.54,C1003816,361152.16,351167.62,C3003816,837147.43,847131.97,0,0
26,DEBIT,169765.66,C1003817,407537.0,237771.34,C3003817,318006.42,487772.08,0,0
5,DEBIT,2090.95,C1003818,426775.11,424684.16,C3003818,338842.95,340933.9,0,0
24,DEBIT,187428.79,C1003819,38635.86,38635.86,C3003819,751604.87,939033.66,0,0
17,DEBIT,125561.21,C1003820,171633.58,46072.37,C3003820,784996.17,910557.38,0,0
19,DEBIT,64437.14,C1003821,343561.26,279124.12,C3003821,229644.68,294081.82,0,0
19,CASH_IN,49370.93,C1003822,249293.14,199922.21,C3003822,972871.32,1022242.25,0,0
25,TRANSFER,1900.23,C1003823,95337.97,93437.74,C3003823,84490.1,86390.33,0,0
21,TRANSFER,47170.74,C1003824,276354.79,229184.05,C3003824,68502.96,115673.7,0,0
12,PAYMENT,27631.89,C1003825,203717.83,176085.94,M2003825,595504.22,623136.11,0,0
25,TRANSFER,122472.03,C1003826,195019.14,72547.11,C3003826,722740.77,845212.8,0,0
29,TRANSFER,33392.46,C1003827,404876.86,371484.4,C3003827,960886.13,994278.59,0,0
9,CASH_IN,105773.1,C1003828,203799.17,98026.07,C3003828,404945.78,510718.88,0,0
1,DEBIT,118064.27,C1003829,13227.25,13227.25,C3003829,25291.41,143355.68,0,0
18,DEBIT,59678.54,C1003830,29031.67,29031.67,C3003830,602896.34,662574.88,0,0
21,CASH_IN,7109.48,C1003831,428122.02,421012.54,C3003831,289696.02,296805.5,0,0
4,TRANSFER,7547.05,C1003832,480300.41,472753.36,C3003832,432947.12,440494.17,0,0
10,CASH_IN,5366.83,C1003833,344204.67,338837.84,C3003833,488469.48,493836.31,0,0
25,PAYMENT,147851.02,C1003834,182184.15,34333.13,M2003834,64512.61,212363.63,0,0
7,DEBIT,63670.14,C1003835,469300.16,405630.02,C3003835,485981.78,549651.92,0,0
22,CASH_OUT,159280.41,C1003836,331401.54,172121.13,C3003836,426319.67,585600.08,1,0
23,PAYMENT,86403.39,C1003837,422166.77,335763.38,M2003837,712544.27,798947.66,0,0
1,PAYMENT,90654.32,C1003838,382926.15,292271.83,M2003838,645665.91,736320.23,0,0
17,CASH_IN,102625.23,C1003839,189569.66,86944.43,C3003839,185215.72,287840.95,0,0
24,TRANSFER,142634.99,C1003840,239351.1,96716.11,C3003840,206138.92,348773.91,0,0
29,DEBIT,54773.22,C1003841,93066.08,38292.86,C3003841,251006.18,305779.4,0,0
29,CASH_OUT,24405.31,C1003842,146007.05,121601.74,C3003842,178950.44,203355.75,0,0
2,PAYMENT,111255.86,C1003843,389062.83,277806.97,M2003843,657213.2,768469.06,0,0
28,CASH_OUT,65462.83,C1003844,446989.2,381526.37,C3003844,994430.18,1059893.01,0,0
26,TRANSFER,88554.01,C1003845,362230.21,273676.2,C3003845,652108.34,740662.35,0,0
11,TRANSFER,129424.65,C1003846,232586.85,103162.2,C3003846,606681.55,736106.2,0,0
9,CASH_OUT,98875.74,C1003847,43254.63,43254.63,C3003847,409927.93,508803.67,0,0
7,DEBIT,124093.74,C1003848,28473.97,28473.97,C3003848,312580.26,436674.0,0,0
22,TRANSFER,108885.58,C1003849,187162.78,78277.2,C3003849,911073.76,1019959.34,0,0
17,CASH_OUT,147985.29,C1003850,231910.86,83925.57,C3003850,969001.87,1116987.16,0,0
17,PAYMENT,141216.73,C1003851,304560.31,163343.58,M2003851,496776.18,637992.91,0,0
2,CASH_OUT,106884.56,C1003852,3244.76,3244.76,C3003852,290200.5,397085.06,0,0
6,CASH_OUT,135812.71,C1003853,494861.45,359048.74,C3003853,770122.21,905934.92,0,0
14,CASH_IN,174724.56,C1003854,181969.44,7244.88,C3003854,132456.79,307181.35,0,0
6,TRANSFER,86511.03,C1003855,424047.33,337536.3,C3003855,765588.24,852099.27,0,0
2,DEBIT,82611.34,C1003856,267483.35,184872.01,C3003856,818948.37,901559.71,0,0
1,DEBIT,152872.7,C1003857,65219.73,65219.73,C3003857,124903.94,277776.64,0,0
10,CASH_IN,116552.51,C1003858,398782.78,282230.27,C3003858,976861.47,1093413.98,0,0
21,DEBIT,14294.26,C1003859,354913.54,340619.28,C3003859,985512.29,999806.55,0,0
5,CASH_OUT,178433.19,C1003860,263718.04,85284.85,C3003860,936719.48,1115152.67,0,0
2,CASH_IN,6253.54,C1003861,257276.55,251023.01,C3003861,496034.81,502288.35,0,0
22,PAYMENT,149704.43,C1003862,43739.8,43739.8,M2003862,246074.14,395778.57,0,0
16,TRANSFER,151782.95,C1003863,327924.47,176141.52,C3003863,582009.28,733792.23,1,0
25,TRANSFER,190626.91,C1003864,455622.58,264995.67,C3003864,419933.84,610560.75,1,1
2,TRANSFER,10921.47,C1003865,46622.46,35700.99,C3003865,205948.64,216870.11,0,0
10,CASH_OUT,119411.69,C1003866,131755.73,12344.04,C3003866,423676.41,543088.1,0,0
2,PAYMENT,85625.33,C1003867,451153.99,365528.66,M2003867,663889.84,749515.17,0,0
16,CASH_IN,66193.53,C1003868,142171.95,75978.42,C3003868,70913.31,137106.84,0,0
16,CASH_IN,18154.68,C1003869,326971.84,308817.16,C3003869,333418.0,351572.68,0,0
19,TRANSFER,112574.56,C1003870,267409.08,154834.52,C3003870,17794.89,130369.45,0,0
29,PAYMENT,95860.24,C1003871,298163.8,202303.56,M2003871,749495.51,845355.75,0,0
7,PAYMENT,21000.44,C1003872,207894.45,186894.01,M2003872,640691.27,661691.71,0,0
22,PAYMENT,122536.65,C1003873,149995.74,27459.09,M2003873,62672.13,185208.78,0,0
12,DEBIT,147616.83,C1003874,24266.73,24266.73,C3003874,964737.56,1112354.39,0,0
24,DEBIT,153478.93,C1003875,372140.47,218661.54,C3003875,22621.56,176100.49,0,0
15,TRANSFER,181084.1,C1003876,373046.73,191962.63,C3003876,589960.65,771044.75,1,0
8,PAYMENT,81953.2,C1003877,335362.87,253409.67,M2003877,776367.46,858320.66,0,0
6,PAYMENT,190619.25,C1003878,321816.89,131197.64,M2003878,787896.31,978515.56,0,1
28,CASH_IN,173099.34,C1003879,121858.57,121858.57,C3003879,34285.14,207384.48,0,0
27,CASH_IN,59370.66,C1003880,11172.47,11172.47,C3003880,906415.13,965785.79,0,0
10,TRANSFER,31940.68,C1003881,404357.7,372417.02,C3003881,918451.67,950392.35,0,0
3,PAYMENT,87134.34,C1003882,245569.27,158434.93,M2003882,561390.37,648524.71,0,0
19,TRANSFER,80439.55,C1003883,153419.07,72979.52,C3003883,482083.2,562522.75,0,0
17,CASH_IN,115186.29,C1003884,50965.95,50965.95,C3003884,44867.46,160053.75,0,0
7,CASH_IN,116718.91,C1003885,31360.8,31360.8,C3003885,561954.14,678673.05,0,0
21,DEBIT,150022.4,C1003886,174433.36,24410.96,C3003886,409379.08,559401.48,0,0
20,TRANSFER,102027.0,C1003887,402368.53,300341.53,C3003887,772806.41,874833.41,0,0
26,TRANSFER,21054.05,C1003888,459361.87,438307.82,C3003888,403883.57,424937.62,0,0
4,PAYMENT,171672.44,C1003889,448375.68,276703.24,M2003889,683580.83,855253.27,0,0
14,PAYMENT,62021.94,C1003890,460000.42,397978.48,M2003890,101408.15,163430.09,0,0
20,DEBIT,194262.36,C1003891,453862.67,259600.31,C3003891,132952.27,327214.63,0,1
22,CASH_OUT,23660.24,C1003892,263612.38,239952.14,C3003892,139710.19,163370.43,0,0
15,CASH_OUT,191654.41,C1003893,109707.82,109707.82,C3003893,45525.5,237179.91,1,1
24,CASH_OUT,18293.26,C1003894,399023.29,380730.03,C3003894,541328.86,559622.12,0,0
8,TRANSFER,46284.12,C1003895,106856.49,60572.37,C3003895,793967.73,840251.85,0,0
21,TRANSFER,9411.33,C1003896,133603.64,124192.31,C3003896,610411.2,619822.53,0,0
15,CASH_IN,141052.12,C1003897,116627.16,116627.16,C3003897,574954.89,716007.01,0,0
22,TRANSFER,170074.72,C1003898,257491.2,87416.48,C3003898,680623.93,850698.65,0,0
20,TRANSFER,86870.81,C1003899,160913.75,74042.94,C3003899,339645.32,426516.13,0,0
28,TRANSFER,185711.56,C1003900,77078.02,77078.02,C3003900,361954.07,547665.63,1,0
14,DEBIT,118100.78,C1003901,226586.71,108485.93,C3003901,314270.1,432370.88,0,0
27,TRANSFER,126038.43,C1003902,436953.62,310915.19,C3003902,712108.93,838147.36,0,0
29,PAYMENT,169099.3,C1003903,285276.43,116177.13,M2003903,161640.34,330739.64,0,0
9,PAYMENT,59430.36,C1003904,439167.8,379737.44,M2003904,13025.28,72455.64,0,0
8,CASH_IN,70917.72,C1003905,97936.09,27018.37,C3003905,596196.45,667114.17,0,0
26,DEBIT,181199.79,C1003906,83486.94,83486.94,C3003906,942381.36,1123581.15,0,0
28,PAYMENT,180202.6,C1003907,287788.56,107585.96,M2003907,609407.92,789610.52,0,0
26,DEBIT,195298.91,C1003908,231664.45,36365.54,C3003908,782921.65,978220.56,0,1
17,DEBIT,180377.48,C1003909,330086.32,149708.84,C3003909,672790.71,853168.19,0,0
2,CASH_IN,25561.67,C1003910,397313.4,371751.73,C3003910,497436.65,522998.32,0,0
25,DEBIT,164762.48,C1003911,375653.65,210891.17,C3003911,718392.4,883154.88,0,0
24,TRANSFER,82026.71,C1003912,471130.59,389103.88,C3003912,824104.12,906130.83,0,0
30,DEBIT,198161.19,C1003913,199128.2,967.01,C3003913,224731.64,422892.83,0,1
3,CASH_IN,94508.96,C1003914,103193.37,8684.41,C3003914,336130.48,430639.44,0,0
8,CASH_IN,110811.83,C1003915,275456.32,164644.49,C3003915,223725.73,334537.56,0,0
12,CASH_IN,106002.01,C1003916,55371.56,55371.56,C3003916,452172.96,558174.97,0,0
1,PAYMENT,64415.23,C1003917,144425.56,80010.33,M2003917,885064.55,949479.78,0,0
10,TRANSFER,15096.92,C1003918,103944.03,88847.11,C3003918,345207.1,360304.02,0,0
20,PAYMENT,179140.68,C1003919,198281.86,19141.18,M2003919,374466.89,553607.57,0,0
3,CASH_OUT,160554.89,C1003920,55608.29,55608.29,C3003920,860367.23,1020922.12,0,0
6,TRANSFER,27991.4,C1003921,15920.87,15920.87,C3003921,515374.33,543365.73,0,0
7,DEBIT,155375.98,C1003922,328397.0,173021.02,C3003922,535449.0,690824.98,0,0
20,CASH_IN,125206.75,C1003923,305124.49,179917.74,C3003923,860801.2,986007.95,0,0
23,CASH_OUT,81887.84,C1003924,354179.47,272291.63,C3003924,490526.74,572414.58,0,0
25,TRANSFER,50878.83,C1003925,330193.22,279314.39,C3003925,681557.53,732436.36,0,0
27,PAYMENT,171959.78,C1003926,57147.34,57147.34,M2003926,85644.67,257604.45,0,0
18,CASH_IN,140067.63,C1003927,145539.44,5471.81,C3003927,178631.71,318699.34,0,0
11,PAYMENT,109593.21,C1003928,64763.3,64763.3,M2003928,404376.2,513969.41,0,0
19,TRANSFER,121952.75,C1003929,421486.2,299533.45,C3003929,494839.07,616791.82,0,0
5,TRANSFER,18304.13,C1003930,373451.83,355147.7,C3003930,965733.7,984037.83,0,0
19,CASH_OUT,94836.56,C1003931,100763.5,5926.94,C3003931,970651.63,1065488.19,0,0
11,DEBIT,38820.69,C1003932,170654.62,131833.93,C3003932,851197.09,890017.78,0,0
24,PAYMENT,41755.9,C1003933,483307.5,441551.6,M2003933,315598.84,357354.74,0,0
12,CASH_OUT,132294.66,C1003934,297079.68,164785.02,C3003934,964028.29,1096322.95,0,0
10,CASH_IN,182260.1,C1003935,400577.8,218317.7,C3003935,689340.86,871600.96,0,0
8,DEBIT,80810.95,C1003936,132295.52,51484.57,C3003936,392940.13,473751.08,0,0
24,CASH_OUT,41629.08,C1003937,105026.46,63397.38,C3003937,701674.92,743304.0,0,0
28,PAYMENT,129784.51,C1003938,391958.46,262173.95,M2003938,16522.73,146307.24,0,0
28,TRANSFER,174250.29,C1003939,342936.23,168685.94,C3003939,146154.68,320404.97,1,0
9,CASH_IN,149688.93,C1003940,340488.96,190800.03,C3003940,829685.71,979374.64,0,0
4,PAYMENT,173764.57,C1003941,276317.29,102552.72,M2003941,645573.64,819338.21,0,0
5,DEBIT,107357.28,C1003942,281789.17,174431.89,C3003942,364194.7,471551.98,0,0
21,DEBIT,150400.06,C1003943,367848.75,217448.69,C3003943,500666.64,651066.7,0,0
8,TRANSFER,28098.91,C1003944,135001.24,106902.33,C3003944,905142.15,933241.06,0,0
23,TRANSFER,69720.1,C1003945,176384.23,106664.13,C3003945,631578.11,701298.21,0,0
9,CASH_IN,77970.88,C1003946,435818.39,357847.51,C3003946,398149.28,476120.16,0,0
15,CASH_IN,102308.02,C1003947,154432.6,52124.58,C3003947,120326.66,222634.68,0,0
15,TRANSFER,185822.36,C1003948,273154.79,87332.43,C3003948,293746.8,479569.16,1,0
16,TRANSFER,174871.88,C1003949,351319.73,176447.85,C3003949,978340.23,1153212.11,1,0
14,DEBIT,26991.65,C1003950,499962.41,472970.76,C3003950,437363.06,464354.71,0,0
8,TRANSFER,34640.65,C1003951,217645.67,183005.02,C3003951,471839.46,506480.11,0,0
18,CASH_OUT,71592.35,C1003952,214046.44,142454.09,C3003952,498598.03,570190.38,0,0
10,PAYMENT,58219.7,C1003953,421294.19,363074.49,M2003953,884104.02,942323.72,0,0
28,TRANSFER,122992.71,C1003954,402751.56,279758.85,C3003954,603928.28,726920.99,0,0
20,CASH_IN,180564.93,C1003955,365537.94,184973.01,C3003955,693677.04,874241.97,0,0
6,CASH_OUT,192462.08,C1003956,231614.82,39152.74,C3003956,389413.54,581875.62,0,1
12,CASH_IN,130755.23,C1003957,161969.56,31214.33,C3003957,29087.62,159842.85,0,0
2,CASH_OUT,167648.02,C1003958,304365.24,136717.22,C3003958,930972.91,1098620.93,1,0
7,TRANSFER,105087.92,C1003959,438111.65,333023.73,C3003959,949127.68,1054215.6,0,0
16,PAYMENT,41744.56,C1003960,441888.73,400144.17,M2003960,949153.05,990897.61,0,0
3,CASH_IN,104985.21,C1003961,54249.17,54249.17,C3003961,943687.09,1048672.3,0,0
13,CASH_OUT,111061.01,C1003962,214175.14,103114.13,C3003962,815241.94,926302.95,0,0
3,DEBIT,148517.27,C1003963,232360.98,83843.71,C3003963,684596.05,833113.32,0,0
27,TRANSFER,44054.61,C1003964,488807.68,444753.07,C3003964,844509.92,888564.53,0,0
18,PAYMENT,73725.25,C1003965,338999.01,265273.76,M2003965,600546.24,674271.49,0,0
11,TRANSFER,72869.09,C1003966,203623.21,130754.12,C3003966,134369.61,207238.7,0,0
8,DEBIT,191891.98,C1003967,13028.94,13028.94,C3003967,391218.17,583110.15,0,1
6,PAYMENT,88844.6,C1003968,282692.58,193847.98,M2003968,971294.91,1060139.51,0,0
1,DEBIT,151043.28,C1003969,48037.99,48037.99,C3003969,351137.81,502181.09,0,0
28,TRANSFER,150187.2,C1003970,417224.98,267037.78,C3003970,867827.91,1018015.11,1,0
1,CASH_OUT,53182.28,C1003971,376259.33,323077.05,C3003971,93211.47,146393.75,0,0
23,TRANSFER,114416.75,C1003972,230254.58,115837.83,C3003972,334183.84,448600.59,0,0
8,TRANSFER,178871.15,C1003973,214605.39,35734.24,C3003973,350953.32,529824.47,0,0
5,TRANSFER,95092.02,C1003974,448669.48,353577.46,C3003974,51602.54,146694.56,0,0
28,CASH_IN,189028.99,C1003975,144229.18,144229.18,C3003975,119094.33,308123.32,0,0
16,DEBIT,42970.2,C1003976,124509.98,81539.78,C3003976,193165.21,236135.41,0,0
11,DEBIT,14924.41,C1003977,469598.72,454674.31,C3003977,837815.59,852740.0,0,0
5,DEBIT,178301.63,C1003978,404622.92,226321.29,C3003978,63401.99,241703.62,0,0
4,CASH_IN,169551.47,C1003979,410312.8,240761.33,C3003979,298700.9,468252.37,0,0
30,CASH_OUT,198518.72,C1003980,97596.91,97596.91,C3003980,10175.0,208693.72,0,1
6,TRANSFER,135910.76,C1003981,71648.0,71648.0,C3003981,695627.75,831538.51,0,0
14,CASH_OUT,187343.92,C1003982,13014.77,13014.77,C3003982,620303.09,807647.01,0,0
22,CASH_IN,165407.11,C1003983,118520.75,118520.75,C3003983,644982.26,810389.37,0,0
19,DEBIT,168900.82,C1003984,387095.25,218194.43,C3003984,374382.78,543283.6,0,0
9,TRANSFER,113871.4,C1003985,120019.21,6147.81,C3003985,208267.82,322139.22,0,0
12,PAYMENT,76534.68,C1003986,364551.64,288016.96,M2003986,720320.21,796854.89,0,0
11,PAYMENT,186918.16,C1003987,125954.13,125954.13,M2003987,811117.87,998036.03,0,0
14,CASH_OUT,86480.22,C1003988,197646.25,111166.03,C3003988,138601.5,225081.72,0,0
23,DEBIT,107809.99,C1003989,491581.14,383771.15,C3003989,486829.43,594639.42,0,0
16,PAYMENT,89278.25,C1003990,122405.87,33127.62,M2003990,248715.68,337993.93,0,0
1,CASH_OUT,113007.18,C1003991,188185.31,75178.13,C3003991,168106.86,281114.04,0,0
13,CASH_IN,94153.97,C1003992,150543.59,56389.62,C3003992,734325.31,828479.28,0,0
23,CASH_OUT,9688.71,C1003993,54812.49,45123.78,C3003993,538096.94,547785.65,0,0
21,CASH_OUT,176421.43,C1003994,244947.07,68525.64,C3003994,216185.33,392606.76,1,0
21,CASH_OUT,88934.32,C1003995,189345.33,100411.01,C3003995,310000.01,398934.33,0,0
30,TRANSFER,117829.84,C1003996,347443.54,229613.7,C3003996,966653.67,1084483.51,0,0
13,CASH_OUT,27923.64,C1003997,408797.27,380873.63,C3003997,848679.56,876603.2,0,0
2,CASH_OUT,777.23,C1003998,272124.86,271347.63,C3003998,879946.74,880723.97,0,0
4,TRANSFER,49133.49,C1003999,16098.21,16098.21,C3003999,460012.1,509145.59,0,0
28,TRANSFER,140946.75,C1004000,309461.18,168514.43,C3004000,623807.26,764754.01,0,0
6,CASH_IN,19928.99,C1004001,27695.37,7766.38,C3004001,376767.74,396696.73,0,0
26,DEBIT,181786.6,C1004002,308178.16,126391.56,C3004002,77711.98,259498.58,0,0
27,PAYMENT,43083.01,C1004003,342514.97,299431.96,M2004003,401069.31,444152.32,0,0
23,PAYMENT,40998.26,C1004004,98883.81,57885.55,M2004004,593980.75,634979.01,0,0
27,CASH_OUT,36383.44,C1004005,409673.07,373289.63,C3004005,287144.27,323527.71,0,0
5,CASH_IN,2894.94,C1004006,455542.57,452647.63,C3004006,847950.57,850845.51,0,0
25,CASH_OUT,154383.91,C1004007,406543.48,252159.57,C3004007,151100.16,305484.07,1,0
3,PAYMENT,175019.4,C1004008,152554.6,152554.6,M2004008,367129.09,542148.49,0,0
1,TRANSFER,122871.12,C1004009,293321.51,170450.39,C3004009,124903.91,247775.03,0,0
4,DEBIT,37721.18,C1004010,457407.57,419686.39,C3004010,404832.13,442553.31,0,0
25,CASH_IN,57127.07,C1004011,160332.36,103205.29,C3004011,39661.3,96788.37,0,0
20,TRANSFER,95237.75,C1004012,410013.91,314776.16,C3004012,272549.4,367787.15,0,0
2,DEBIT,190873.76,C1004013,4737.57,4737.57,C3004013,400735.26,591609.02,0,1
26,CASH_IN,49545.54,C1004014,1823.35,1823.35,C3004014,478165.36,527710.9,0,0
30,CASH_IN,146356.02,C1004015,379855.83,233499.81,C3004015,543696.36,690052.38,0,0
30,PAYMENT,87945.7,C1004016,380723.79,292778.09,M2004016,274991.13,362936.83,0,0
5,TRANSFER,59639.68,C1004017,394488.59,334848.91,C3004017,523041.33,582681.01,0,0
3,CASH_IN,91237.6,C1004018,465013.42,373775.82,C3004018,509004.62,600242.22,0,0
29,CASH_IN,14334.22,C1004019,58953.16,44618.94,C3004019,316178.05,330512.27,0,0
28,DEBIT,159757.61,C1004020,115992.49,115992.49,C3004020,830200.33,989957.94,0,0
29,PAYMENT,48736.06,C1004021,451862.46,403126.4,M2004021,545641.13,594377.19,0,0
9,CASH_OUT,145109.88,C1004022,88618.1,88618.1,C3004022,332269.72,477379.6,0,0
20,PAYMENT,13762.84,C1004023,341114.63,327351.79,M2004023,947338.51,961101.35,0,0
6,CASH_OUT,191024.2,C1004024,265231.5,74207.3,C3004024,845112.41,1036136.61,1,1
18,TRANSFER,38683.7,C1004025,41596.84,2913.14,C3004025,982587.81,1021271.51,0,0
6,TRANSFER,176560.14,C1004026,142631.83,142631.83,C3004026,692233.87,868794.01,1,0
19,CASH_IN,161913.69,C1004027,260186.11,98272.42,C3004027,378222.91,540136.6,0,0
28,TRANSFER,193575.2,C1004028,426175.06,232599.86,C3004028,280860.67,474435.87,0,1
12,CASH_IN,95630.34,C1004029,353769.24,258138.9,C3004029,663317.84,758948.18,0,0
25,PAYMENT,145506.72,C1004030,310941.58,165434.86,M2004030,980816.58,1126323.3,0,0
11,TRANSFER,74205.06,C1004031,248016.44,173811.38,C3004031,626715.08,700920.14,0,0
2,PAYMENT,36955.21,C1004032,149341.99,112386.78,M2004032,881614.94,918570.15,0,0
15,PAYMENT,88670.88,C1004033,59622.46,59622.46,M2004033,329103.43,417774.31,0,0
12,TRANSFER,33233.23,C1004034,204538.02,171304.79,C3004034,406953.78,440187.01,0,0
12,PAYMENT,196410.72,C1004035,14259.25,14259.25,M2004035,906275.24,1102685.96,0,1
9,TRANSFER,19339.67,C1004036,105527.94,86188.27,C3004036,756866.7,776206.37,0,0
21,TRANSFER,117883.42,C1004037,216241.69,98358.27,C3004037,981410.32,1099293.74,0,0
24,TRANSFER,125330.12,C1004038,209302.59,83972.47,C3004038,774764.21,900094.33,0,0
2,CASH_OUT,107662.1,C1004039,22147.72,22147.72,C3004039,448515.71,556177.81,0,0
22,PAYMENT,132470.96,C1004040,294530.08,162059.12,M2004040,531068.02,663538.98,0,0
3,DEBIT,23324.54,C1004041,274842.13,251517.59,C3004041,900515.49,923840.03,0,0
12,TRANSFER,111048.2,C1004042,39052.15,39052.15,C3004042,551646.74,662694.94,0,0
28,PAYMENT,57513.79,C1004043,471581.53,414067.74,M2004043,255397.37,312911.16,0,0
30,CASH_IN,188041.2,C1004044,49691.39,49691.39,C3004044,435619.81,623661.01,0,0
26,TRANSFER,152438.12,C1004045,427417.08,274978.96,C3004045,516315.99,668754.11,1,0
16,TRANSFER,194505.64,C1004046,154.87,154.87,C3004046,96719.83,291225.47,1,1
21,DEBIT,7607.46,C1004047,441140.55,433533.09,C3004047,743762.67,751370.13,0,0
28,CASH_OUT,57098.12,C1004048,9859.87,9859.87,C3004048,109353.93,166452.05,0,0
24,CASH_OUT,39164.98,C1004049,378906.02,339741.04,C3004049,404917.71,444082.69,0,0
26,TRANSFER,2329.8,C1004050,180845.41,178515.61,C3004050,804622.44,806952.24,0,0
30,PAYMENT,48540.91,C1004051,369108.4,320567.49,M2004051,467570.36,516111.27,0,0
1,CASH_IN,135787.32,C1004052,200872.6,65085.28,C3004052,842015.52,977802.84,0,0
21,CASH_IN,46294.68,C1004053,35453.96,35453.96,C3004053,341881.32,388176.0,0,0
3,PAYMENT,101849.79,C1004054,383753.35,281903.56,M2004054,957636.29,1059486.08,0,0
20,TRANSFER,177574.84,C1004055,35626.34,35626.34,C3004055,209468.43,387043.27,0,0
2,CASH_IN,138782.21,C1004056,461060.22,322278.01,C3004056,38264.14,177046.35,0,0
9,CASH_OUT,78986.35,C1004057,25487.02,25487.02,C3004057,872426.54,951412.89,0,0
19,PAYMENT,74556.54,C1004058,239662.64,165106.1,M2004058,752202.72,826759.26,0,0
15,DEBIT,91201.59,C1004059,361517.22,270315.63,C3004059,231983.84,323185.43,0,0
18,TRANSFER,35490.58,C1004060,196623.23,161132.65,C3004060,984741.61,1020232.19,0,0
26,PAYMENT,126836.75,C1004061,108616.74,108616.74,M2004061,502280.13,629116.88,0,0
11,CASH_IN,72894.15,C1004062,379545.48,306651.33,C3004062,951065.44,1023959.59,0,0
25,TRANSFER,170487.83,C1004063,392147.35,221659.52,C3004063,505028.77,675516.6,1,0
23,CASH_OUT,151334.88,C1004064,461347.49,310012.61,C3004064,471874.59,623209.47,0,0
16,TRANSFER,122141.58,C1004065,188082.56,65940.98,C3004065,449138.54,571280.12,0,0
22,TRANSFER,72904.02,C1004066,253125.87,180221.85,C3004066,334875.28,407779.3,0,0
17,CASH_OUT,42065.37,C1004067,181564.22,139498.85,C3004067,533701.5,575766.87,0,0
5,CASH_OUT,155252.76,C1004068,128540.91,128540.91,C3004068,452554.66,607807.42,1,0
12,TRANSFER,97333.18,C1004069,375516.48,278183.3,C3004069,36746.88,134080.06,0,0
11,CASH_OUT,45027.53,C1004070,169825.92,124798.39,C3004070,260435.23,305462.76,0,0
30,PAYMENT,39115.41,C1004071,214074.72,174959.31,M2004071,213122.8,252238.21,0,0
15,CASH_OUT,33163.64,C1004072,201836.83,168673.19,C3004072,867435.6,900599.24,0,0
27,CASH_OUT,155454.52,C1004073,356330.61,200876.09,C3004073,598869.98,754324.5,1,0
3,TRANSFER,45874.54,C1004074,458897.81,413023.27,C3004074,763683.1,809557.64,0,0
1,PAYMENT,105375.79,C1004075,333378.03,228002.24,M2004075,956826.04,1062201.83,0,0
20,DEBIT,90364.12,C1004076,235791.3,145427.18,C3004076,644039.27,734403.39,0,0
29,DEBIT,115964.22,C1004077,389602.56,273638.34,C3004077,982609.99,1098574.21,0,0
16,CASH_IN,175443.26,C1004078,320485.66,145042.4,C3004078,311764.05,487207.31,0,0
2,CASH_OUT,173562.7,C1004079,30305.18,30305.18,C3004079,186267.18,359829.88,0,0
2,CASH_OUT,90270.11,C1004080,47831.79,47831.79,C3004080,403309.89,493580.0,0,0
3,PAYMENT,3171.71,C1004081,18958.47,15786.76,M2004081,470799.41,473971.12,0,0
8,DEBIT,85346.12,C1004082,228408.16,143062.04,C3004082,895361.54,980707.66,0,0
24,CASH_IN,121278.09,C1004083,412926.72,291648.63,C3004083,559940.44,681218.53,0,0
28,PAYMENT,111597.18,C1004084,156541.58,44944.4,M2004084,292181.0,403778.18,0,0
15,CASH_OUT,130302.09,C1004085,192080.09,61778.0,C3004085,742634.28,872936.37,0,0
7,DEBIT,30899.74,C1004086,454738.55,423838.81,C3004086,505831.94,536731.68,0,0
6,CASH_IN,129342.37,C1004087,418451.72,289109.35,C3004087,162131.95,291474.32,0,0
9,TRANSFER,36612.06,C1004088,332524.06,295912.0,C3004088,576819.79,613431.85,0,0
20,DEBIT,150129.74,C1004089,133401.89,133401.89,C3004089,911394.54,1061524.28,0,0
28,CASH_IN,67883.61,C1004090,58520.74,58520.74,C3004090,842622.62,910506.23,0,0
1,PAYMENT,142008.1,C1004091,8029.41,8029.41,M2004091,586809.97,728818.07,0,0
8,TRANSFER,9668.33,C1004092,53505.34,43837.01,C3004092,377083.17,386751.5,0,0
23,CASH_IN,81631.22,C1004093,146298.22,64667.0,C3004093,86978.75,168609.97,0,0
23,CASH_IN,141036.4,C1004094,275895.03,134858.63,C3004094,469648.92,610685.32,0,0
3,CASH_OUT,45451.42,C1004095,32000.04,32000.04,C3004095,752079.44,797530.86,0,0
4,DEBIT,159077.88,C1004096,68113.89,68113.89,C3004096,360273.72,519351.6,0,0
26,CASH_OUT,126192.87,C1004097,90540.35,90540.35,C3004097,235446.83,361639.7,0,0
25,TRANSFER,117553.6,C1004098,315991.05,198437.45,C3004098,931379.72,1048933.32,0,0
15,CASH_IN,70774.42,C1004099,307894.9,237120.48,C3004099,821555.7,892330.12,0,0
6,CASH_OUT,96542.05,C1004100,275382.86,178840.81,C3004100,638275.62,734817.67,0,0
15,DEBIT,119510.13,C1004101,125250.71,5740.58,C3004101,136783.34,256293.47,0,0
21,TRANSFER,94545.18,C1004102,185559.85,91014.67,C3004102,144908.84,239454.02,0,0
3,PAYMENT,139692.83,C1004103,48344.86,48344.86,M2004103,103219.59,242912.42,0,0
25,CASH_OUT,86796.02,C1004104,113230.3,26434.28,C3004104,616296.67,703092.69,0,0
21,TRANSFER,40534.41,C1004105,448852.61,408318.2,C3004105,115562.8,156097.21,0,0
21,PAYMENT,42865.36,C1004106,489845.87,446980.51,M2004106,842627.2,885492.56,0,0
14,CASH_OUT,1260.17,C1004107,323829.79,322569.62,C3004107,992965.0,994225.17,0,0
20,TRANSFER,60261.45,C1004108,458411.65,398150.2,C3004108,366348.18,426609.63,0,0
14,TRANSFER,149808.64,C1004109,321370.95,171562.31,C3004109,453669.85,603478.49,0,0
4,CASH_OUT,158853.13,C1004110,16598.24,16598.24,C3004110,711667.18,870520.31,0,0
12,TRANSFER,40573.26,C1004111,498381.29,457808.03,C3004111,937153.01,977726.27,0,0
17,CASH_IN,191812.89,C1004112,49476.15,49476.15,C3004112,894093.77,1085906.66,0,1
7,CASH_OUT,100530.32,C1004113,341320.9,240790.58,C3004113,57591.83,158122.15,0,0
9,TRANSFER,183404.05,C1004114,126418.1,126418.1,C3004114,169071.8,352475.85,1,0
3,PAYMENT,141382.38,C1004115,195990.56,54608.18,M2004115,754597.2,895979.58,0,0
28,PAYMENT,144514.44,C1004116,322967.09,178452.65,M2004116,688893.11,833407.55,0,0
13,CASH_IN,17100.22,C1004117,218243.67,201143.45,C3004117,133218.59,150318.81,0,0
15,CASH_OUT,44076.23,C1004118,125273.03,81196.8,C3004118,502064.58,546140.81,0,0
18,TRANSFER,1862.09,C1004119,167223.09,165361.0,C3004119,780814.63,782676.72,0,0
19,TRANSFER,143253.92,C1004120,170774.06,27520.14,C3004120,218780.68,362034.6,0,0
1,PAYMENT,68953.21,C1004121,479661.95,410708.74,M2004121,871287.64,940240.85,0,0
6,CASH_IN,157351.84,C1004122,399306.51,241954.67,C3004122,52971.77,210323.61,0,0
27,PAYMENT,67853.35,C1004123,229274.39,161421.04,M2004123,782195.09,850048.44,0,0
27,PAYMENT,163884.82,C1004124,99910.46,99910.46,M2004124,615818.9,779703.72,0,0
23,CASH_IN,26226.58,C1004125,405508.06,379281.48,C3004125,315199.35,341425.93,0,0
27,CASH_OUT,34757.29,C1004126,78591.24,43833.95,C3004126,720932.55,755689.84,0,0
27,TRANSFER,68241.22,C1004127,105231.11,36989.89,C3004127,782365.8,850607.02,0,0
2,CASH_OUT,81756.63,C1004128,183006.7,101250.07,C3004128,933898.97,1015655.6,0,0
24,DEBIT,69805.69,C1004129,440174.1,370368.41,C3004129,367774.67,437580.36,0,0
14,DEBIT,152753.04,C1004130,65893.33,65893.33,C3004130,686016.74,838769.78,0,0
6,DEBIT,19480.58,C1004131,61117.1,41636.52,C3004131,602616.28,622096.86,0,0
14,CASH_IN,70308.28,C1004132,246987.49,176679.21,C3004132,525206.07,595514.35,0,0
4,PAYMENT,167464.28,C1004133,138205.27,138205.27,M2004133,890416.47,1057880.75,0,0
21,CASH_OUT,13452.74,C1004134,284363.97,270911.23,C3004134,3167.31,16620.05,0,0
8,TRANSFER,188474.47,C1004135,225818.34,37343.87,C3004135,282111.61,470586.08,1,0
30,DEBIT,197264.74,C1004136,217479.55,20214.81,C3004136,538277.24,735541.98,0,1
3,CASH_OUT,17804.78,C1004137,55986.49,38181.71,C3004137,178293.26,196098.04,0,0
19,DEBIT,58325.38,C1004138,70524.85,12199.47,C3004138,907866.53,966191.91,0,0
30,DEBIT,74542.89,C1004139,410539.29,335996.4,C3004139,647595.12,722138.01,0,0
14,TRANSFER,155300.63,C1004140,442941.37,287640.74,C3004140,477882.99,633183.62,1,0
27,CASH_IN,119225.77,C1004141,117341.77,117341.77,C3004141,814701.76,933927.53,0,0
20,PAYMENT,128908.7,C1004142,56730.25,56730.25,M2004142,450886.19,579794.89,0,0
17,CASH_IN,151526.21,C1004143,26708.34,26708.34,C3004143,558653.01,710179.22,0,0
25,CASH_OUT,23684.0,C1004144,304148.81,280464.81,C3004144,2751.0,26435.0,0,0
8,CASH_IN,166658.57,C1004145,357676.61,191018.04,C3004145,365700.53,532359.1,0,0
24,CASH_OUT,141153.4,C1004146,186404.99,45251.59,C3004146,138790.47,279943.87,0,0
14,CASH_OUT,115510.61,C1004147,339837.93,224327.32,C3004147,689688.68,805199.29,0,0
26,PAYMENT,177958.09,C1004148,356479.41,178521.32,M2004148,479026.96,656985.05,0,0
6,TRANSFER,140091.24,C1004149,467671.14,327579.9,C3004149,301757.56,441848.8,0,0
23,PAYMENT,40419.82,C1004150,32436.82,32436.82,M2004150,467832.34,508252.16,0,0
22,CASH_IN,86006.1,C1004151,96145.86,10139.76,C3004151,209629.89,295635.99,0,0
16,CASH_OUT,98859.17,C1004152,34262.99,34262.99,C3004152,925086.63,1023945.8,0,0
25,DEBIT,11138.0,C1004153,433996.97,422858.97,C3004153,53972.63,65110.63,0,0
19,DEBIT,190932.04,C1004154,396293.58,205361.54,C3004154,865417.04,1056349.08,0,1
14,CASH_OUT,25802.59,C1004155,287321.04,261518.45,C3004155,511358.79,537161.38,0,0
19,PAYMENT,139522.51,C1004156,41831.71,41831.71,M2004156,618946.5,758469.01,0,0
3,TRANSFER,101295.58,C1004157,136656.18,35360.6,C3004157,302605.62,403901.2,0,0
10,PAYMENT,5223.89,C1004158,148859.92,143636.03,M2004158,966697.62,971921.51,0,0
19,CASH_OUT,184957.02,C1004159,280371.6,95414.58,C3004159,281850.96,466807.98,1,0
9,CASH_OUT,170382.18,C1004160,129021.95,129021.95,C3004160,588878.0,759260.18,0,0
28,TRANSFER,104899.16,C1004161,36479.93,36479.93,C3004161,993416.71,1098315.87,0,0
20,CASH_IN,45865.57,C1004162,365381.15,319515.58,C3004162,881094.4,926959.97,0,0
13,CASH_IN,24412.42,C1004163,149540.11,125127.69,C3004163,536329.83,560742.25,0,0
7,TRANSFER,72742.16,C1004164,226187.09,153444.93,C3004164,990374.52,1063116.68,0,0
14,CASH_IN,51160.11,C1004165,63833.32,12673.21,C3004165,701369.86,752529.97,0,0
9,DEBIT,101387.57,C1004166,401274.15,299886.58,C3004166,208700.42,310087.99,0,0
27,CASH_IN,193285.22,C1004167,282765.94,89480.72,C3004167,405596.21,598881.43,0,1
28,CASH_IN,115033.2,C1004168,450792.81,335759.61,C3004168,334493.33,449526.53,0,0
23,CASH_IN,177997.22,C1004169,247735.78,69738.56,C3004169,344013.71,522010.93,0,0
25,DEBIT,130210.68,C1004170,470712.84,340502.16,C3004170,760456.44,890667.12,0,0
28,CASH_IN,95101.78,C1004171,445934.1,350832.32,C3004171,584262.93,679364.71,0,0
19,DEBIT,170936.05,C1004172,288229.93,117293.88,C3004172,38092.71,209028.76,0,0
15,TRANSFER,94326.49,C1004173,466946.72,372620.23,C3004173,877448.48,971774.97,0,0
20,PAYMENT,173738.77,C1004174,161544.37,161544.37,M2004174,296796.14,470534.91,0,0
14,TRANSFER,58386.2,C1004175,182821.08,124434.88,C3004175,997074.88,1055461.08,0,0
24,PAYMENT,25849.73,C1004176,22738.98,22738.98,M2004176,954190.73,980040.46,0,0
6,TRANSFER,171077.36,C1004177,294600.45,123523.09,C3004177,940530.72,1111608.08,1,0
21,PAYMENT,117524.29,C1004178,360961.98,243437.69,M2004178,811127.6,928651.89,0,0
29,PAYMENT,177829.57,C1004179,386759.6,208930.03,M2004179,220613.33,398442.9,0,0
4,CASH_OUT,187571.66,C1004180,74908.14,74908.14,C3004180,532632.74,720204.4,1,0
8,PAYMENT,10820.32,C1004181,222079.54,211259.22,M2004181,224302.63,235122.95,0,0
17,PAYMENT,100243.76,C1004182,88431.61,88431.61,M2004182,259675.46,359919.22,0,0
30,CASH_OUT,75055.41,C1004183,331063.67,256008.26,C3004183,610951.77,686007.18,0,0
9,CASH_IN,125209.09,C1004184,78973.19,78973.19,C3004184,40833.55,166042.64,0,0
1,CASH_IN,158738.88,C1004185,452081.84,293342.96,C3004185,969458.57,1128197.45,0,0
24,CASH_OUT,56189.98,C1004186,115317.32,59127.34,C3004186,918673.17,974863.15,0,0
20,DEBIT,111404.0,C1004187,145701.13,34297.13,C3004187,380767.57,492171.57,0,0
25,PAYMENT,141774.84,C1004188,425453.16,283678.32,M2004188,515422.45,657197.29,0,0
14,PAYMENT,26972.77,C1004189,229233.81,202261.04,M2004189,466119.42,493092.19,0,0
11,CASH_OUT,162831.97,C1004190,11997.97,11997.97,C3004190,882199.78,1045031.75,1,0
21,CASH_OUT,121261.31,C1004191,247293.13,126031.82,C3004191,688601.88,809863.19,0,0
3,DEBIT,189912.53,C1004192,42271.67,42271.67,C3004192,278111.25,468023.78,0,0
9,CASH_IN,67971.83,C1004193,492672.36,424700.53,C3004193,446841.25,514813.08,0,0
27,TRANSFER,21718.37,C1004194,294055.79,272337.42,C3004194,428965.98,450684.35,0,0
14,CASH_IN,101349.59,C1004195,128266.31,26916.72,C3004195,959335.17,1060684.76,0,0
30,PAYMENT,17253.57,C1004196,281858.84,264605.27,M2004196,175310.91,192564.48,0,0
9,CASH_OUT,193908.35,C1004197,38433.55,38433.55,C3004197,89576.34,283484.69,1,1
4,DEBIT,7833.12,C1004198,399945.65,392112.53,C3004198,880618.83,888451.95,0,0
27,CASH_IN,150725.43,C1004199,462664.03,311938.6,C3004199,896685.99,1047411.42,0,0
4,DEBIT,105067.97,C1004200,437222.19,332154.22,C3004200,871739.09,976807.06,0,0
28,CASH_IN,73787.27,C1004201,170878.8,97091.53,C3004201,510976.92,584764.19,0,0
8,PAYMENT,13261.85,C1004202,162884.06,149622.21,M2004202,659744.43,673006.28,0,0
2,TRANSFER,124471.17,C1004203,17543.81,17543.81,C3004203,563363.05,687834.22,0,0
9,DEBIT,117085.54,C1004204,325700.18,208614.64,C3004204,69447.83,186533.37,0,0
29,DEBIT,56248.57,C1004205,267452.39,211203.82,C3004205,595834.9,652083.47,0,0
14,TRANSFER,182053.32,C1004206,229673.19,47619.87,C3004206,13614.15,195667.47,1,0
22,DEBIT,60891.59,C1004207,453815.48,392923.89,C3004207,324987.41,385879.0,0,0
9,DEBIT,90000.11,C1004208,83939.45,83939.45,C3004208,932292.58,1022292.69,0,0
24,CASH_IN,108798.11,C1004209,4833.13,4833.13,C3004209,304045.27,412843.38,0,0
23,CASH_IN,20136.35,C1004210,36658.23,16521.88,C3004210,939826.64,959962.99,0,0
16,TRANSFER,186439.13,C1004211,111685.72,111685.72,C3004211,250133.96,436573.09,1,0
29,PAYMENT,74969.78,C1004212,16642.77,16642.77,M2004212,314562.24,389532.02,0,0
30,DEBIT,16247.76,C1004213,251421.86,235174.1,C3004213,628407.5,644655.26,0,0
17,PAYMENT,77519.51,C1004214,157045.23,79525.72,M2004214,761626.97,839146.48,0,0
16,TRANSFER,120080.49,C1004215,90241.5,90241.5,C3004215,501387.77,621468.26,0,0
30,TRANSFER,102779.17,C1004216,375042.04,272262.87,C3004216,882115.69,984894.86,0,0
12,CASH_IN,138938.94,C1004217,102225.66,102225.66,C3004217,40240.42,179179.36,0,0
3,DEBIT,11191.24,C1004218,343802.55,332611.31,C3004218,922194.84,933386.08,0,0
11,CASH_OUT,56979.67,C1004219,174632.45,117652.78,C3004219,196307.8,253287.47,0,0
14,TRANSFER,163864.19,C1004220,255913.88,92049.69,C3004220,884238.75,1048102.94,1,0
18,DEBIT,16070.75,C1004221,466933.52,450862.77,C3004221,400863.18,416933.93,0,0
21,PAYMENT,171111.64,C1004222,18675.82,18675.82,M2004222,832757.06,1003868.7,0,0
21,CASH_IN,18470.03,C1004223,250132.25,231662.22,C3004223,671665.55,690135.58,0,0
5,PAYMENT,166907.4,C1004224,427211.48,260304.08,M2004224,175941.63,342849.03,0,0
16,TRANSFER,72221.6,C1004225,293987.12,221765.52,C3004225,918047.57,990269.17,0,0
20,TRANSFER,122480.59,C1004226,138435.26,15954.67,C3004226,245517.39,367997.98,0,0
5,PAYMENT,30662.13,C1004227,198840.57,168178.44,M2004227,244140.12,274802.25,0,0
3,TRANSFER,13327.13,C1004228,340132.81,326805.68,C3004228,814178.9,827506.03,0,0
12,DEBIT,43266.05,C1004229,445405.95,402139.9,C3004229,105873.26,149139.31,0,0
1,TRANSFER,25657.98,C1004230,20533.19,20533.19,C3004230,222035.91,247693.89,0,0
21,CASH_IN,62549.94,C1004231,35769.41,35769.41,C3004231,503677.57,566227.51,0,0
29,DEBIT,102925.21,C1004232,162525.76,59600.55,C3004232,830477.03,933402.24,0,0
9,CASH_OUT,117793.02,C1004233,116389.84,116389.84,C3004233,147483.97,265276.99,0,0
29,TRANSFER,157994.63,C1004234,132465.44,132465.44,C3004234,547668.23,705662.86,0,0
9,TRANSFER,131282.35,C1004235,110635.0,110635.0,C3004235,711240.59,842522.94,0,0
4,CASH_IN,121790.79,C1004236,97912.52,97912.52,C3004236,860595.22,982386.01,0,0
3,CASH_IN,82415.23,C1004237,65311.98,65311.98,C3004237,935565.56,1017980.79,0,0
17,PAYMENT,94814.31,C1004238,466977.07,372162.76,M2004238,784639.91,879454.22,0,0
2,PAYMENT,82962.71,C1004239,72094.73,72094.73,M2004239,652828.4,735791.11,0,0
24,PAYMENT,168448.99,C1004240,102201.89,102201.89,M2004240,433620.09,602069.08,0,0
1,CASH_IN,46077.09,C1004241,123132.86,77055.77,C3004241,112110.15,158187.24,0,0
8,PAYMENT,1243.61,C1004242,466507.44,465263.83,M2004242,709737.19,710980.8,0,0
13,PAYMENT,130298.85,C1004243,377857.07,247558.22,M2004243,992737.3,1123036.15,0,0
23,CASH_OUT,40572.19,C1004244,394849.72,354277.53,C3004244,736760.59,777332.78,0,0
15,PAYMENT,178034.02,C1004245,52379.13,52379.13,M2004245,16711.09,194745.11,0,0
8,TRANSFER,171823.36,C1004246,418154.94,246331.58,C3004246,496259.98,668083.34,0,0
12,CASH_IN,15437.8,C1004247,204096.54,188658.74,C3004247,614646.63,630084.43,0,0
22,DEBIT,21367.04,C1004248,131411.51,110044.47,C3004248,689674.2,711041.24,0,0
12,CASH_OUT,99084.8,C1004249,287875.04,188790.24,C3004249,719725.84,818810.64,0,0
14,CASH_IN,121883.61,C1004250,411091.45,289207.84,C3004250,558108.44,679992.05,0,0
15,CASH_IN,55054.18,C1004251,389326.08,334271.9,C3004251,223360.33,278414.51,0,0
15,TRANSFER,143387.86,C1004252,444998.74,301610.88,C3004252,942200.66,1085588.52,0,0
9,PAYMENT,119023.71,C1004253,464066.09,345042.38,M2004253,696666.47,815690.18,0,0
19,TRANSFER,65032.34,C1004254,119061.04,54028.7,C3004254,236840.04,301872.38,0,0
26,PAYMENT,5171.76,C1004255,211928.95,206757.19,M2004255,322321.83,327493.59,0,0
20,PAYMENT,150055.04,C1004256,7314.27,7314.27,M2004256,921927.67,1071982.71,0,0
29,CASH_IN,43029.26,C1004257,439660.83,396631.57,C3004257,887485.19,930514.45,0,0
22,PAYMENT,166911.3,C1004258,77286.08,77286.08,M2004258,405146.44,572057.74,0,0
8,CASH_OUT,84116.02,C1004259,430737.41,346621.39,C3004259,38307.22,122423.24,0,0
21,CASH_OUT,115457.78,C1004260,164693.66,49235.88,C3004260,48497.37,163955.15,0,0
19,CASH_OUT,174602.45,C1004261,184066.79,9464.34,C3004261,283918.29,458520.74,1,0
6,CASH_IN,172738.24,C1004262,19566.13,19566.13,C3004262,629122.22,801860.46,0,0
20,TRANSFER,74366.76,C1004263,163439.39,89072.63,C3004263,584194.64,658561.4,0,0
25,DEBIT,41856.89,C1004264,444181.84,402324.95,C3004264,633827.79,675684.68,0,0
29,PAYMENT,155051.7,C1004265,12773.7,12773.7,M2004265,717282.97,872334.67,0,0
19,DEBIT,86672.73,C1004266,203163.74,116491.01,C3004266,19032.25,105704.98,0,0
4,TRANSFER,38489.19,C1004267,15699.81,15699.81,C3004267,105085.6,143574.79,0,0
23,TRANSFER,180894.63,C1004268,185461.71,4567.08,C3004268,359483.45,540378.08,1,0
7,CASH_IN,39701.03,C1004269,86320.32,46619.29,C3004269,154860.0,194561.03,0,0
28,CASH_OUT,5258.85,C1004270,126109.2,120850.35,C3004270,75320.04,80578.89,0,0
28,CASH_OUT,4153.97,C1004271,438799.19,434645.22,C3004271,640964.4,645118.37,0,0
4,TRANSFER,124500.84,C1004272,218024.61,93523.77,C3004272,815336.48,939837.32,0,0
22,CASH_IN,132368.84,C1004273,136899.0,4530.16,C3004273,752626.66,884995.5,0,0
12,CASH_IN,62277.24,C1004274,294669.19,232391.95,C3004274,817039.78,879317.02,0,0
13,PAYMENT,64070.2,C1004275,71053.48,6983.28,M2004275,665856.54,729926.74,0,0
3,CASH_OUT,67964.83,C1004276,129695.8,61730.97,C3004276,735345.32,803310.15,0,0
22,TRANSFER,136063.69,C1004277,273123.98,137060.29,C3004277,271778.77,407842.46,0,0
12,DEBIT,11720.94,C1004278,118761.52,107040.58,C3004278,993008.04,1004728.98,0,0
2,CASH_OUT,185830.36,C1004279,339563.87,153733.51,C3004279,183165.65,368996.01,0,0
24,PAYMENT,44581.96,C1004280,245745.65,201163.69,M2004280,214493.87,259075.83,0,0
2,CASH_IN,199934.67,C1004281,385994.54,186059.87,C3004281,288921.83,488856.5,0,1
27,TRANSFER,34387.39,C1004282,474122.27,439734.88,C3004282,975332.43,1009719.82,0,0
23,CASH_OUT,154332.14,C1004283,57902.44,57902.44,C3004283,988288.59,1142620.73,0,0
9,DEBIT,44760.17,C1004284,167332.5,122572.33,C3004284,794893.75,839653.92,0,0
1,PAYMENT,16261.28,C1004285,159774.53,143513.25,M2004285,629057.6,645318.88,0,0
8,PAYMENT,174999.17,C1004286,75591.46,75591.46,M2004286,520062.58,695061.75,0,0
23,CASH_OUT,171764.38,C1004287,405151.57,233387.19,C3004287,970620.85,1142385.23,0,0
6,DEBIT,80773.72,C1004288,379939.35,299165.63,C3004288,695622.8,776396.52,0,0
6,PAYMENT,140508.99,C1004289,242212.74,101703.75,M2004289,944730.13,1085239.12,0,0
22,TRANSFER,111457.48,C1004290,268885.39,157427.91,C3004290,316550.8,428008.28,0,0
25,PAYMENT,170605.93,C1004291,29772.07,29772.07,M2004291,333774.79,504380.72,0,0
18,DEBIT,63079.69,C1004292,277753.68,214673.99,C3004292,854724.59,917804.28,0,0
17,CASH_IN,104782.11,C1004293,395670.76,290888.65,C3004293,149854.92,254637.03,0,0
29,CASH_IN,97125.94,C1004294,286913.79,189787.85,C3004294,945927.86,1043053.8,0,0
12,CASH_OUT,70845.77,C1004295,132653.19,61807.42,C3004295,507474.35,578320.12,0,0
6,DEBIT,178301.87,C1004296,333774.14,155472.27,C3004296,926413.88,1104715.75,0,0
26,PAYMENT,33259.0,C1004297,180744.21,147485.21,M2004297,336792.79,370051.79,0,0
27,PAYMENT,29986.78,C1004298,272436.64,242449.86,M2004298,715958.9,745945.68,0,0
8,CASH_IN,115424.22,C1004299,243782.68,128358.46,C3004299,482875.12,598299.34,0,0
19,CASH_IN,131533.1,C1004300,190587.5,59054.4,C3004300,626803.63,758336.73,0,0
28,TRANSFER,39004.39,C1004301,359438.99,320434.6,C3004301,504372.49,543376.88,0,0
10,CASH_IN,78204.42,C1004302,441938.06,363733.64,C3004302,967115.62,1045320.04,0,0
1,TRANSFER,189318.11,C1004303,2606.26,2606.26,C3004303,692105.4,881423.51,1,0
25,PAYMENT,49398.82,C1004304,466808.26,417409.44,M2004304,251318.97,300717.79,0,0
29,TRANSFER,133705.3,C1004305,255757.57,122052.27,C3004305,909676.92,1043382.22,0,0
13,TRANSFER,148055.86,C1004306,350365.94,202310.08,C3004306,294029.74,442085.6,0,0
17,CASH_OUT,89680.93,C1004307,427812.28,338131.35,C3004307,371605.1,461286.03,0,0
3,CASH_IN,187511.44,C1004308,233551.85,46040.41,C3004308,102123.7,289635.14,0,0
8,TRANSFER,147357.68,C1004309,417487.04,270129.36,C3004309,899966.52,1047324.2,0,0
14,PAYMENT,91639.12,C1004310,88809.91,88809.91,M2004310,286112.02,377751.14,0,0
3,DEBIT,113910.11,C1004311,79583.77,79583.77,C3004311,258917.62,372827.73,0,0
16,TRANSFER,138553.43,C1004312,328735.68,190182.25,C3004312,920262.6,1058816.03,0,0
13,CASH_IN,118478.82,C1004313,435071.5,316592.68,C3004313,805526.86,924005.68,0,0
20,CASH_OUT,175751.65,C1004314,446213.09,270461.44,C3004314,141078.92,316830.57,0,0
24,PAYMENT,71442.04,C1004315,321870.23,250428.19,M2004315,769324.5,840766.54,0,0
17,CASH_OUT,60047.16,C1004316,262744.62,202697.46,C3004316,913033.1,973080.26,0,0
13,DEBIT,42846.39,C1004317,165696.54,122850.15,C3004317,78511.22,121357.61,0,0
29,TRANSFER,7652.82,C1004318,490000.21,482347.39,C3004318,825214.99,832867.81,0,0
6,TRANSFER,8698.49,C1004319,159847.84,151149.35,C3004319,547420.05,556118.54,0,0
17,CASH_IN,174024.03,C1004320,372093.05,198069.02,C3004320,669197.45,843221.48,0,0
14,TRANSFER,135710.79,C1004321,265990.9,130280.11,C3004321,492854.34,628565.13,0,0
17,PAYMENT,132140.43,C1004322,304256.17,172115.74,M2004322,697803.08,829943.51,0,0
30,DEBIT,122967.1,C1004323,196740.28,73773.18,C3004323,34097.86,157064.96,0,0
8,CASH_OUT,169858.91,C1004324,482411.56,312552.65,C3004324,762706.72,932565.63,0,0
11,DEBIT,96105.36,C1004325,285841.16,189735.8,C3004325,33343.7,129449.06,0,0
20,TRANSFER,174095.12,C1004326,468893.82,294798.7,C3004326,455299.85,629394.97,0,0
28,CASH_OUT,71953.06,C1004327,3795.71,3795.71,C3004327,150964.99,222918.05,0,0
1,CASH_IN,185348.83,C1004328,286335.29,100986.46,C3004328,823574.28,1008923.11,0,0
26,DEBIT,139761.53,C1004329,358593.44,218831.91,C3004329,313660.91,453422.44,0,0
7,CASH_OUT,51509.71,C1004330,372540.09,321030.38,C3004330,454093.54,505603.25,0,0
21,CASH_OUT,112860.58,C1004331,452488.44,339627.86,C3004331,428750.74,541611.32,0,0
21,CASH_OUT,106652.81,C1004332,2200.8,2200.8,C3004332,772501.97,879154.78,0,0
17,PAYMENT,27665.97,C1004333,165.08,165.08,M2004333,481144.36,508810.33,0,0
30,DEBIT,118289.46,C1004334,236131.73,117842.27,C3004334,788958.34,907247.8,0,0
10,CASH_OUT,63025.65,C1004335,14646.85,14646.85,C3004335,73508.28,136533.93,0,0
11,DEBIT,10564.52,C1004336,487266.28,476701.76,C3004336,191593.97,202158.49,0,0
22,CASH_OUT,189736.37,C1004337,111032.59,111032.59,C3004337,551534.25,741270.62,1,0
30,CASH_IN,128333.92,C1004338,236332.36,107998.44,C3004338,947088.32,1075422.24,0,0
9,CASH_IN,175396.09,C1004339,30568.82,30568.82,C3004339,74757.85,250153.94,0,0
9,CASH_IN,135243.6,C1004340,261024.21,125780.61,C3004340,43084.22,178327.82,0,0
24,TRANSFER,71461.04,C1004341,189978.06,118517.02,C3004341,156550.67,228011.71,0,0
5,CASH_OUT,102586.35,C1004342,22330.01,22330.01,C3004342,641153.13,743739.48,0,0
17,TRANSFER,135181.78,C1004343,167562.13,32380.35,C3004343,398992.92,534174.7,0,0
9,DEBIT,192054.44,C1004344,195718.01,3663.57,C3004344,825552.38,1017606.82,0,1
17,TRANSFER,50808.52,C1004345,494960.75,444152.23,C3004345,71933.15,122741.67,0,0
24,DEBIT,175007.91,C1004346,103942.94,103942.94,C3004346,196414.09,371422.0,0,0
21,DEBIT,184823.15,C1004347,272389.81,87566.66,C3004347,300026.41,484849.56,0,0
19,DEBIT,134116.06,C1004348,493657.77,359541.71,C3004348,626730.09,760846.15,0,0
27,TRANSFER,186260.2,C1004349,396009.6,209749.4,C3004349,685172.69,871432.89,1,0
7,CASH_OUT,79635.93,C1004350,496683.75,417047.82,C3004350,124203.29,203839.22,0,0
23,TRANSFER,190607.93,C1004351,484149.16,293541.23,C3004351,943804.71,1134412.64,1,1
9,CASH_OUT,140586.3,C1004352,244769.77,104183.47,C3004352,341044.14,481630.44,0,0
7,CASH_OUT,8496.95,C1004353,348187.92,339690.97,C3004353,713168.76,721665.71,0,0
13,DEBIT,181383.88,C1004354,55221.56,55221.56,C3004354,524207.72,705591.6,0,0
11,TRANSFER,96946.11,C1004355,220574.41,123628.3,C3004355,222758.11,319704.22,0,0
14,CASH_OUT,92119.36,C1004356,404509.27,312389.91,C3004356,846228.32,938347.68,0,0
19,CASH_IN,113336.67,C1004357,252667.66,139330.99,C3004357,818238.03,931574.7,0,0
11,CASH_OUT,29961.97,C1004358,351349.52,321387.55,C3004358,396071.85,426033.82,0,0
13,CASH_IN,93886.29,C1004359,372875.66,278989.37,C3004359,588607.59,682493.88,0,0
14,TRANSFER,166242.33,C1004360,126734.57,126734.57,C3004360,257825.7,424068.03,0,0
13,TRANSFER,3194.94,C1004361,437849.69,434654.75,C3004361,689851.63,693046.57,0,0
1,TRANSFER,54656.14,C1004362,229911.22,175255.08,C3004362,309026.81,363682.95,0,0
8,CASH_OUT,590.67,C1004363,105092.55,104501.88,C3004363,844078.73,844669.4,0,0
12,PAYMENT,83200.69,C1004364,432707.94,349507.25,M2004364,217385.1,300585.79,0,0
19,CASH_OUT,145690.27,C1004365,208909.4,63219.13,C3004365,14803.42,160493.69,0,0
12,CASH_OUT,159774.49,C1004366,375156.22,215381.73,C3004366,268508.04,428282.53,0,0
8,DEBIT,189043.43,C1004367,274016.54,84973.11,C3004367,191052.49,380095.92,0,0
8,DEBIT,121740.07,C1004368,190935.88,69195.81,C3004368,508286.44,630026.51,0,0
29,CASH_OUT,50999.91,C1004369,404938.21,353938.3,C3004369,203703.29,254703.2,0,0
21,CASH_IN,184837.18,C1004370,292234.97,107397.79,C3004370,763189.87,948027.05,0,0
13,DEBIT,155085.62,C1004371,195281.05,40195.43,C3004371,241370.64,396456.26,0,0
12,CASH_OUT,114928.25,C1004372,54798.94,54798.94,C3004372,706968.18,821896.43,0,0
29,PAYMENT,139158.48,C1004373,447722.66,308564.18,M2004373,578470.92,717629.4,0,0
16,CASH_IN,184870.84,C1004374,17734.79,17734.79,C3004374,986249.86,1171120.7,0,0
1,TRANSFER,142507.57,C1004375,431593.67,289086.1,C3004375,999900.98,1142408.55,0,0
13,CASH_OUT,73738.06,C1004376,179980.76,106242.7,C3004376,869526.08,943264.14,0,0
26,CASH_OUT,142634.34,C1004377,319669.38,177035.04,C3004377,759983.37,902617.71,0,0
7,CASH_IN,8151.6,C1004378,461099.86,452948.26,C3004378,386456.41,394608.01,0,0
28,DEBIT,77344.47,C1004379,75853.31,75853.31,C3004379,753276.73,830621.2,0,0
26,DEBIT,81323.97,C1004380,283475.24,202151.27,C3004380,956675.54,1037999.51,0,0
5,DEBIT,33450.96,C1004381,382216.43,348765.47,C3004381,23377.58,56828.54,0,0
8,TRANSFER,4714.79,C1004382,378791.92,374077.13,C3004382,537914.7,542629.49,0,0
25,CASH_IN,26762.91,C1004383,262815.96,236053.05,C3004383,217998.3,244761.21,0,0
27,CASH_IN,130958.84,C1004384,312369.73,181410.89,C3004384,557876.32,688835.16,0,0
14,DEBIT,160477.53,C1004385,378763.5,218285.97,C3004385,466447.09,626924.62,0,0
23,DEBIT,197641.88,C1004386,420513.82,222871.94,C3004386,575768.58,773410.46,0,1
30,PAYMENT,69338.06,C1004387,380906.55,311568.49,M2004387,550962.22,620300.28,0,0
13,PAYMENT,119915.91,C1004388,177002.47,57086.56,M2004388,960107.04,1080022.95,0,0
15,CASH_OUT,187435.28,C1004389,498363.2,310927.92,C3004389,552186.11,739621.39,1,0
23,CASH_OUT,33491.65,C1004390,217251.35,183759.7,C3004390,846232.09,879723.74,0,0
17,CASH_IN,143557.35,C1004391,12232.35,12232.35,C3004391,319820.29,463377.64,0,0
15,CASH_IN,151020.25,C1004392,181308.48,30288.23,C3004392,438100.69,589120.94,0,0
20,TRANSFER,17886.21,C1004393,63891.48,46005.27,C3004393,470413.48,488299.69,0,0
18,TRANSFER,172263.75,C1004394,60721.31,60721.31,C3004394,278728.04,450991.79,1,0
18,PAYMENT,162639.7,C1004395,140767.52,140767.52,M2004395,379790.26,542429.96,0,0
2,CASH_OUT,6777.26,C1004396,26687.75,19910.49,C3004396,598513.08,605290.34,0,0
4,PAYMENT,18307.77,C1004397,344256.09,325948.32,M2004397,580187.76,598495.53,0,0
30,PAYMENT,9920.47,C1004398,36994.44,27073.97,M2004398,636435.34,646355.81,0,0
1,CASH_OUT,67015.23,C1004399,101644.78,34629.55,C3004399,351817.92,418833.15,0,0
4,TRANSFER,101906.87,C1004400,46449.86,46449.86,C3004400,315831.5,417738.37,0,0
18,CASH_OUT,106516.31,C1004401,31583.87,31583.87,C3004401,611617.88,718134.19,0,0
5,DEBIT,53606.59,C1004402,133875.83,80269.24,C3004402,132861.75,186468.34,0,0
19,DEBIT,182328.22,C1004403,285949.48,103621.26,C3004403,253031.54,435359.76,0,0
15,DEBIT,73715.73,C1004404,482342.78,408627.05,C3004404,42127.74,115843.47,0,0
28,CASH_IN,9205.48,C1004405,437778.33,428572.85,C3004405,72610.85,81816.33,0,0
8,TRANSFER,60115.4,C1004406,437966.96,377851.56,C3004406,243383.28,303498.68,0,0
20,TRANSFER,106268.77,C1004407,88033.52,88033.52,C3004407,19529.28,125798.05,0,0
17,CASH_IN,81703.54,C1004408,132453.6,50750.06,C3004408,245410.59,327114.13,0,0
1,PAYMENT,54841.12,C1004409,38196.66,38196.66,M2004409,654976.32,709817.44,0,0
12,DEBIT,26351.52,C1004410,389234.17,362882.65,C3004410,61107.08,87458.6,0,0
26,DEBIT,163850.98,C1004411,34908.15,34908.15,C3004411,436736.68,600587.66,0,0
19,PAYMENT,199229.43,C1004412,278347.84,79118.41,M2004412,913108.79,1112338.22,0,1
15,CASH_OUT,65975.47,C1004413,123937.79,57962.32,C3004413,791284.83,857260.3,0,0
9,CASH_OUT,76386.05,C1004414,121722.82,45336.77,C3004414,305437.5,381823.55,0,0
7,TRANSFER,123645.7,C1004415,495362.53,371716.83,C3004415,924805.48,1048451.18,0,0
2,CASH_IN,143716.45,C1004416,378389.9,234673.45,C3004416,329646.5,473362.95,0,0
29,TRANSFER,78466.7,C1004417,418469.68,340002.98,C3004417,72515.5,150982.2,0,0
9,CASH_OUT,180995.41,C1004418,285991.34,104995.93,C3004418,994055.96,1175051.37,1,0
10,PAYMENT,112044.8,C1004419,435507.14,323462.34,M2004419,870022.53,982067.33,0,0
2,TRANSFER,90132.98,C1004420,322745.27,232612.29,C3004420,465932.78,556065.76,0,0
19,DEBIT,129369.88,C1004421,473086.85,343716.97,C3004421,666376.52,795746.4,0,0
11,DEBIT,190565.49,C1004422,140669.29,140669.29,C3004422,671228.08,861793.57,0,1
13,PAYMENT,158931.0,C1004423,297659.77,138728.77,M2004423,194482.23,353413.23,0,0
10,CASH_OUT,8098.62,C1004424,345065.67,336967.05,C3004424,200048.63,208147.25,0,0
14,DEBIT,66528.75,C1004425,196468.65,129939.9,C3004425,469580.7,536109.45,0,0
18,DEBIT,94161.88,C1004426,439853.99,345692.11,C3004426,911573.14,1005735.02,0,0
19,CASH_IN,62972.06,C1004427,489901.58,426929.52,C3004427,9993.77,72965.83,0,0
22,TRANSFER,140067.49,C1004428,246884.75,106817.26,C3004428,782505.64,922573.13,0,0
9,CASH_OUT,165271.2,C1004429,195320.33,30049.13,C3004429,57526.78,222797.98,1,0
25,TRANSFER,146295.88,C1004430,235968.96,89673.08,C3004430,478222.11,624517.99,0,0
7,CASH_OUT,197867.72,C1004431,426368.37,228500.65,C3004431,637872.83,835740.55,0,1
28,DEBIT,54582.27,C1004432,322734.21,268151.94,C3004432,686759.27,741341.54,0,0
3,CASH_IN,175010.4,C1004433,22386.19,22386.19,C3004433,58479.26,233489.66,0,0
20,TRANSFER,153347.87,C1004434,271084.96,117737.09,C3004434,418603.62,571951.49,1,0
6,DEBIT,72499.53,C1004435,8650.06,8650.06,C3004435,583837.26,656336.79,0,0
27,CASH_OUT,146851.5,C1004436,389267.69,242416.19,C3004436,66045.54,212897.04,0,0
21,TRANSFER,20904.78,C1004437,164156.14,143251.36,C3004437,135094.56,155999.34,0,0
2,TRANSFER,157887.76,C1004438,236003.74,78115.98,C3004438,663648.99,821536.75,1,0
29,DEBIT,106512.89,C1004439,399339.05,292826.16,C3004439,521638.2,628151.09,0,0
6,TRANSFER,58528.81,C1004440,23224.41,23224.41,C3004440,161828.66,220357.47,0,0
3,CASH_IN,131189.88,C1004441,79270.77,79270.77,C3004441,535239.34,666429.22,0,0
16,CASH_IN,128359.84,C1004442,198980.19,70620.35,C3004442,912692.37,1041052.21,0,0
30,DEBIT,41976.3,C1004443,114962.58,72986.28,C3004443,15587.58,57563.88,0,0
8,CASH_OUT,6176.44,C1004444,168950.71,162774.27,C3004444,642633.77,648810.21,0,0
2,DEBIT,86781.16,C1004445,499087.37,412306.21,C3004445,73650.43,160431.59,0,0
17,CASH_IN,113945.42,C1004446,412707.22,298761.8,C3004446,6449.44,120394.86,0,0
9,PAYMENT,175333.4,C1004447,441950.91,266617.51,M2004447,150654.49,325987.89,0,0
30,PAYMENT,185650.54,C1004448,468527.32,282876.78,M2004448,422906.63,608557.17,0,0
12,TRANSFER,105808.16,C1004449,170467.94,64659.78,C3004449,802344.0,908152.16,0,0
3,TRANSFER,150785.32,C1004450,148538.48,148538.48,C3004450,281785.5,432570.82,1,0
11,PAYMENT,87916.72,C1004451,117031.25,29114.53,M2004451,625673.21,713589.93,0,0
1,CASH_IN,149241.82,C1004452,415058.46,265816.64,C3004452,411156.64,560398.46,0,0
23,TRANSFER,41039.82,C1004453,339775.93,298736.11,C3004453,234331.79,275371.61,0,0
13,DEBIT,74275.84,C1004454,118085.99,43810.15,C3004454,514247.11,588522.95,0,0
15,DEBIT,126882.18,C1004455,188496.91,61614.73,C3004455,797464.49,924346.67,0,0
26,CASH_IN,3729.78,C1004456,253355.88,249626.1,C3004456,832492.37,836222.15,0,0
5,TRANSFER,144520.02,C1004457,264070.03,119550.01,C3004457,846519.53,991039.55,0,0
21,DEBIT,167123.55,C1004458,444363.86,277240.31,C3004458,338557.81,505681.36,0,0
30,TRANSFER,79888.42,C1004459,190283.07,110394.65,C3004459,793456.06,873344.48,0,0
17,TRANSFER,89643.69,C1004460,454262.02,364618.33,C3004460,212178.46,301822.15,0,0
25,DEBIT,170271.31,C1004461,220683.78,50412.47,C3004461,738425.1,908696.41,0,0
23,PAYMENT,155153.36,C1004462,373186.34,218032.98,M2004462,948384.43,1103537.79,0,0
24,DEBIT,57701.08,C1004463,465127.16,407426.08,C3004463,13743.83,71444.91,0,0
25,CASH_IN,64862.82,C1004464,453787.85,388925.03,C3004464,440363.93,505226.75,0,0
6,CASH_OUT,135807.76,C1004465,28476.43,28476.43,C3004465,647770.99,783578.75,0,0
28,DEBIT,112683.3,C1004466,102852.15,102852.15,C3004466,701775.77,814459.07,0,0
21,TRANSFER,32529.69,C1004467,238452.71,205923.02,C3004467,176087.76,208617.45,0,0
22,TRANSFER,62054.99,C1004468,215777.14,153722.15,C3004468,972183.28,1034238.27,0,0
11,DEBIT,180006.66,C1004469,320445.83,140439.17,C3004469,615265.37,795272.03,0,0
18,CASH_OUT,137666.07,C1004470,472354.53,334688.46,C3004470,164340.6,302006.67,0,0
4,DEBIT,197196.27,C1004471,56202.36,56202.36,C3004471,20522.51,217718.78,0,1
3,CASH_OUT,153425.8,C1004472,225929.33,72503.53,C3004472,783264.2,936690.0,0,0
13,CASH_OUT,188400.69,C1004473,96205.52,96205.52,C3004473,79704.74,268105.43,1,0
23,CASH_IN,43316.1,C1004474,447053.8,403737.7,C3004474,141050.92,184367.02,0,0
9,TRANSFER,154319.83,C1004475,482290.09,327970.26,C3004475,574830.03,729149.86,1,0
21,TRANSFER,4141.48,C1004476,239350.84,235209.36,C3004476,603505.5,607646.98,0,0
6,CASH_OUT,134184.93,C1004477,52005.15,52005.15,C3004477,686887.12,821072.05,0,0
26,TRANSFER,93909.53,C1004478,392647.33,298737.8,C3004478,393514.01,487423.54,0,0
30,PAYMENT,69417.34,C1004479,348570.68,279153.34,M2004479,773898.67,843316.01,0,0
28,CASH_OUT,172494.63,C1004480,177335.41,4840.78,C3004480,974358.6,1146853.23,0,0
12,TRANSFER,170868.11,C1004481,443703.74,272835.63,C3004481,271094.94,441963.05,0,0
2,PAYMENT,4558.11,C1004482,487915.94,483357.83,M2004482,703028.62,707586.73,0,0
3,CASH_IN,121940.07,C1004483,278926.92,156986.85,C3004483,928468.65,1050408.72,0,0
3,TRANSFER,73629.66,C1004484,282863.96,209234.3,C3004484,686286.76,759916.42,0,0
28,PAYMENT,83190.63,C1004485,148756.75,65566.12,M2004485,681109.5,764300.13,0,0
12,DEBIT,166424.94,C1004486,292253.02,125828.08,C3004486,223772.57,390197.51,0,0
15,DEBIT,62036.97,C1004487,219821.16,157784.19,C3004487,535130.2,597167.17,0,0
9,PAYMENT,188615.46,C1004488,151095.51,151095.51,M2004488,562522.84,751138.3,0,0
23,CASH_OUT,36008.8,C1004489,33592.6,33592.6,C3004489,700129.56,736138.36,0,0
8,CASH_OUT,132578.21,C1004490,126353.93,126353.93,C3004490,996821.45,1129399.66,0,0
11,TRANSFER,134453.8,C1004491,98927.32,98927.32,C3004491,33643.82,168097.62,0,0
16,DEBIT,50513.81,C1004492,271020.99,220507.18,C3004492,65232.66,115746.47,0,0
26,CASH_OUT,65017.65,C1004493,300835.01,235817.36,C3004493,77950.07,142967.72,0,0
27,CASH_OUT,166976.22,C1004494,304285.86,137309.64,C3004494,742979.13,909955.35,1,0
25,DEBIT,152384.87,C1004495,194090.5,41705.63,C3004495,136353.8,288738.67,0,0
22,CASH_IN,65886.27,C1004496,210614.87,144728.6,C3004496,622451.87,688338.14,0,0
4,CASH_OUT,106837.91,C1004497,417119.21,310281.3,C3004497,324668.88,431506.79,0,0
28,PAYMENT,12429.89,C1004498,238116.41,225686.52,M2004498,457319.96,469749.85,0,0
1,TRANSFER,41828.3,C1004499,493886.67,452058.37,C3004499,215663.16,257491.46,0,0
24,CASH_OUT,97215.53,C1004500,219808.62,122593.09,C3004500,866106.56,963322.09,0,0
7,CASH_OUT,17286.15,C1004501,324790.47,307504.32,C3004501,586150.32,603436.47,0,0
2,CASH_IN,168682.14,C1004502,25181.5,25181.5,C3004502,944563.26,1113245.4,0,0
24,PAYMENT,143629.44,C1004503,326669.96,183040.52,M2004503,574596.25,718225.69,0,0
28,TRANSFER,188732.37,C1004504,425713.2,236980.83,C3004504,123908.03,312640.4,0,0
5,CASH_OUT,138724.03,C1004505,471228.92,332504.89,C3004505,170870.43,309594.46,0,0
7,TRANSFER,188086.23,C1004506,498660.31,310574.08,C3004506,989073.98,1177160.21,1,0
4,DEBIT,110947.06,C1004507,141089.32,30142.26,C3004507,725565.2,836512.26,0,0
5,CASH_OUT,120083.7,C1004508,287685.03,167601.33,C3004508,49278.75,169362.45,0,0
24,CASH_OUT,195396.51,C1004509,225358.99,29962.48,C3004509,703781.01,899177.52,1,1
1,DEBIT,128461.62,C1004510,281908.74,153447.12,C3004510,412173.05,540634.67,0,0
1,CASH_IN,6254.24,C1004511,78726.48,72472.24,C3004511,307208.39,313462.63,0,0
15,CASH_OUT,144788.18,C1004512,428074.79,283286.61,C3004512,154060.79,298848.97,0,0
20,TRANSFER,181103.19,C1004513,454784.47,273681.28,C3004513,839903.95,1021007.14,1,0
19,PAYMENT,159136.49,C1004514,224830.83,65694.34,M2004514,63841.38,222977.87,0,0
29,TRANSFER,116808.27,C1004515,140214.93,23406.66,C3004515,289835.46,406643.73,0,0
10,CASH_IN,134293.57,C1004516,70416.71,70416.71,C3004516,306382.89,440676.46,0,0
28,PAYMENT,198039.34,C1004517,341882.41,143843.07,M2004517,160905.28,358944.62,0,1
18,TRANSFER,18223.35,C1004518,156115.92,137892.57,C3004518,508184.88,526408.23,0,0
28,TRANSFER,133482.24,C1004519,454769.28,321287.04,C3004519,11702.63,145184.87,0,0
3,DEBIT,56751.2,C1004520,335506.24,278755.04,C3004520,300975.52,357726.72,0,0
11,CASH_IN,128054.07,C1004521,322842.66,194788.59,C3004521,933629.44,1061683.51,0,0
15,DEBIT,121563.95,C1004522,279701.06,158137.11,C3004522,310529.57,432093.52,0,0
27,PAYMENT,30776.02,C1004523,22888.17,22888.17,M2004523,360459.39,391235.41,0,0
30,DEBIT,41428.65,C1004524,465961.22,424532.57,C3004524,473165.05,514593.7,0,0
11,CASH_IN,124363.75,C1004525,313968.75,189605.0,C3004525,561693.37,686057.12,0,0
17,CASH_OUT,25733.17,C1004526,497030.99,471297.82,C3004526,808708.64,834441.81,0,0
17,CASH_OUT,53109.66,C1004527,268678.2,215568.54,C3004527,190321.22,243430.88,0,0
6,PAYMENT,167065.58,C1004528,355055.45,187989.87,M2004528,871746.38,1038811.96,0,0
5,CASH_OUT,65485.59,C1004529,28104.78,28104.78,C3004529,757549.36,823034.95,0,0
8,DEBIT,97663.23,C1004530,315868.09,218204.86,C3004530,722650.33,820313.56,0,0
2,PAYMENT,188233.95,C1004531,382324.81,194090.86,M2004531,86804.57,275038.52,0,0
16,CASH_IN,45507.1,C1004532,389257.15,343750.05,C3004532,21640.69,67147.79,0,0
20,PAYMENT,77986.24,C1004533,385055.83,307069.59,M2004533,594012.7,671998.94,0,0
24,PAYMENT,121330.91,C1004534,113141.31,113141.31,M2004534,863133.96,984464.87,0,0
12,TRANSFER,151092.25,C1004535,487699.24,336606.99,C3004535,584441.46,735533.71,1,0
6,TRANSFER,180340.51,C1004536,497591.06,317250.55,C3004536,213234.87,393575.38,0,0
1,PAYMENT,183103.05,C1004537,37797.94,37797.94,M2004537,90519.9,273622.95,0,0
4,CASH_OUT,155350.35,C1004538,468223.21,312872.86,C3004538,699596.45,854946.8,1,0
17,TRANSFER,45743.33,C1004539,144724.6,98981.27,C3004539,721770.28,767513.61,0,0
13,CASH_IN,5059.39,C1004540,344642.04,339582.65,C3004540,172531.7,177591.09,0,0
18,DEBIT,76816.41,C1004541,169055.46,92239.05,C3004541,28190.32,105006.73,0,0
5,TRANSFER,28395.62,C1004542,483877.16,455481.54,C3004542,408283.51,436679.13,0,0
30,PAYMENT,142106.49,C1004543,50751.93,50751.93,M2004543,582718.7,724825.19,0,0
24,CASH_OUT,132260.0,C1004544,248873.41,116613.41,C3004544,706002.41,838262.41,0,0
24,DEBIT,8889.93,C1004545,214023.9,205133.97,C3004545,809945.01,818834.94,0,0
27,TRANSFER,167335.1,C1004546,163011.73,163011.73,C3004546,610537.43,777872.53,0,0
3,CASH_OUT,49823.78,C1004547,322767.0,272943.22,C3004547,110880.61,160704.39,0,0
11,CASH_OUT,86502.19,C1004548,65527.87,65527.87,C3004548,682581.67,769083.86,0,0
13,CASH_OUT,133619.95,C1004549,358331.21,224711.26,C3004549,984176.64,1117796.59,0,0
4,PAYMENT,85940.82,C1004550,490296.06,404355.24,M2004550,905584.58,991525.4,0,0
26,CASH_IN,88313.43,C1004551,402279.36,313965.93,C3004551,871668.91,959982.34,0,0
27,CASH_OUT,13219.04,C1004552,430008.38,416789.34,C3004552,302170.15,315389.19,0,0
14,DEBIT,80348.57,C1004553,179818.37,99469.8,C3004553,750788.18,831136.75,0,0
22,TRANSFER,152993.09,C1004554,162443.3,9450.21,C3004554,851103.45,1004096.54,0,0
11,DEBIT,183043.75,C1004555,258524.18,75480.43,C3004555,678326.2,861369.95,0,0
27,PAYMENT,82758.08,C1004556,22863.31,22863.31,M2004556,250561.76,333319.84,0,0
10,PAYMENT,84774.81,C1004557,472679.07,387904.26,M2004557,953833.97,1038608.78,0,0
19,DEBIT,140555.16,C1004558,71892.59,71892.59,C3004558,450819.41,591374.57,0,0
18,CASH_IN,188560.12,C1004559,451506.52,262946.4,C3004559,129805.56,318365.68,0,0
6,PAYMENT,53485.48,C1004560,41791.11,41791.11,M2004560,109777.9,163263.38,0,0
27,PAYMENT,88084.83,C1004561,411312.46,323227.63,M2004561,647518.99,735603.82,0,0
29,DEBIT,159215.05,C1004562,75981.26,75981.26,C3004562,437709.65,596924.7,0,0
15,PAYMENT,121977.74,C1004563,19065.81,19065.81,M2004563,94483.88,216461.62,0,0
21,CASH_IN,22206.21,C1004564,359744.73,337538.52,C3004564,740364.57,762570.78,0,0
30,CASH_IN,125583.77,C1004565,140132.65,14548.88,C3004565,799325.17,924908.94,0,0
10,CASH_IN,37430.58,C1004566,357248.08,319817.5,C3004566,725415.63,762846.21,0,0
5,TRANSFER,102092.17,C1004567,277542.63,175450.46,C3004567,202260.88,304353.05,0,0
26,CASH_IN,105867.74,C1004568,54403.7,54403.7,C3004568,689775.46,795643.2,0,0
29,CASH_IN,175253.05,C1004569,466065.04,290811.99,C3004569,10722.8,185975.85,0,0
5,TRANSFER,92552.61,C1004570,226157.09,133604.48,C3004570,305112.14,397664.75,0,0
10,CASH_OUT,55960.54,C1004571,367223.64,311263.1,C3004571,398821.53,454782.07,0,0
28,PAYMENT,46270.17,C1004572,250510.29,204240.12,M2004572,835246.95,881517.12,0,0
5,CASH_IN,174862.95,C1004573,302180.74,127317.79,C3004573,390394.37,565257.32,0,0
3,PAYMENT,34285.07,C1004574,151386.8,117101.73,M2004574,11269.45,45554.52,0,0
23,DEBIT,85231.13,C1004575,100180.15,14949.02,C3004575,352346.41,437577.54,0,0
6,PAYMENT,37515.91,C1004576,271285.1,233769.19,M2004576,498924.1,536440.01,0,0
4,TRANSFER,154683.48,C1004577,220109.49,65426.01,C3004577,949004.79,1103688.27,1,0
18,PAYMENT,94927.09,C1004578,195056.61,100129.52,M2004578,941034.3,1035961.39,0,0
28,PAYMENT,70293.62,C1004579,336283.6,265989.98,M2004579,180874.04,251167.66,0,0
9,PAYMENT,72283.82,C1004580,345253.32,272969.5,M2004580,185146.54,257430.36,0,0
17,CASH_OUT,170457.62,C1004581,22960.03,22960.03,C3004581,163381.46,333839.08,1,0
29,CASH_OUT,110799.41,C1004582,169372.25,58572.84,C3004582,788921.93,899721.34,0,0
13,DEBIT,143601.78,C1004583,205882.28,62280.5,C3004583,6022.04,149623.82,0,0
27,TRANSFER,179418.0,C1004584,48446.08,48446.08,C3004584,127177.2,306595.2,0,0
15,PAYMENT,180358.16,C1004585,117950.43,117950.43,M2004585,537959.63,718317.79,0,0
30,PAYMENT,65768.96,C1004586,25820.9,25820.9,M2004586,247562.07,313331.03,0,0
20,PAYMENT,190495.01,C1004587,498121.05,307626.04,M2004587,92356.46,282851.47,0,1
17,PAYMENT,5072.69,C1004588,368278.6,363205.91,M2004588,359878.01,364950.7,0,0
13,CASH_OUT,75429.43,C1004589,43725.08,43725.08,C3004589,274207.61,349637.04,0,0
16,DEBIT,179170.19,C1004590,10124.69,10124.69,C3004590,511104.31,690274.5,0,0
22,CASH_IN,54999.91,C1004591,359643.9,304643.99,C3004591,979233.59,1034233.5,0,0
4,TRANSFER,54688.98,C1004592,219596.08,164907.1,C3004592,124304.64,178993.62,0,0
5,PAYMENT,60594.19,C1004593,393398.35,332804.16,M2004593,372726.7,433320.89,0,0
5,DEBIT,122501.45,C1004594,461738.02,339236.57,C3004594,931985.02,1054486.47,0,0
9,CASH_IN,87722.72,C1004595,299650.19,211927.47,C3004595,876873.04,964595.76,0,0
17,DEBIT,145374.29,C1004596,93554.21,93554.21,C3004596,394271.03,539645.32,0,0
13,CASH_OUT,178992.64,C1004597,391097.02,212104.38,C3004597,698953.26,877945.9,0,0
2,CASH_IN,134872.46,C1004598,477905.87,343033.41,C3004598,87857.01,222729.47,0,0
13,DEBIT,40972.9,C1004599,290115.64,249142.74,C3004599,712541.06,753513.96,0,0
22,CASH_OUT,186543.11,C1004600,340998.72,154455.61,C3004600,972857.73,1159400.84,1,0
21,DEBIT,52972.13,C1004601,168737.35,115765.22,C3004601,537488.15,590460.28,0,0
27,DEBIT,30063.87,C1004602,190763.85,160699.98,C3004602,498490.23,528554.1,0,0
23,CASH_IN,18084.46,C1004603,367327.25,349242.79,C3004603,187318.62,205403.08,0,0
19,CASH_OUT,112720.41,C1004604,463885.55,351165.14,C3004604,633788.2,746508.61,0,0
3,PAYMENT,22841.12,C1004605,314494.19,291653.07,M2004605,590437.28,613278.4,0,0
10,TRANSFER,27841.3,C1004606,394923.95,367082.65,C3004606,651933.06,679774.36,0,0
2,CASH_IN,60076.09,C1004607,85817.51,25741.42,C3004607,26083.29,86159.38,0,0
13,CASH_OUT,56402.44,C1004608,105979.55,49577.11,C3004608,548723.49,605125.93,0,0
19,DEBIT,120887.48,C1004609,266017.34,145129.86,C3004609,594934.84,715822.32,0,0
26,CASH_OUT,163367.38,C1004610,88277.1,88277.1,C3004610,207530.14,370897.52,0,0
17,TRANSFER,152293.8,C1004611,317497.54,165203.74,C3004611,208332.86,360626.66,1,0
21,TRANSFER,52570.64,C1004612,145826.59,93255.95,C3004612,276218.17,328788.81,0,0
14,PAYMENT,49137.57,C1004613,395766.31,346628.74,M2004613,711721.59,760859.16,0,0
12,PAYMENT,193161.73,C1004614,404055.17,210893.44,M2004614,606266.06,799427.79,0,1
21,TRANSFER,1746.42,C1004615,231893.73,230147.31,C3004615,845762.65,847509.07,0,0
12,CASH_IN,175956.13,C1004616,90405.32,90405.32,C3004616,295658.57,471614.7,0,0
11,CASH_IN,40025.73,C1004617,323387.48,283361.75,C3004617,912068.06,952093.79,0,0
7,DEBIT,189462.14,C1004618,496393.51,306931.37,C3004618,743706.16,933168.3,0,0
4,PAYMENT,68527.23,C1004619,311295.45,242768.22,M2004619,395011.67,463538.9,0,0
19,DEBIT,88126.32,C1004620,17887.35,17887.35,C3004620,95262.07,183388.39,0,0
1,PAYMENT,141453.41,C1004621,8646.99,8646.99,M2004621,256983.66,398437.07,0,0
28,TRANSFER,117575.04,C1004622,160180.99,42605.95,C3004622,956768.22,1074343.26,0,0
24,CASH_IN,63656.07,C1004623,97891.9,34235.83,C3004623,310363.38,374019.45,0,0
29,CASH_IN,110810.8,C1004624,406525.6,295714.8,C3004624,329900.96,440711.76,0,0
3,TRANSFER,146168.31,C1004625,422402.83,276234.52,C3004625,189588.93,335757.24,0,0
13,DEBIT,8562.76,C1004626,129309.39,120746.63,C3004626,806850.6,815413.36,0,0
15,DEBIT,2338.74,C1004627,162822.39,160483.65,C3004627,275644.23,277982.97,0,0
2,CASH_OUT,91667.58,C1004628,118123.48,26455.9,C3004628,330258.25,421925.83,0,0
11,PAYMENT,26454.14,C1004629,454191.27,427737.13,M2004629,414348.11,440802.25,0,0
4,DEBIT,132902.42,C1004630,251324.67,118422.25,C3004630,433728.28,566630.7,0,0
19,TRANSFER,42889.09,C1004631,328068.52,285179.43,C3004631,411340.79,454229.88,0,0
29,DEBIT,86626.94,C1004632,207741.04,121114.1,C3004632,503743.7,590370.64,0,0
17,CASH_IN,39614.42,C1004633,315507.1,275892.68,C3004633,814512.88,854127.3,0,0
3,PAYMENT,109741.87,C1004634,192927.69,83185.82,M2004634,819285.04,929026.91,0,0
28,CASH_OUT,23299.09,C1004635,169839.22,146540.13,C3004635,798313.13,821612.22,0,0
18,PAYMENT,4719.06,C1004636,317240.04,312520.98,M2004636,101124.84,105843.9,0,0
8,CASH_IN,10321.21,C1004637,295531.04,285209.83,C3004637,799678.8,810000.01,0,0
22,CASH_IN,190856.26,C1004638,146763.98,146763.98,C3004638,120251.77,311108.03,0,1
25,CASH_IN,28543.02,C1004639,74674.23,46131.21,C3004639,124723.77,153266.79,0,0
24,CASH_IN,141724.8,C1004640,184288.35,42563.55,C3004640,947862.77,1089587.57,0,0
26,TRANSFER,13678.45,C1004641,207598.82,193920.37,C3004641,819397.84,833076.29,0,0
19,CASH_OUT,21721.25,C1004642,314342.17,292620.92,C3004642,552410.47,574131.72,0,0
5,CASH_IN,101824.36,C1004643,457264.38,355440.02,C3004643,874970.2,976794.56,0,0
7,CASH_IN,93027.7,C1004644,18092.4,18092.4,C3004644,989364.64,1082392.34,0,0
21,DEBIT,190320.9,C1004645,121830.51,121830.51,C3004645,610642.07,800962.97,0,1
8,CASH_OUT,188972.61,C1004646,96857.97,96857.97,C3004646,612898.44,801871.05,1,0
28,PAYMENT,155943.77,C1004647,251147.2,95203.43,M2004647,754427.03,910370.8,0,0
5,CASH_OUT,120460.16,C1004648,214850.4,94390.24,C3004648,232138.95,352599.11,0,0
17,CASH_OUT,91046.57,C1004649,364518.81,273472.24,C3004649,167124.86,258171.43,0,0
5,CASH_OUT,71300.09,C1004650,121207.96,49907.87,C3004650,759580.75,830880.84,0,0
4,CASH_IN,189422.8,C1004651,297249.18,107826.38,C3004651,344904.79,534327.59,0,0
22,CASH_IN,120621.47,C1004652,441928.63,321307.16,C3004652,135070.36,255691.83,0,0
19,TRANSFER,115856.6,C1004653,455338.87,339482.27,C3004653,314877.73,430734.33,0,0
27,PAYMENT,46457.03,C1004654,479392.3,432935.27,M2004654,358636.87,405093.9,0,0
21,DEBIT,9434.89,C1004655,386630.58,377195.69,C3004655,965227.66,974662.55,0,0
2,CASH_OUT,189043.2,C1004656,452993.95,263950.75,C3004656,697959.71,887002.91,1,0
11,PAYMENT,62815.68,C1004657,117265.44,54449.76,M2004657,530856.32,593672.0,0,0
22,PAYMENT,88573.55,C1004658,98790.47,10216.92,M2004658,968873.14,1057446.69,0,0
13,TRANSFER,23016.52,C1004659,3244.04,3244.04,C3004659,903139.74,926156.26,0,0
15,DEBIT,167401.17,C1004660,353422.18,186021.01,C3004660,512000.86,679402.03,0,0
12,CASH_OUT,5623.6,C1004661,468733.59,463109.99,C3004661,905679.64,911303.24,0,0
22,DEBIT,166814.75,C1004662,93467.67,93467.67,C3004662,404304.66,571119.41,0,0
21,TRANSFER,28142.97,C1004663,318471.79,290328.82,C3004663,230420.67,258563.64,0,0
22,CASH_IN,177324.17,C1004664,373229.88,195905.71,C3004664,232678.18,410002.35,0,0
11,PAYMENT,145981.55,C1004665,463807.12,317825.57,M2004665,662315.52,808297.07,0,0
7,CASH_OUT,33017.59,C1004666,323430.11,290412.52,C3004666,501070.32,534087.91,0,0
28,CASH_IN,113207.02,C1004667,485146.87,371939.85,C3004667,658950.85,772157.87,0,0
5,TRANSFER,62600.0,C1004668,172336.57,109736.57,C3004668,686075.96,748675.96,0,0
17,DEBIT,35728.8,C1004669,174964.27,139235.47,C3004669,22322.87,58051.67,0,0
24,PAYMENT,171850.52,C1004670,271506.26,99655.74,M2004670,54039.59,225890.11,0,0
20,CASH_OUT,80764.2,C1004671,191750.94,110986.74,C3004671,532677.73,613441.93,0,0
9,CASH_IN,79768.89,C1004672,712.86,712.86,C3004672,191035.48,270804.37,0,0
14,CASH_IN,34060.35,C1004673,365886.01,331825.66,C3004673,632533.77,666594.12,0,0
26,PAYMENT,76674.83,C1004674,375858.52,299183.69,M2004674,552185.74,628860.57,0,0
12,DEBIT,174336.21,C1004675,373487.3,199151.09,C3004675,585760.36,760096.57,0,0
6,TRANSFER,72689.43,C1004676,172510.33,99820.9,C3004676,302455.38,375144.81,0,0
17,DEBIT,190325.55,C1004677,261144.74,70819.19,C3004677,639843.51,830169.06,0,1
19,DEBIT,189267.15,C1004678,179986.76,179986.76,C3004678,829492.64,1018759.79,0,0
19,DEBIT,29065.24,C1004679,8018.2,8018.2,C3004679,998071.25,1027136.49,0,0
26,PAYMENT,35544.52,C1004680,281224.47,245679.95,M2004680,838444.39,873988.91,0,0
16,PAYMENT,172548.55,C1004681,61880.33,61880.33,M2004681,557498.76,730047.31,0,0
12,TRANSFER,78612.91,C1004682,40020.66,40020.66,C3004682,193429.59,272042.5,0,0
12,DEBIT,974.36,C1004683,377749.53,376775.17,C3004683,681445.88,682420.24,0,0
20,PAYMENT,54846.98,C1004684,4753.1,4753.1,M2004684,937653.79,992500.77,0,0
6,TRANSFER,119566.04,C1004685,479504.22,359938.18,C3004685,211866.54,331432.58,0,0
23,TRANSFER,159873.27,C1004686,257627.68,97754.41,C3004686,255995.62,415868.89,0,0
26,DEBIT,26764.38,C1004687,491508.22,464743.84,C3004687,149008.54,175772.92,0,0
4,CASH_OUT,22197.22,C1004688,28998.79,6801.57,C3004688,736721.64,758918.86,0,0
6,DEBIT,184426.32,C1004689,291764.77,107338.45,C3004689,406561.5,590987.82,0,0
11,CASH_OUT,150254.56,C1004690,174663.52,24408.96,C3004690,62695.64,212950.2,1,0
1,TRANSFER,117996.94,C1004691,421741.25,303744.31,C3004691,874949.99,992946.93,0,0
30,PAYMENT,153860.44,C1004692,180611.37,26750.93,M2004692,557671.9,711532.34,0,0
24,CASH_IN,85827.99,C1004693,130243.79,44415.8,C3004693,331094.29,416922.28,0,0
23,TRANSFER,151715.3,C1004694,428776.56,277061.26,C3004694,343982.98,495698.28,1,0
15,PAYMENT,74423.42,C1004695,187326.55,112903.13,M2004695,290251.22,364674.64,0,0
27,TRANSFER,48894.51,C1004696,8416.66,8416.66,C3004696,455480.17,504374.68,0,0
11,DEBIT,145829.78,C1004697,195144.55,49314.77,C3004697,337041.69,482871.47,0,0
25,CASH_OUT,83992.49,C1004698,327261.13,243268.64,C3004698,547946.3,631938.79,0,0
19,TRANSFER,196277.28,C1004699,127179.77,127179.77,C3004699,773517.25,969794.53,0,1
18,PAYMENT,69962.09,C1004700,215993.8,146031.71,M2004700,674461.28,744423.37,0,0
17,DEBIT,184353.31,C1004701,28357.57,28357.57,C3004701,294456.89,478810.2,0,0
19,CASH_IN,186599.21,C1004702,294046.4,107447.19,C3004702,528741.01,715340.22,0,0
21,DEBIT,48446.4,C1004703,378147.46,329701.06,C3004703,840126.16,888572.56,0,0
14,CASH_OUT,159664.41,C1004704,206656.28,46991.87,C3004704,68206.23,227870.64,1,0
27,DEBIT,86671.59,C1004705,210116.32,123444.73,C3004705,78297.27,164968.86,0,0
18,CASH_IN,183513.19,C1004706,44141.25,44141.25,C3004706,556170.07,739683.26,0,0
28,PAYMENT,90079.84,C1004707,100970.43,10890.59,M2004707,639115.13,729194.97,0,0
19,TRANSFER,148886.31,C1004708,77337.65,77337.65,C3004708,211413.02,360299.33,0,0
15,CASH_OUT,93446.79,C1004709,240843.88,147397.09,C3004709,745220.13,838666.92,0,0
15,CASH_IN,45637.37,C1004710,264627.77,218990.4,C3004710,646263.38,691900.75,0,0
4,CASH_OUT,39950.09,C1004711,474470.07,434519.98,C3004711,923289.27,963239.36,0,0
7,DEBIT,85143.7,C1004712,36615.75,36615.75,C3004712,168954.2,254097.9,0,0
13,CASH_OUT,151123.38,C1004713,299933.99,148810.61,C3004713,751374.27,902497.65,1,0
3,CASH_IN,121053.79,C1004714,263249.26,142195.47,C3004714,83643.09,204696.88,0,0
16,TRANSFER,137757.0,C1004715,258116.55,120359.55,C3004715,565292.41,703049.41,0,0
9,TRANSFER,56537.04,C1004716,436579.64,380042.6,C3004716,551895.14,608432.18,0,0
8,CASH_OUT,96338.93,C1004717,102769.24,6430.31,C3004717,388385.04,484723.97,0,0
20,PAYMENT,8974.61,C1004718,20386.64,11412.03,M2004718,844571.15,853545.76,0,0
13,CASH_OUT,163524.73,C1004719,336135.75,172611.02,C3004719,4370.64,167895.37,1,0
17,DEBIT,197979.44,C1004720,172578.73,172578.73,C3004720,520179.4,718158.84,0,1
17,TRANSFER,81435.12,C1004721,8794.96,8794.96,C3004721,217153.55,298588.67,0,0
17,TRANSFER,2291.63,C1004722,125687.0,123395.37,C3004722,743498.62,745790.25,0,0
1,TRANSFER,34041.55,C1004723,154663.39,120621.84,C3004723,43067.43,77108.98,0,0
8,PAYMENT,130540.12,C1004724,308419.19,177879.07,M2004724,831554.69,962094.81,0,0
19,PAYMENT,122454.66,C1004725,86292.9,86292.9,M2004725,838092.23,960546.89,0,0
6,CASH_IN,157594.16,C1004726,206527.17,48933.01,C3004726,832866.01,990460.17,0,0
3,CASH_OUT,50851.41,C1004727,241237.72,190386.31,C3004727,152568.53,203419.94,0,0
27,CASH_OUT,152750.02,C1004728,229618.7,76868.68,C3004728,630406.52,783156.54,0,0
5,DEBIT,137628.01,C1004729,486970.38,349342.37,C3004729,14367.36,151995.37,0,0
13,TRANSFER,64630.62,C1004730,22752.12,22752.12,C3004730,847962.59,912593.21,0,0
15,PAYMENT,109143.08,C1004731,475484.09,366341.01,M2004731,722975.19,832118.27,0,0
14,DEBIT,29540.03,C1004732,290968.61,261428.58,C3004732,531153.73,560693.76,0,0
29,DEBIT,90567.64,C1004733,397863.86,307296.22,C3004733,730591.43,821159.07,0,0
23,PAYMENT,176251.35,C1004734,215196.31,38944.96,M2004734,94324.1,270575.45,0,0
16,CASH_OUT,84296.16,C1004735,226918.94,142622.78,C3004735,528655.83,612951.99,0,0
18,TRANSFER,167929.38,C1004736,439663.25,271733.87,C3004736,291276.49,459205.87,1,0
22,CASH_OUT,118091.65,C1004737,447967.25,329875.6,C3004737,972619.46,1090711.11,0,0
29,DEBIT,38456.15,C1004738,119344.44,80888.29,C3004738,857117.95,895574.1,0,0
22,TRANSFER,116263.14,C1004739,99620.94,99620.94,C3004739,733275.7,849538.84,0,0
11,CASH_IN,101246.07,C1004740,248117.59,146871.52,C3004740,933747.64,1034993.71,0,0
3,DEBIT,79788.4,C1004741,450138.51,370350.11,C3004741,346843.3,426631.7,0,0
22,CASH_OUT,24014.12,C1004742,161177.55,137163.43,C3004742,900879.9,924894.02,0,0
10,CASH_OUT,83400.06,C1004743,326007.31,242607.25,C3004743,325238.23,408638.29,0,0
10,CASH_OUT,14645.2,C1004744,354075.84,339430.64,C3004744,732796.72,747441.92,0,0
30,PAYMENT,19843.93,C1004745,389337.33,369493.4,M2004745,736416.91,756260.84,0,0
21,DEBIT,83241.71,C1004746,281962.23,198720.52,C3004746,18349.88,101591.59,0,0
16,TRANSFER,61145.76,C1004747,201227.59,140081.83,C3004747,361059.7,422205.46,0,0
12,CASH_OUT,185116.31,C1004748,483507.99,298391.68,C3004748,19432.67,204548.98,1,0
2,CASH_OUT,75203.59,C1004749,305665.38,230461.79,C3004749,997092.02,1072295.61,0,0
9,PAYMENT,151595.84,C1004750,364282.61,212686.77,M2004750,122196.76,273792.6,0,0
24,TRANSFER,106096.48,C1004751,172491.42,66394.94,C3004751,542810.9,648907.38,0,0
3,DEBIT,140846.73,C1004752,334974.59,194127.86,C3004752,790556.24,931402.97,0,0
24,CASH_IN,52097.19,C1004753,128898.83,76801.64,C3004753,201263.6,253360.79,0,0
30,PAYMENT,188386.8,C1004754,122548.46,122548.46,M2004754,485052.67,673439.47,0,0
25,DEBIT,106064.69,C1004755,357361.1,251296.41,C3004755,607428.76,713493.45,0,0
30,CASH_IN,166281.68,C1004756,260697.37,94415.69,C3004756,160204.75,326486.43,0,0
15,CASH_OUT,73072.63,C1004757,341638.31,268565.68,C3004757,778555.46,851628.09,0,0
3,CASH_OUT,20132.25,C1004758,134719.25,114587.0,C3004758,299336.46,319468.71,0,0
19,TRANSFER,134774.96,C1004759,299361.67,164586.71,C3004759,211023.08,345798.04,0,0
18,CASH_IN,1651.15,C1004760,221966.82,220315.67,C3004760,558288.75,559939.9,0,0
8,CASH_OUT,95111.07,C1004761,298480.14,203369.07,C3004761,410313.63,505424.7,0,0
26,CASH_OUT,38641.1,C1004762,145439.87,106798.77,C3004762,920285.94,958927.04,0,0
17,TRANSFER,125512.36,C1004763,357725.48,232213.12,C3004763,880062.7,1005575.06,0,0
8,DEBIT,195886.03,C1004764,402964.68,207078.65,C3004764,483350.66,679236.69,0,1
7,CASH_OUT,92934.14,C1004765,129958.24,37024.1,C3004765,359263.77,452197.91,0,0
30,PAYMENT,163517.9,C1004766,150310.28,150310.28,M2004766,325517.98,489035.88,0,0
7,PAYMENT,101606.06,C1004767,330577.13,228971.07,M2004767,267563.62,369169.68,0,0
3,DEBIT,99218.42,C1004768,347792.59,248574.17,C3004768,544547.85,643766.27,0,0
1,CASH_IN,186091.66,C1004769,352049.84,165958.18,C3004769,804978.6,991070.26,0,0
4,TRANSFER,178004.18,C1004770,341349.25,163345.07,C3004770,310756.61,488760.79,1,0
25,PAYMENT,157181.51,C1004771,196403.86,39222.35,M2004771,190094.09,347275.6,0,0
5,PAYMENT,59321.53,C1004772,197426.84,138105.31,M2004772,475483.81,534805.34,0,0
1,DEBIT,109047.18,C1004773,127408.81,18361.63,C3004773,69034.42,178081.6,0,0
15,CASH_IN,44857.06,C1004774,78416.85,33559.79,C3004774,701279.01,746136.07,0,0
5,CASH_IN,88838.95,C1004775,346288.69,257449.74,C3004775,518358.27,607197.22,0,0
13,DEBIT,96894.19,C1004776,46594.39,46594.39,C3004776,496374.81,593269.0,0,0
8,PAYMENT,166344.84,C1004777,468896.14,302551.3,M2004777,300445.38,466790.22,0,0
8,TRANSFER,179216.07,C1004778,413343.15,234127.08,C3004778,904673.44,1083889.51,1,0
5,PAYMENT,82982.55,C1004779,428752.87,345770.32,M2004779,90486.29,173468.84,0,0
28,CASH_IN,3639.12,C1004780,453334.41,449695.29,C3004780,869824.01,873463.13,0,0
9,PAYMENT,172368.59,C1004781,204302.49,31933.9,M2004781,376705.2,549073.79,0,0
1,TRANSFER,34938.31,C1004782,423350.36,388412.05,C3004782,880623.52,915561.83,0,0
4,CASH_OUT,124414.2,C1004783,79030.65,79030.65,C3004783,728761.46,853175.66,0,0
3,PAYMENT,5091.68,C1004784,10820.9,5729.22,M2004784,104170.73,109262.41,0,0
2,DEBIT,79961.34,C1004785,392445.7,312484.36,C3004785,831536.29,911497.63,0,0
8,CASH_OUT,197193.46,C1004786,37398.32,37398.32,C3004786,682176.83,879370.29,1,1
23,DEBIT,20228.65,C1004787,494262.33,474033.68,C3004787,32301.91,52530.56,0,0
9,DEBIT,84796.26,C1004788,337398.21,252601.95,C3004788,133702.68,218498.94,0,0
2,DEBIT,61499.28,C1004789,376724.86,315225.58,C3004789,635628.06,697127.34,0,0
14,PAYMENT,181027.12,C1004790,122901.93,122901.93,M2004790,662600.5,843627.62,0,0
14,CASH_IN,173881.09,C1004791,336932.7,163051.61,C3004791,746651.43,920532.52,0,0
4,CASH_OUT,47615.98,C1004792,21609.97,21609.97,C3004792,720245.4,767861.38,0,0
30,TRANSFER,16329.44,C1004793,418912.86,402583.42,C3004793,659519.95,675849.39,0,0
6,CASH_IN,125464.96,C1004794,84812.05,84812.05,C3004794,766238.9,891703.86,0,0
11,PAYMENT,67340.11,C1004795,348679.03,281338.92,M2004795,575085.71,642425.82,0,0
3,DEBIT,134449.67,C1004796,112240.25,112240.25,C3004796,260791.39,395241.06,0,0
8,TRANSFER,6520.74,C1004797,34226.58,27705.84,C3004797,912376.61,918897.35,0,0
3,CASH_OUT,26766.51,C1004798,240746.84,213980.33,C3004798,18214.03,44980.54,0,0
14,CASH_IN,137305.81,C1004799,84643.11,84643.11,C3004799,366561.72,503867.53,0,0
28,CASH_IN,42552.89,C1004800,364721.99,322169.1,C3004800,728870.29,771423.18,0,0
13,TRANSFER,171531.78,C1004801,118782.92,118782.92,C3004801,427156.04,598687.82,1,0
13,PAYMENT,11812.32,C1004802,171236.28,159423.96,M2004802,24834.41,36646.73,0,0
2,CASH_OUT,43174.85,C1004803,283719.63,240544.78,C3004803,65980.9,109155.75,0,0
13,TRANSFER,199712.19,C1004804,142484.14,142484.14,C3004804,648637.37,848349.56,0,1
29,DEBIT,86671.91,C1004805,188994.06,102322.15,C3004805,964864.6,1051536.51,0,0
19,CASH_OUT,140622.84,C1004806,407810.89,267188.05,C3004806,551863.64,692486.48,0,0
27,CASH_IN,36614.34,C1004807,89604.92,52990.58,C3004807,506757.82,543372.16,0,0
6,TRANSFER,122012.76,C1004808,41100.79,41100.79,C3004808,318325.21,440337.97,0,0
16,CASH_IN,145248.6,C1004809,164178.89,18930.29,C3004809,256690.67,401939.27,0,0
2,CASH_IN,62963.88,C1004810,212188.38,149224.5,C3004810,20984.98,83948.86,0,0
8,CASH_IN,165796.53,C1004811,271329.64,105533.11,C3004811,272954.87,438751.4,0,0
17,PAYMENT,120723.17,C1004812,186211.85,65488.68,M2004812,449110.44,569833.61,0,0
23,CASH_IN,77885.69,C1004813,394955.85,317070.16,C3004813,197949.78,275835.47,0,0
2,DEBIT,111572.71,C1004814,19659.74,19659.74,C3004814,87347.99,198920.7,0,0
10,DEBIT,115394.49,C1004815,215883.77,100489.28,C3004815,717727.87,833122.36,0,0
28,CASH_OUT,33190.51,C1004816,191127.96,157937.45,C3004816,894620.27,927810.78,0,0
16,CASH_IN,80606.2,C1004817,323789.25,243183.05,C3004817,936772.07,1017378.27,0,0
6,CASH_IN,68751.77,C1004818,483138.13,414386.36,C3004818,617998.73,686750.5,0,0
28,TRANSFER,80240.45,C1004819,255187.7,174947.25,C3004819,52774.58,133015.03,0,0
2,PAYMENT,152246.01,C1004820,493438.42,341192.41,M2004820,740862.63,893108.64,0,0
2,CASH_OUT,96559.43,C1004821,151124.7,54565.27,C3004821,110095.31,206654.74,0,0
26,CASH_IN,188069.2,C1004822,15434.07,15434.07,C3004822,669748.12,857817.32,0,0
13,TRANSFER,58805.92,C1004823,82831.58,24025.66,C3004823,779365.84,838171.76,0,0
24,PAYMENT,83199.15,C1004824,197562.44,114363.29,M2004824,725864.71,809063.86,0,0
15,CASH_OUT,157412.67,C1004825,158166.95,754.28,C3004825,951883.81,1109296.48,1,0
28,CASH_OUT,109250.32,C1004826,48527.07,48527.07,C3004826,738146.28,847396.6,0,0
2,CASH_IN,109450.93,C1004827,216330.05,106879.12,C3004827,693209.78,802660.71,0,0
7,CASH_OUT,10762.7,C1004828,169057.89,158295.19,C3004828,261743.17,272505.87,0,0
3,TRANSFER,79780.07,C1004829,61309.61,61309.61,C3004829,924768.69,1004548.76,0,0
8,CASH_OUT,54219.67,C1004830,148058.57,93838.9,C3004830,179543.87,233763.54,0,0
23,DEBIT,199867.09,C1004831,443218.03,243350.94,C3004831,904896.61,1104763.7,0,1
14,TRANSFER,61740.18,C1004832,151024.43,89284.25,C3004832,312662.54,374402.72,0,0
24,PAYMENT,176910.86,C1004833,356977.71,180066.85,M2004833,130163.59,307074.45,0,0
30,PAYMENT,135279.12,C1004834,306023.54,170744.42,M2004834,826683.03,961962.15,0,0
23,CASH_IN,68249.19,C1004835,213590.58,145341.39,C3004835,2495.45,70744.64,0,0
27,CASH_IN,108752.52,C1004836,119512.82,10760.3,C3004836,832088.32,940840.84,0,0
22,DEBIT,168123.12,C1004837,184507.35,16384.23,C3004837,262311.84,430434.96,0,0
29,PAYMENT,176685.32,C1004838,296053.61,119368.29,M2004838,884721.27,1061406.59,0,0
7,PAYMENT,32162.74,C1004839,175376.61,143213.87,M2004839,691479.18,723641.92,0,0
21,PAYMENT,67980.67,C1004840,107448.22,39467.55,M2004840,666183.33,734164.0,0,0
7,PAYMENT,67111.11,C1004841,58231.37,58231.37,M2004841,365319.56,432430.67,0,0
1,CASH_OUT,8504.75,C1004842,439883.47,431378.72,C3004842,59402.97,67907.72,0,0
17,TRANSFER,119687.73,C1004843,220156.49,100468.76,C3004843,830073.1,949760.83,0,0
9,TRANSFER,170978.53,C1004844,312604.16,141625.63,C3004844,170903.8,341882.33,1,0
30,DEBIT,76376.72,C1004845,245205.18,168828.46,C3004845,372258.64,448635.36,0,0
21,CASH_OUT,148033.19,C1004846,436283.26,288250.07,C3004846,600354.69,748387.88,0,0
13,PAYMENT,125577.31,C1004847,273467.43,147890.12,M2004847,482253.74,607831.05,0,0
21,PAYMENT,75192.18,C1004848,240390.71,165198.53,M2004848,198660.64,273852.82,0,0
19,CASH_IN,28297.85,C1004849,462300.5,434002.65,C3004849,140616.36,168914.21,0,0
21,CASH_IN,141893.84,C1004850,359844.8,217950.96,C3004850,123246.27,265140.11,0,0
19,DEBIT,170927.58,C1004851,55774.95,55774.95,C3004851,863007.88,1033935.46,0,0
25,PAYMENT,137202.31,C1004852,88852.23,88852.23,M2004852,31559.55,168761.86,0,0
25,DEBIT,3673.91,C1004853,393561.43,389887.52,C3004853,977014.26,980688.17,0,0
22,CASH_OUT,43324.96,C1004854,417925.66,374600.7,C3004854,198528.69,241853.65,0,0
17,TRANSFER,13989.05,C1004855,272595.41,258606.36,C3004855,110322.3,124311.35,0,0
23,PAYMENT,114120.18,C1004856,277227.61,163107.43,M2004856,576971.65,691091.83,0,0
23,CASH_OUT,151319.89,C1004857,315966.48,164646.59,C3004857,79985.96,231305.85,1,0
30,PAYMENT,22204.78,C1004858,219557.89,197353.11,M2004858,602453.26,624658.04,0,0
10,CASH_IN,167683.73,C1004859,340099.56,172415.83,C3004859,850626.64,1018310.37,0,0
10,DEBIT,111146.24,C1004860,54240.63,54240.63,C3004860,47898.02,159044.26,0,0
4,CASH_IN,138024.81,C1004861,480639.62,342614.81,C3004861,799868.6,937893.41,0,0
8,TRANSFER,194283.23,C1004862,375077.41,180794.18,C3004862,394477.44,588760.67,1,1
22,CASH_IN,16827.83,C1004863,315587.1,298759.27,C3004863,159490.63,176318.46,0,0
20,PAYMENT,180254.68,C1004864,158161.03,158161.03,M2004864,176096.48,356351.16,0,0
20,CASH_IN,25307.93,C1004865,80477.74,55169.81,C3004865,918764.54,944072.47,0,0
18,PAYMENT,78652.47,C1004866,204671.48,126019.01,M2004866,110605.75,189258.22,0,0
14,TRANSFER,170302.6,C1004867,330788.37,160485.77,C3004867,866782.79,1037085.39,1,0
18,CASH_IN,181260.22,C1004868,316854.87,135594.65,C3004868,544244.62,725504.84,0,0
28,DEBIT,101323.7,C1004869,191320.58,89996.88,C3004869,39056.18,140379.88,0,0
14,DEBIT,118861.52,C1004870,306643.2,187781.68,C3004870,464476.15,583337.67,0,0
20,DEBIT,141658.65,C1004871,406874.15,265215.5,C3004871,817449.51,959108.16,0,0
21,CASH_IN,166568.46,C1004872,13142.39,13142.39,C3004872,726202.79,892771.25,0,0
24,CASH_IN,24390.08,C1004873,225310.52,200920.44,C3004873,488782.42,513172.5,0,0
15,CASH_IN,162032.85,C1004874,379277.61,217244.76,C3004874,860049.88,1022082.73,0,0
22,PAYMENT,96307.1,C1004875,273072.24,176765.14,M2004875,120364.76,216671.86,0,0
30,TRANSFER,90179.62,C1004876,325738.04,235558.42,C3004876,909941.05,1000120.67,0,0
4,DEBIT,84837.56,C1004877,258338.2,173500.64,C3004877,846441.21,931278.77,0,0
13,PAYMENT,101891.4,C1004878,495937.27,394045.87,M2004878,708276.83,810168.23,0,0
27,DEBIT,189015.61,C1004879,27310.77,27310.77,C3004879,817887.74,1006903.35,0,0
23,PAYMENT,109685.93,C1004880,245522.41,135836.48,M2004880,543815.51,653501.44,0,0
8,CASH_IN,190640.19,C1004881,45708.27,45708.27,C3004881,675162.43,865802.62,0,1
18,DEBIT,36140.0,C1004882,79892.78,43752.78,C3004882,560598.07,596738.07,0,0
12,CASH_IN,144854.78,C1004883,191519.18,46664.4,C3004883,355428.53,500283.31,0,0
23,DEBIT,162466.68,C1004884,77770.05,77770.05,C3004884,568860.8,731327.48,0,0
14,CASH_OUT,135857.85,C1004885,481843.58,345985.73,C3004885,257465.33,393323.18,0,0
2,PAYMENT,121423.76,C1004886,473394.89,351971.13,M2004886,440279.17,561702.93,0,0
18,CASH_OUT,113006.07,C1004887,168054.82,55048.75,C3004887,280775.41,393781.48,0,0
24,PAYMENT,172200.0,C1004888,319873.86,147673.86,M2004888,122887.79,295087.79,0,0
2,TRANSFER,164347.15,C1004889,266876.66,102529.51,C3004889,321861.86,486209.01,1,0
11,DEBIT,24545.52,C1004890,407793.49,383247.97,C3004890,851987.22,876532.74,0,0
9,TRANSFER,169732.67,C1004891,313722.8,143990.13,C3004891,381080.77,550813.44,1,0
12,TRANSFER,82872.32,C1004892,126.23,126.23,C3004892,748003.65,830875.97,0,0
17,PAYMENT,50814.0,C1004893,381587.19,330773.19,M2004893,175197.85,226011.85,0,0
15,CASH_OUT,173966.74,C1004894,373424.06,199457.32,C3004894,424419.16,598385.9,1,0
25,CASH_IN,86461.76,C1004895,254861.35,168399.59,C3004895,114856.07,201317.83,0,0
17,PAYMENT,161692.1,C1004896,451459.49,289767.39,M2004896,138621.06,300313.16,0,0
26,CASH_IN,52754.38,C1004897,454223.1,401468.72,C3004897,617436.38,670190.76,0,0
29,TRANSFER,885.47,C1004898,261955.84,261070.37,C3004898,607481.82,608367.29,0,0
26,CASH_IN,99142.29,C1004899,303994.12,204851.83,C3004899,213371.91,312514.2,0,0
18,CASH_OUT,20135.63,C1004900,498261.04,478125.41,C3004900,474423.19,494558.82,0,0
22,PAYMENT,150899.75,C1004901,149410.12,149410.12,M2004901,863306.17,1014205.92,0,0
6,CASH_OUT,55287.42,C1004902,162308.62,107021.2,C3004902,174201.51,229488.93,0,0
17,CASH_OUT,88784.76,C1004903,91386.95,2602.19,C3004903,19210.53,107995.29,0,0
23,PAYMENT,17498.01,C1004904,447933.47,430435.46,M2004904,651995.14,669493.15,0,0
24,CASH_OUT,57403.18,C1004905,372244.19,314841.01,C3004905,53498.21,110901.39,0,0
18,DEBIT,156319.9,C1004906,52821.42,52821.42,C3004906,979940.24,1136260.14,0,0
8,DEBIT,30402.42,C1004907,490883.68,460481.26,C3004907,609620.28,640022.7,0,0
9,DEBIT,129467.2,C1004908,365480.85,236013.65,C3004908,470396.35,599863.55,0,0
6,CASH_IN,183493.43,C1004909,425261.05,241767.62,C3004909,429992.54,613485.97,0,0
5,CASH_OUT,135999.37,C1004910,24075.39,24075.39,C3004910,573070.66,709070.03,0,0
12,PAYMENT,162223.24,C1004911,252480.46,90257.22,M2004911,90624.44,252847.68,0,0
25,PAYMENT,21883.43,C1004912,349299.14,327415.71,M2004912,930019.06,951902.49,0,0
29,CASH_IN,50221.29,C1004913,271473.29,221252.0,C3004913,625642.07,675863.36,0,0
28,PAYMENT,178918.32,C1004914,333323.73,154405.41,M2004914,183978.5,362896.82,0,0
11,DEBIT,143049.61,C1004915,408937.03,265887.42,C3004915,562581.05,705630.66,0,0
25,CASH_OUT,127946.81,C1004916,187168.53,59221.72,C3004916,133256.51,261203.32,0,0
1,PAYMENT,132786.97,C1004917,424334.34,291547.37,M2004917,17552.72,150339.69,0,0
11,PAYMENT,82898.69,C1004918,81458.05,81458.05,M2004918,630516.99,713415.68,0,0
19,TRANSFER,9006.87,C1004919,135443.03,126436.16,C3004919,648483.34,657490.21,0,0
9,TRANSFER,156909.86,C1004920,21672.81,21672.81,C3004920,583696.58,740606.44,1,0
27,TRANSFER,135774.78,C1004921,182213.41,46438.63,C3004921,183483.2,319257.98,0,0
2,CASH_OUT,94613.61,C1004922,189954.77,95341.16,C3004922,603429.86,698043.47,0,0
12,DEBIT,179961.95,C1004923,402635.3,222673.35,C3004923,56510.94,236472.89,0,0
4,DEBIT,67298.32,C1004924,326565.34,259267.02,C3004924,609238.36,676536.68,0,0
4,DEBIT,58934.92,C1004925,218361.28,159426.36,C3004925,554017.02,612951.94,0,0
18,CASH_OUT,174571.99,C1004926,326056.99,151485.0,C3004926,655254.83,829826.82,1,0
15,CASH_OUT,159417.83,C1004927,26391.68,26391.68,C3004927,895475.61,1054893.44,1,0
19,TRANSFER,103044.46,C1004928,90135.77,90135.77,C3004928,850358.11,953402.57,0,0
13,PAYMENT,26233.87,C1004929,313473.93,287240.06,M2004929,980654.19,1006888.06,0,0
19,CASH_IN,43092.79,C1004930,320683.41,277590.62,C3004930,976241.03,1019333.82,0,0
17,CASH_IN,131279.98,C1004931,387067.33,255787.35,C3004931,772319.69,903599.67,0,0
6,PAYMENT,77069.74,C1004932,201499.88,124430.14,M2004932,956419.62,1033489.36,0,0
16,TRANSFER,167310.99,C1004933,361277.05,193966.06,C3004933,867283.89,1034594.88,1,0
24,PAYMENT,189996.01,C1004934,341990.17,151994.16,M2004934,727582.45,917578.46,0,0
12,PAYMENT,161146.82,C1004935,481696.69,320549.87,M2004935,75384.25,236531.07,0,0
19,CASH_IN,75571.33,C1004936,107565.11,31993.78,C3004936,49049.89,124621.22,0,0
5,TRANSFER,157758.42,C1004937,275839.78,118081.36,C3004937,837599.57,995357.99,0,0
17,CASH_OUT,70353.19,C1004938,300882.22,230529.03,C3004938,489655.86,560009.05,0,0
26,CASH_IN,33503.31,C1004939,499323.94,465820.63,C3004939,814606.68,848109.99,0,0
23,CASH_OUT,6775.3,C1004940,100592.07,93816.77,C3004940,312918.27,319693.57,0,0
26,TRANSFER,77204.77,C1004941,261609.01,184404.24,C3004941,397649.86,474854.63,0,0
29,PAYMENT,180721.5,C1004942,173092.65,173092.65,M2004942,700186.72,880908.22,0,0
1,DEBIT,47873.42,C1004943,262946.48,215073.06,C3004943,915326.74,963200.16,0,0
28,DEBIT,41381.98,C1004944,116064.3,74682.32,C3004944,87761.47,129143.45,0,0
27,TRANSFER,193967.17,C1004945,23806.19,23806.19,C3004945,861478.14,1055445.31,1,1
25,DEBIT,5098.32,C1004946,286282.73,281184.41,C3004946,793012.72,798111.04,0,0
24,CASH_OUT,157177.85,C1004947,167927.16,10749.31,C3004947,315539.27,472717.12,1,0
23,DEBIT,64341.85,C1004948,90970.7,26628.85,C3004948,355216.61,419558.46,0,0
10,TRANSFER,7593.84,C1004949,161967.78,154373.94,C3004949,46461.48,54055.32,0,0
15,TRANSFER,183568.73,C1004950,24640.1,24640.1,C3004950,15740.61,199309.34,1,0
23,CASH_OUT,28014.5,C1004951,475221.12,447206.62,C3004951,477006.13,505020.63,0,0
21,DEBIT,110400.68,C1004952,290573.96,180173.28,C3004952,95539.65,205940.33,0,0
21,DEBIT,54883.44,C1004953,407384.34,352500.9,C3004953,194001.81,248885.25,0,0
11,PAYMENT,13132.04,C1004954,211559.1,198427.06,M2004954,846767.2,859899.24,0,0
13,CASH_IN,10079.5,C1004955,451657.33,441577.83,C3004955,571028.39,581107.89,0,0
5,TRANSFER,23199.78,C1004956,241659.11,218459.33,C3004956,633632.44,656832.22,0,0
1,PAYMENT,14366.27,C1004957,286972.66,272606.39,M2004957,187479.33,201845.6,0,0
24,TRANSFER,152135.57,C1004958,245896.99,93761.42,C3004958,828661.8,980797.37,0,0
12,PAYMENT,97164.68,C1004959,366639.15,269474.47,M2004959,867979.77,965144.45,0,0
11,CASH_IN,68644.13,C1004960,283328.04,214683.91,C3004960,523327.59,591971.72,0,0
17,PAYMENT,83731.95,C1004961,135799.46,52067.51,M2004961,912557.77,996289.72,0,0
4,TRANSFER,185796.45,C1004962,72769.77,72769.77,C3004962,844828.62,1030625.07,1,0
15,DEBIT,182159.29,C1004963,303062.19,120902.9,C3004963,731324.18,913483.47,0,0
25,TRANSFER,143163.73,C1004964,244589.98,101426.25,C3004964,734075.92,877239.65,0,0
30,CASH_OUT,176948.01,C1004965,47987.85,47987.85,C3004965,105393.47,282341.48,1,0
9,CASH_OUT,63997.64,C1004966,197808.73,133811.09,C3004966,270836.04,334833.68,0,0
21,CASH_OUT,76283.75,C1004967,257388.21,181104.46,C3004967,66847.22,143130.97,0,0
20,CASH_OUT,122781.07,C1004968,413446.62,290665.55,C3004968,8681.21,131462.28,0,0
19,CASH_IN,124762.83,C1004969,38050.53,38050.53,C3004969,158309.53,283072.36,0,0
19,DEBIT,96391.8,C1004970,174247.67,77855.87,C3004970,880487.18,976878.98,0,0
12,DEBIT,80191.5,C1004971,411328.06,331136.56,C3004971,239874.06,320065.56,0,0
5,TRANSFER,197237.44,C1004972,324211.97,126974.53,C3004972,970153.96,1167391.4,0,1
10,PAYMENT,164242.61,C1004973,144979.16,144979.16,M2004973,597291.0,761533.61,0,0
17,TRANSFER,87052.54,C1004974,422667.56,335615.02,C3004974,237258.49,324311.03,0,0
5,TRANSFER,145485.77,C1004975,246646.79,101161.02,C3004975,497130.8,642616.57,0,0
22,TRANSFER,53985.38,C1004976,249175.95,195190.57,C3004976,219094.82,273080.2,0,0
16,TRANSFER,20123.85,C1004977,488293.67,468169.82,C3004977,983973.56,1004097.41,0,0
7,DEBIT,70550.96,C1004978,473558.25,403007.29,C3004978,847264.98,917815.94,0,0
28,PAYMENT,80654.26,C1004979,179266.34,98612.08,M2004979,26238.79,106893.05,0,0
9,TRANSFER,3405.77,C1004980,70289.56,66883.79,C3004980,947776.03,951181.8,0,0
3,DEBIT,162976.92,C1004981,162833.37,162833.37,C3004981,721065.11,884042.03,0,0
15,TRANSFER,71902.76,C1004982,15241.63,15241.63,C3004982,82381.25,154284.01,0,0
16,CASH_OUT,116125.59,C1004983,10383.94,10383.94,C3004983,670637.75,786763.34,0,0
18,TRANSFER,14885.24,C1004984,197761.07,182875.83,C3004984,646926.7,661811.94,0,0
14,TRANSFER,35081.87,C1004985,470509.91,435428.04,C3004985,218788.75,253870.62,0,0
3,CASH_IN,177949.78,C1004986,435678.67,257728.89,C3004986,758446.7,936396.48,0,0
12,CASH_OUT,121776.64,C1004987,255721.42,133944.78,C3004987,87064.7,208841.34,0,0
9,PAYMENT,190061.78,C1004988,282613.19,92551.41,M2004988,489445.18,679506.96,0,1
28,TRANSFER,199750.13,C1004989,2966.75,2966.75,C3004989,9923.21,209673.34,0,1
7,PAYMENT,74434.84,C1004990,107750.58,33315.74,M2004990,968737.49,1043172.33,0,0
9,CASH_OUT,59830.73,C1004991,12387.06,12387.06,C3004991,751563.63,811394.36,0,0
13,TRANSFER,171685.38,C1004992,377269.77,205584.39,C3004992,158852.08,330537.46,0,0
18,CASH_IN,199722.42,C1004993,72822.9,72822.9,C3004993,341674.04,541396.46,0,1
5,DEBIT,125965.28,C1004994,434523.55,308558.27,C3004994,160562.38,286527.66,0,0
13,CASH_IN,159048.63,C1004995,321662.16,162613.53,C3004995,766617.46,925666.09,0,0
4,CASH_IN,156371.0,C1004996,114709.34,114709.34,C3004996,58896.33,215267.33,0,0
2,DEBIT,71132.41,C1004997,78860.16,7727.75,C3004997,840406.66,911539.07,0,0
16,DEBIT,114896.65,C1004998,313812.35,198915.7,C3004998,942196.34,1057092.99,0,0
9,DEBIT,166628.08,C1004999,450418.49,283790.41,C3004999,676627.94,843256.02,0,0
